ID,Visit,PPA,Segmentation ID,Brand
92316,4,30,2,Indepentdent
96307,4,30,2,Indepentdent
105678,4,30,2,Indepentdent
106554,4,30,2,Indepentdent
106555,4,30,2,Indepentdent
109195,4,30,2,Indepentdent
109445,4,30,2,Indepentdent
110391,4,30,2,Indepentdent
111100,4,30,2,Indepentdent
111144,4,30,2,Indepentdent
112337,4,30,2,Indepentdent
112823,4,30,2,Indepentdent
118245,4,30,2,Indepentdent
118395,4,30,2,Indepentdent
118401,4,30,2,Indepentdent
118667,4,30,2,Indepentdent
120063,4,30,2,Indepentdent
120087,4,30,2,Indepentdent
120187,4,30,2,Indepentdent
121222,4,30,2,Indepentdent
121549,4,30,2,Indepentdent
121569,4,30,2,Indepentdent
121570,4,30,2,Indepentdent
121571,4,30,2,Indepentdent
122320,4,30,2,Indepentdent
122818,4,30,2,Indepentdent
122859,4,30,2,Indepentdent
123379,4,30,2,Indepentdent
123637,4,30,2,Indepentdent
123638,4,30,2,Indepentdent
123780,4,30,2,Indepentdent
123936,4,30,2,Indepentdent
123937,4,30,2,Indepentdent
124301,4,30,2,Indepentdent
124574,4,30,2,Indepentdent
124581,4,30,2,Indepentdent
125953,4,30,2,Indepentdent
127337,4,30,2,Indepentdent
131462,4,30,2,Indepentdent
132692,4,30,2,Indepentdent
132980,4,30,2,Indepentdent
133482,4,30,2,Indepentdent
134323,4,30,2,Indepentdent
134346,4,30,2,Indepentdent
134348,4,30,2,Indepentdent
134349,4,30,2,Indepentdent
134411,4,30,2,Indepentdent
134445,4,30,2,Indepentdent
134934,4,30,2,Indepentdent
134947,4,30,2,Indepentdent
134949,4,30,2,Indepentdent
134982,4,30,2,Indepentdent
135155,4,30,2,Indepentdent
135164,4,30,2,Indepentdent
135368,4,30,2,Indepentdent
136213,4,30,2,Indepentdent
136351,4,30,2,Indepentdent
138099,4,30,2,Indepentdent
138298,4,30,2,Indepentdent
138528,4,30,2,Indepentdent
138562,4,30,2,Indepentdent
138691,4,30,2,Indepentdent
139211,4,30,2,Indepentdent
139310,4,30,2,Indepentdent
139951,4,30,2,Indepentdent
139994,4,30,2,Indepentdent
140009,4,30,2,Indepentdent
140030,4,30,2,Indepentdent
140095,4,30,2,Indepentdent
140096,4,30,2,Indepentdent
140098,4,30,2,Indepentdent
140236,4,30,2,Indepentdent
140237,4,30,2,Indepentdent
140239,4,30,2,Indepentdent
140296,4,30,2,Indepentdent
140297,4,30,2,Indepentdent
140317,4,30,2,Indepentdent
140346,4,30,2,Indepentdent
140349,4,30,2,Indepentdent
140353,4,30,2,Indepentdent
140355,4,30,2,Indepentdent
140484,4,30,2,Indepentdent
140509,4,30,2,Indepentdent
140583,4,30,2,Indepentdent
140687,4,30,2,Indepentdent
140688,4,30,2,Indepentdent
140692,4,30,2,Indepentdent
140695,4,30,2,Indepentdent
140701,4,30,2,Indepentdent
92616,4,30,2,Chain
98281,4,30,2,Street
106656,4,30,2,Street
109256,4,30,2,Chain
110590,4,30,2,Chain
112525,4,30,2,Chain
112586,4,30,2,Chain
116047,4,30,2,Chain
118200,4,30,2,Chain
119468,4,30,2,Chain
120065,4,30,2,Chain
121531,4,30,2,Street
121617,4,30,2,Chain
121627,4,30,2,Chain
121630,4,30,2,Chain
121680,4,30,2,Street
122971,4,30,2,Street
123899,4,30,2,Street
124742,4,30,2,Chain
125745,4,30,2,Chain
126754,4,30,2,Street
134476,4,30,2,Chain
134565,4,30,2,Chain
134958,4,30,2,Chain
135173,4,30,2,Chain
135175,4,30,2,Chain
135377,4,30,2,Street
136069,4,30,2,Chain
136350,4,30,2,Street
138352,4,30,2,Chain
138506,4,30,2,Chain
140313,4,30,2,Chain
140326,4,30,2,Chain
140337,4,30,2,Street
140668,4,30,2,Street
140670,4,30,2,Chain
140698,4,30,2,Chain
140755,4,30,2,Street
95055,4,20,1,Chain
97485,4,20,1,Street
103001,4,20,1,Street
108892,4,20,1,Street
109810,4,20,1,Chain
110803,4,20,1,Street
112922,4,20,1,Street
117139,4,20,1,Chain
117500,4,20,1,Chain
119601,4,20,1,Street
121443,4,20,1,Street
124229,4,20,1,Chain
132798,4,20,1,Street
133131,4,20,1,Street
133756,4,20,1,Street
136069,4,20,1,Street
138613,4,20,1,Street
138715,4,20,1,Street
138756,4,20,1,Street
138880,4,20,1,Street
140280,4,20,1,Street
93979,4,20,1,Indepentdent
94201,4,20,1,Indepentdent
95729,4,20,1,Indepentdent
103541,4,20,1,Indepentdent
106832,4,20,1,Indepentdent
107048,4,20,1,Indepentdent
109136,4,20,1,Indepentdent
110051,4,20,1,Indepentdent
110388,4,20,1,Indepentdent
110394,4,20,1,Indepentdent
111088,4,20,1,Indepentdent
111106,4,20,1,Indepentdent
111450,4,20,1,Indepentdent
112099,4,20,1,Indepentdent
112196,4,20,1,Indepentdent
112201,4,20,1,Indepentdent
112346,4,20,1,Indepentdent
112347,4,20,1,Indepentdent
112538,4,20,1,Indepentdent
112566,4,20,1,Indepentdent
112567,4,20,1,Indepentdent
112588,4,20,1,Indepentdent
112589,4,20,1,Indepentdent
112819,4,20,1,Indepentdent
114430,4,20,1,Indepentdent
114472,4,20,1,Indepentdent
118280,4,20,1,Indepentdent
119488,4,20,1,Indepentdent
119615,4,20,1,Indepentdent
120122,4,20,1,Indepentdent
122076,4,20,1,Indepentdent
123776,4,20,1,Indepentdent
123778,4,20,1,Indepentdent
123862,4,20,1,Indepentdent
123954,4,20,1,Indepentdent
124580,4,20,1,Indepentdent
125025,4,20,1,Indepentdent
125495,4,20,1,Indepentdent
125684,4,20,1,Indepentdent
125693,4,20,1,Indepentdent
125699,4,20,1,Indepentdent
125741,4,20,1,Indepentdent
125742,4,20,1,Indepentdent
125860,4,20,1,Indepentdent
125957,4,20,1,Indepentdent
127808,4,20,1,Indepentdent
132281,4,20,1,Indepentdent
132903,4,20,1,Indepentdent
133483,4,20,1,Indepentdent
133484,4,20,1,Indepentdent
133887,4,20,1,Indepentdent
133921,4,20,1,Indepentdent
133932,4,20,1,Indepentdent
133941,4,20,1,Indepentdent
134364,4,20,1,Indepentdent
134371,4,20,1,Indepentdent
134375,4,20,1,Indepentdent
134449,4,20,1,Indepentdent
134834,4,20,1,Indepentdent
134915,4,20,1,Indepentdent
135047,4,20,1,Indepentdent
135185,4,20,1,Indepentdent
135281,4,20,1,Indepentdent
135381,4,20,1,Indepentdent
135544,4,20,1,Indepentdent
135608,4,20,1,Indepentdent
136346,4,20,1,Indepentdent
136595,4,20,1,Indepentdent
137621,4,20,1,Indepentdent
137948,4,20,1,Indepentdent
138299,4,20,1,Indepentdent
138304,4,20,1,Indepentdent
138604,4,20,1,Indepentdent
138606,4,20,1,Indepentdent
138607,4,20,1,Indepentdent
138611,4,20,1,Indepentdent
138614,4,20,1,Indepentdent
138617,4,20,1,Indepentdent
138713,4,20,1,Indepentdent
138855,4,20,1,Indepentdent
138983,4,20,1,Indepentdent
139046,4,20,1,Indepentdent
139071,4,20,1,Indepentdent
139208,4,20,1,Indepentdent
139966,4,20,1,Indepentdent
140312,4,20,1,Indepentdent
141294,4,20,1,Indepentdent
92075,4,25,2,Indepentdent
93186,4,25,2,Indepentdent
95834,4,25,2,Indepentdent
109196,4,25,2,Indepentdent
109211,4,25,2,Indepentdent
109216,4,25,2,Indepentdent
109994,4,25,2,Indepentdent
109995,4,25,2,Indepentdent
110656,4,25,2,Indepentdent
111404,4,25,2,Indepentdent
111452,4,25,2,Indepentdent
112294,4,25,2,Indepentdent
112436,4,25,2,Indepentdent
112524,4,25,2,Indepentdent
119166,4,25,2,Indepentdent
119275,4,25,2,Indepentdent
121443,4,25,2,Indepentdent
121636,4,25,2,Indepentdent
123378,4,25,2,Indepentdent
123381,4,25,2,Indepentdent
123568,4,25,2,Indepentdent
125692,4,25,2,Indepentdent
125747,4,25,2,Indepentdent
125834,4,25,2,Indepentdent
125945,4,25,2,Indepentdent
126909,4,25,2,Indepentdent
132905,4,25,2,Indepentdent
133245,4,25,2,Indepentdent
133732,4,25,2,Indepentdent
133771,4,25,2,Indepentdent
134185,4,25,2,Indepentdent
134347,4,25,2,Indepentdent
134492,4,25,2,Indepentdent
134647,4,25,2,Indepentdent
134742,4,25,2,Indepentdent
134942,4,25,2,Indepentdent
134951,4,25,2,Indepentdent
134977,4,25,2,Indepentdent
134980,4,25,2,Indepentdent
134999,4,25,2,Indepentdent
135016,4,25,2,Indepentdent
135454,4,25,2,Indepentdent
138111,4,25,2,Indepentdent
138113,4,25,2,Indepentdent
138404,4,25,2,Indepentdent
138605,4,25,2,Indepentdent
138608,4,25,2,Indepentdent
138609,4,25,2,Indepentdent
138610,4,25,2,Indepentdent
138615,4,25,2,Indepentdent
138616,4,25,2,Indepentdent
138618,4,25,2,Indepentdent
138619,4,25,2,Indepentdent
138642,4,25,2,Indepentdent
138676,4,25,2,Indepentdent
138689,4,25,2,Indepentdent
138690,4,25,2,Indepentdent
138692,4,25,2,Indepentdent
138769,4,25,2,Indepentdent
138770,4,25,2,Indepentdent
138773,4,25,2,Indepentdent
139949,4,25,2,Indepentdent
140099,4,25,2,Indepentdent
140344,4,25,2,Indepentdent
140347,4,25,2,Indepentdent
140348,4,25,2,Indepentdent
140351,4,25,2,Indepentdent
140352,4,25,2,Indepentdent
140354,4,25,2,Indepentdent
140356,4,25,2,Indepentdent
140357,4,25,2,Indepentdent
140358,4,25,2,Indepentdent
140407,4,25,2,Indepentdent
140485,4,25,2,Indepentdent
140511,4,25,2,Indepentdent
140690,4,25,2,Indepentdent
140691,4,25,2,Indepentdent
140696,4,25,2,Indepentdent
140705,4,25,2,Indepentdent
91323,4,25,2,Chain
97513,4,25,2,Street
108888,4,25,2,Street
119593,4,25,2,Street
121578,4,25,2,Street
123898,4,25,2,Street
124839,4,25,2,Street
134966,4,25,2,Chain
135094,4,25,2,Street
135174,4,25,2,Chain
138449,4,25,2,Street
138734,4,25,2,Chain
140139,4,25,2,Street
140333,4,25,2,Street
89967,4,50,2,Indepentdent
92182,4,50,2,Indepentdent
109210,4,50,2,Indepentdent
111441,4,50,2,Indepentdent
112024,4,50,2,Indepentdent
112296,4,50,2,Indepentdent
112441,4,50,2,Indepentdent
122248,4,50,2,Indepentdent
122706,4,50,2,Indepentdent
123895,4,50,2,Indepentdent
127298,4,50,2,Indepentdent
134925,4,50,2,Indepentdent
136436,4,50,2,Street
136438,4,50,2,Street
136439,4,50,2,Street
138098,4,50,2,Indepentdent
138106,4,50,2,Indepentdent
138652,4,50,2,Street
139029,4,50,2,Indepentdent
139230,4,50,2,Indepentdent
140142,4,50,2,Street
140336,4,50,2,Street
140338,4,50,2,Street
140396,4,50,2,Indepentdent
91490,4,50,2,Chain
92183,4,50,2,Chain
93388,4,50,2,Chain
94210,4,50,2,Chain
94227,4,50,2,Chain
97077,4,50,2,Chain
97234,4,50,2,Chain
102989,4,50,2,Chain
103026,4,50,2,Chain
106615,4,50,2,Chain
108898,4,50,2,Chain
108905,4,50,2,Chain
110157,4,50,2,Chain
111015,4,50,2,Chain
120066,4,50,2,Chain
121571,4,50,2,Chain
121624,4,50,2,Chain
121629,4,50,2,Chain
122591,4,50,2,Chain
123635,4,50,2,Chain
124053,4,50,2,Chain
124185,4,50,2,Chain
124557,4,50,2,Chain
125736,4,50,2,Chain
125795,4,50,2,Chain
133409,4,50,2,Chain
134379,4,50,2,Chain
134425,4,50,2,Chain
134950,4,50,2,Chain
134957,4,50,2,Chain
134975,4,50,2,Chain
135074,4,50,2,Chain
135364,4,50,2,Chain
136070,4,50,2,Chain
136073,4,50,2,Chain
137969,4,50,2,Chain
138189,4,50,2,Chain
138420,4,50,2,Chain
138449,4,50,2,Chain
138527,4,50,2,Chain
138708,4,50,2,Chain
138735,4,50,2,Chain
138804,4,50,2,Chain
138868,4,50,2,Chain
138918,4,50,2,Chain
138920,4,50,2,Chain
138996,4,50,2,Chain
139026,4,50,2,Chain
139160,4,50,2,Chain
139878,4,50,2,Chain
139881,4,50,2,Chain
139957,4,50,2,Chain
139958,4,50,2,Chain
139971,4,50,2,Chain
140019,4,50,2,Chain
140227,4,50,2,Chain
140328,4,50,2,Chain
140329,4,50,2,Chain
140361,4,50,2,Chain
140402,4,50,2,Chain
140426,4,50,2,Chain
140669,4,50,2,Chain
140684,4,50,2,Chain
140709,4,50,2,Chain
140736,4,50,2,Chain
141288,4,50,2,Chain
90418,4,15,1,Chain
90519,4,15,1,Chain
91490,4,15,1,Street
92813,4,15,1,Street
93207,4,15,1,Indepentdent
94211,4,15,1,Street
94214,4,15,1,Street
107513,4,15,1,Indepentdent
108226,4,15,1,Street
108719,4,15,1,Indepentdent
109172,4,15,1,Street
110158,4,15,1,Street
110430,4,15,1,Street
111011,4,15,1,Street
111880,4,15,1,Street
112342,4,15,1,Street
112561,4,15,1,Street
112562,4,15,1,Street
112564,4,15,1,Street
116071,4,15,1,Chain
117269,4,15,1,Indepentdent
119600,4,15,1,Street
120166,4,15,1,Street
120170,4,15,1,Street
121129,4,15,1,Indepentdent
121417,4,15,1,Indepentdent
121688,4,15,1,Street
122192,4,15,1,Street
122383,4,15,1,Street
122457,4,15,1,Street
123293,4,15,1,Street
123572,4,15,1,Indepentdent
124189,4,15,1,Street
124745,4,15,1,Street
125731,4,15,1,Street
125902,4,15,1,Street
126471,4,15,1,Indepentdent
126911,4,15,1,Chain
127380,4,15,1,Indepentdent
131015,4,15,1,Indepentdent
131112,4,15,1,Indepentdent
131593,4,15,1,Indepentdent
132283,4,15,1,Indepentdent
133246,4,15,1,Indepentdent
133778,4,15,1,Street
134000,4,15,1,Indepentdent
134109,4,15,1,Indepentdent
134110,4,15,1,Indepentdent
134139,4,15,1,Street
134490,4,15,1,Street
134496,4,15,1,Street
134498,4,15,1,Indepentdent
134622,4,15,1,Indepentdent
134625,4,15,1,Indepentdent
134628,4,15,1,Indepentdent
134646,4,15,1,Indepentdent
134723,4,15,1,Indepentdent
134864,4,15,1,Street
134916,4,15,1,Street
135172,4,15,1,Street
137752,4,15,1,Street
137847,4,15,1,Indepentdent
138301,4,15,1,Indepentdent
138306,4,15,1,Street
138548,4,15,1,Indepentdent
138970,4,15,1,Street
139018,4,15,1,Street
139045,4,15,1,Indepentdent
139097,4,15,1,Indepentdent
139144,4,15,1,Street
139620,4,15,1,Street
141143,4,15,1,Indepentdent
89100,4,100,4,Indepentdent
89613,4,24,1,Chain
89616,4,35,2,Chain
90419,4,80,3,Chain
91140,4,10,1,Street
91323,4,12,1,Street
91853,4,12,1,Street
92022,4,36,2,Chain
92071,4,12,1,Street
92078,4,100,4,Chain
92639,4,12,1,Street
92816,4,35,2,Chain
92839,4,55,2,Chain
93386,4,35,2,Chain
94133,4,100,4,Chain
94202,4,17,1,Indepentdent
94214,4,40,2,Chain
94216,4,12,1,Street
94868,4,45,2,Chain
95254,4,35,2,Chain
95771,4,10,1,Street
96567,4,12,1,Street
97103,4,35,2,Indepentdent
97143,4,18,1,Street
97195,4,16,1,Indepentdent
97195,4,10,1,Street
97223,4,12,1,Street
97224,4,8,1,Street
97230,4,12,1,Indepentdent
97503,4,45,2,Chain
97511,4,35,2,Indepentdent
97536,4,40,2,Indepentdent
98052,4,100,4,Chain
98117,4,7,1,Street
98282,4,40,2,Chain
100199,4,40,2,Chain
100268,4,55,2,Chain
100269,4,45,2,Chain
101913,4,7,1,Street
101923,4,7,1,Street
102964,4,40,2,Chain
102965,4,35,2,Indepentdent
102966,4,35,2,Chain
102971,4,7,1,Street
103388,4,6,1,Street
103631,4,8,1,Street
104707,4,10,1,Chain
106573,4,40,2,Chain
106657,4,100,4,Chain
106835,4,10,1,Street
107222,4,8,1,Street
107619,4,10,1,Street
107623,4,12,1,Street
107988,4,7,1,Street
108082,4,7,1,Street
108138,4,7,1,Street
108253,4,7,1,Street
108670,4,60,3,Chain
108899,4,12,1,Street
109134,4,40,2,Indepentdent
109162,4,70,3,Chain
109165,4,70,3,Chain
109169,4,80,3,Chain
109201,4,45,2,Chain
109202,4,40,2,Chain
109203,4,35,2,Indepentdent
109212,4,35,2,Indepentdent
109218,4,45,2,Chain
109225,4,85,3,Chain
109732,4,18,1,Chain
109780,4,80,3,Chain
110414,4,40,2,Indepentdent
110418,4,60,3,Chain
110587,4,12,1,Street
110591,4,40,2,Chain
111016,4,45,2,Chain
111430,4,35,2,Chain
111443,4,10,1,Street
111487,4,40,2,Chain
111498,4,10,1,Street
111605,4,49,2,Chain
111761,4,40,2,Chain
111881,4,60,3,Indepentdent
112010,4,12,1,Indepentdent
112027,4,40,2,Indepentdent
112174,4,36,2,Chain
112226,4,55,2,Chain
112530,4,100,4,Indepentdent
112542,4,10,1,Street
112815,4,17,1,Indepentdent
113050,4,60,3,Chain
113186,4,59,2,Chain
113431,4,12,1,Street
115904,4,55,2,Chain
116041,4,7,1,Street
116952,4,13,1,Chain
117063,4,10,1,Indepentdent
117070,4,7,1,Street
117427,4,10,1,Indepentdent
117712,4,32,2,Indepentdent
117897,4,10,1,Indepentdent
117918,4,10,1,Indepentdent
118024,4,40,2,Chain
118027,4,40,2,Chain
118028,4,45,2,Chain
118215,4,40,2,Chain
118267,4,70,3,Chain
118269,4,12,1,Street
118394,4,40,2,Indepentdent
118400,4,40,2,Indepentdent
118842,4,10,1,Street
119427,4,10,1,Indepentdent
119540,4,10,1,Street
119595,4,28,2,Chain
119637,4,19,1,Indepentdent
119690,4,29,2,Indepentdent
119692,4,10,1,Indepentdent
119803,4,35,2,Chain
120011,4,40,2,Chain
120089,4,40,2,Chain
120125,4,40,2,Indepentdent
120132,4,45,2,Chain
120136,4,7,1,Street
120168,4,12,1,Street
120169,4,12,1,Street
120186,4,40,2,Chain
120602,4,8,1,Indepentdent
120602,4,6,1,Street
120604,4,10,1,Street
120626,4,10,1,Street
120946,4,40,2,Indepentdent
121216,4,55,2,Chain
121228,4,55,2,Chain
121310,4,12,1,Street
121414,4,35,2,Indepentdent
121545,4,35,2,Chain
121546,4,40,2,Chain
121592,4,35,2,Chain
121593,4,35,2,Chain
121595,4,35,2,Indepentdent
121615,4,35,2,Indepentdent
121620,4,35,2,Chain
121690,4,40,2,Chain
121696,4,45,2,Chain
122084,4,70,3,Chain
122231,4,40,2,Chain
122704,4,10,1,Street
122705,4,12,1,Street
122817,4,35,2,Indepentdent
122825,4,35,2,Indepentdent
122826,4,60,3,Chain
122872,4,70,3,Chain
122935,4,35,2,Indepentdent
123258,4,40,2,Chain
123554,4,45,2,Chain
123574,4,8,1,Indepentdent
123859,4,8,1,Street
123897,4,35,2,Street
123913,4,35,2,Indepentdent
123938,4,35,2,Indepentdent
123939,4,40,2,Indepentdent
123940,4,45,2,Chain
123942,4,10,1,Street
123946,4,10,1,Street
123953,4,40,2,Chain
124188,4,10,1,Street
124201,4,8,1,Street
124231,4,12,1,Indepentdent
124421,4,12,1,Street
124743,4,12,1,Street
125209,4,8,1,Street
125409,4,10,1,Indepentdent
125497,4,45,2,Chain
125721,4,35,2,Indepentdent
125861,4,40,2,Chain
125891,4,75,3,Chain
125901,4,40,2,Chain
126112,4,70,3,Chain
126114,4,12,1,Street
126115,4,12,1,Street
126470,4,40,2,Chain
126586,4,8,1,Street
126587,4,10,1,Indepentdent
126588,4,10,1,Indepentdent
126589,4,45,2,Chain
127014,4,10,1,Indepentdent
127368,4,12,1,Indepentdent
130957,4,32,2,Chain
130959,4,43,2,Chain
131163,4,10,1,Street
132162,4,10,1,Street
132904,4,40,2,Chain
132958,4,12,1,Street
133099,4,10,1,Street
133393,4,35,2,Chain
133397,4,12,1,Chain
133453,4,12,1,Indepentdent
133571,4,10,1,Indepentdent
133572,4,8,1,Street
133641,4,49,2,Chain
133895,4,6,1,Street
133943,4,12,1,Indepentdent
133947,4,40,2,Chain
133997,4,10,1,Indepentdent
134242,4,35,2,Chain
134273,4,8,1,Street
134342,4,35,2,Indepentdent
134418,4,12,1,Street
134444,4,40,2,Chain
134473,4,12,1,Street
134486,4,35,2,Chain
134495,4,12,1,Street
134541,4,100,4,Indepentdent
134542,4,10,1,Street
134567,4,45,2,Chain
134578,4,40,2,Chain
134582,4,45,2,Chain
134619,4,8,1,Street
134623,4,12,1,Street
134673,4,40,2,Chain
134715,4,32,2,Indepentdent
134730,4,10,1,Chain
134736,4,12,1,Indepentdent
134739,4,10,1,Street
134771,4,10,1,Street
134802,4,10,1,Street
134808,4,10,1,Street
134836,4,12,1,Indepentdent
134837,4,10,1,Indepentdent
134859,4,10,1,Street
134888,4,8,1,Street
134889,4,10,1,Indepentdent
134899,4,69,3,Chain
134907,4,35,2,Chain
134940,4,29,2,Chain
134956,4,40,2,Indepentdent
134983,4,35,2,Indepentdent
134988,4,40,2,Chain
135013,4,100,4,Chain
135017,4,45,2,Chain
135035,4,80,3,Chain
135067,4,80,3,Chain
135068,4,40,2,Indepentdent
135075,4,60,3,Chain
135089,4,8,1,Indepentdent
135176,4,45,2,Chain
135234,4,10,1,Indepentdent
135242,4,9,1,Street
135297,4,12,1,Indepentdent
135353,4,8,1,Street
135357,4,45,2,Chain
135364,4,40,2,Street
135374,4,40,2,Indepentdent
135448,4,8,1,Street
135449,4,11,1,Indepentdent
135461,4,8,1,Street
135470,4,7,1,Street
135487,4,8,1,Street
135501,4,11,1,Street
135503,4,12,1,Indepentdent
135505,4,12,1,Indepentdent
135523,4,7,1,Indepentdent
135560,4,10,1,Street
135567,4,8,1,Street
135593,4,10,1,Street
135594,4,8,1,Street
135869,4,10,1,Indepentdent
135901,4,10,1,Indepentdent
135905,4,45,2,Chain
136057,4,12,1,Indepentdent
136128,4,12,1,Chain
136135,4,12,1,Indepentdent
137856,4,12,1,Indepentdent
137863,4,12,1,Indepentdent
137867,4,22,1,Street
137869,4,18,1,Street
137945,4,12,1,Street
137954,4,10,1,Street
137957,4,10,1,Street
137981,4,9,1,Street
138100,4,70,3,Chain
138103,4,40,2,Chain
138107,4,40,2,Indepentdent
138118,4,35,2,Chain
138162,4,8,1,Indepentdent
138182,4,12,1,Street
138187,4,39,2,Chain
138213,4,80,3,Indepentdent
138290,4,70,3,Chain
138294,4,45,2,Chain
138296,4,10,1,Street
138300,4,45,2,Chain
138302,4,10,1,Street
138310,4,12,1,Street
138345,4,10,1,Street
138355,4,60,3,Chain
138355,4,60,3,Indepentdent
138382,4,12,1,Street
138408,4,12,1,Street
138411,4,10,1,Street
138418,4,40,2,Street
138458,4,12,1,Indepentdent
138485,4,70,3,Chain
138530,4,35,2,Indepentdent
138540,4,40,2,Indepentdent
138541,4,8,1,Street
138547,4,8,1,Street
138581,4,60,3,Chain
138582,4,60,3,Chain
138588,4,35,2,Indepentdent
138589,4,60,3,Chain
138599,4,14,1,Street
138600,4,59,2,Chain
138625,4,40,2,Street
138631,4,100,4,Chain
138636,4,70,3,Indepentdent
138639,4,40,2,Street
138654,4,10,1,Street
138655,4,10,1,Street
138677,4,35,2,Chain
138693,4,35,2,Chain
138707,4,60,3,Chain
138727,4,40,2,Indepentdent
138748,4,60,3,Chain
138752,4,35,2,Indepentdent
138763,4,17,1,Indepentdent
138849,4,40,2,Indepentdent
138864,4,12,1,Street
138865,4,40,2,Street
138919,4,60,3,Chain
138921,4,35,2,Indepentdent
138944,4,10,1,Street
139000,4,10,1,Street
139001,4,10,1,Street
139011,4,60,3,Chain
139020,4,35,2,Indepentdent
139024,4,45,2,Chain
139034,4,12,1,Street
139062,4,60,3,Chain
139083,4,8,1,Street
139088,4,10,1,Indepentdent
139089,4,40,2,Chain
139176,4,10,1,Indepentdent
139179,4,10,1,Street
139227,4,49,2,Chain
139228,4,39,2,Chain
139229,4,49,2,Chain
139312,4,10,1,Indepentdent
139880,4,80,3,Chain
139956,4,65,3,Chain
140007,4,40,2,Chain
140029,4,35,2,Indepentdent
140035,4,60,3,Chain
140060,4,40,2,Chain
140063,4,40,2,Chain
140136,4,70,3,Chain
140137,4,100,4,Chain
140147,4,35,2,Chain
140221,4,40,2,Chain
140254,4,40,2,Street
140393,4,60,3,Chain
140401,4,40,2,Indepentdent
140483,4,35,2,Chain
140510,4,35,2,Chain
140603,4,60,3,Indepentdent
140699,4,35,2,Chain
140700,4,35,2,Chain
140714,4,40,2,Chain
140715,4,60,3,Chain
140733,4,60,3,Chain
140772,4,28,2,Indepentdent
141143,4,49,2,Chain
141285,4,45,2,Chain
89100,2,60,3,Chain
91770,2,10,1,Street
92076,2,10,1,Street
92810,2,22,1,Indepentdent
92815,2,56,2,Chain
92821,2,22,1,Street
93066,2,18,1,Street
93166,2,22,1,Indepentdent
93390,2,12,1,Street
94204,2,8,1,Street
94205,2,8,1,Street
95772,2,10,1,Indepentdent
95834,2,60,3,Chain
95834,2,12,1,Street
95909,2,65,3,Chain
95912,2,12,1,Street
96568,2,14,1,Street
97091,2,60,3,Chain
97195,2,60,3,Chain
97202,2,18,1,Indepentdent
97213,2,10,1,Indepentdent
97473,2,60,3,Chain
97488,2,45,2,Indepentdent
97497,2,100,4,Chain
97501,2,35,2,Indepentdent
98053,2,70,3,Chain
98081,2,10,1,Chain
98121,2,16,1,Indepentdent
98122,2,7,1,Street
98509,2,10,1,Indepentdent
100869,2,60,3,Indepentdent
101810,2,10,1,Indepentdent
101922,2,10,1,Street
101930,2,10,1,Street
102139,2,35,2,Chain
102931,2,45,2,Indepentdent
102946,2,70,3,Indepentdent
102970,2,7,1,Street
102987,2,60,3,Chain
102994,2,35,2,Indepentdent
103029,2,60,3,Chain
103048,2,10,1,Indepentdent
103114,2,70,3,Chain
103280,2,10,1,Chain
103847,2,18,1,Indepentdent
104301,2,10,1,Street
104349,2,10,1,Street
104629,2,60,3,Chain
106576,2,35,2,Indepentdent
106584,2,55,2,Chain
106716,2,60,3,Chain
106718,2,80,3,Chain
106725,2,70,3,Chain
106726,2,80,3,Chain
107045,2,12,1,Street
107394,2,10,1,Indepentdent
107398,2,7,1,Street
107577,2,35,2,Chain
107636,2,9,1,Street
108015,2,100,4,Chain
108145,2,7,1,Street
108146,2,7,1,Street
108154,2,18,1,Street
108599,2,35,2,Indepentdent
108669,2,35,2,Indepentdent
108980,2,35,2,Indepentdent
108981,2,10,1,Street
109207,2,14,1,Street
109224,2,60,3,Chain
110386,2,100,4,Chain
110389,2,35,2,Chain
110408,2,35,2,Indepentdent
110592,2,65,3,Chain
111012,2,12,1,Street
111428,2,35,2,Chain
111463,2,39,2,Chain
111760,2,12,1,Street
111876,2,12,1,Street
112028,2,60,3,Chain
112180,2,22,1,Street
112466,2,10,1,Street
112522,2,65,3,Chain
112592,2,60,3,Chain
112817,2,28,2,Indepentdent
113187,2,29,2,Chain
114267,2,7,1,Street
114328,2,13,1,Indepentdent
115349,2,10,1,Indepentdent
115349,2,7,1,Street
115984,2,7,1,Street
116007,2,10,1,Indepentdent
116012,2,100,4,Chain
116015,2,10,1,Indepentdent
116015,2,9,1,Street
116016,2,10,1,Indepentdent
116024,2,8,1,Street
116038,2,7,1,Street
116048,2,10,1,Indepentdent
116052,2,12,1,Street
116107,2,7,1,Street
116644,2,18,1,Chain
117037,2,7,1,Street
117713,2,70,3,Chain
117798,2,23,1,Street
117799,2,35,2,Chain
118026,2,35,2,Indepentdent
118265,2,35,2,Indepentdent
118296,2,12,1,Street
118402,2,45,2,Indepentdent
119287,2,16,1,Indepentdent
119369,2,48,2,Chain
119547,2,100,4,Chain
119597,2,22,1,Street
119691,2,7,1,Street
120091,2,35,2,Chain
121046,2,80,3,Chain
121143,2,55,2,Chain
121230,2,35,2,Chain
121481,2,35,2,Chain
121543,2,60,3,Chain
121564,2,45,2,Chain
121579,2,35,2,Chain
121610,2,35,2,Indepentdent
121632,2,35,2,Indepentdent
121678,2,35,2,Street
121749,2,60,3,Chain
122079,2,60,3,Chain
122103,2,80,3,Chain
122191,2,14,1,Street
122252,2,10,1,Chain
122712,2,55,2,Chain
122871,2,70,3,Chain
122874,2,80,3,Chain
122921,2,70,3,Chain
122922,2,80,3,Chain
122948,2,70,3,Chain
123194,2,12,1,Street
123206,2,35,2,Indepentdent
123380,2,35,2,Chain
123415,2,70,3,Chain
123542,2,10,1,Street
123864,2,39,2,Chain
123867,2,8,1,Street
123880,2,35,2,Chain
123910,2,35,2,Chain
123914,2,45,2,Chain
124754,2,65,3,Chain
124837,2,10,1,Street
125720,2,60,3,Chain
125726,2,8,1,Street
125727,2,35,2,Chain
126116,2,28,2,Street
126466,2,49,2,Chain
126468,2,12,1,Indepentdent
126975,2,12,1,Indepentdent
126976,2,18,1,Indepentdent
127251,2,39,2,Chain
127365,2,60,3,Chain
127377,2,8,1,Street
127414,2,12,1,Street
131088,2,45,2,Chain
131115,2,49,2,Chain
131163,2,35,2,Indepentdent
131522,2,35,2,Indepentdent
131558,2,8,1,Street
131560,2,35,2,Indepentdent
132630,2,23,1,Street
132899,2,39,2,Chain
132941,2,7,1,Street
132951,2,45,2,Chain
133130,2,35,2,Chain
133396,2,10,1,Street
133619,2,12,1,Indepentdent
133638,2,8,1,Street
133681,2,35,2,Street
133789,2,35,2,Indepentdent
133930,2,35,2,Chain
133962,2,12,1,Street
134323,2,59,2,Chain
134325,2,59,2,Chain
134334,2,59,2,Chain
134367,2,39,2,Chain
134372,2,60,3,Chain
134458,2,100,4,Indepentdent
134470,2,12,1,Indepentdent
134581,2,45,2,Indepentdent
134735,2,12,1,Indepentdent
134738,2,12,1,Indepentdent
134774,2,12,1,Indepentdent
134918,2,95,3,Chain
134919,2,49,2,Chain
134945,2,45,2,Chain
134955,2,35,2,Indepentdent
134963,2,35,2,Indepentdent
134964,2,35,2,Indepentdent
134971,2,35,2,Indepentdent
134985,2,35,2,Indepentdent
134991,2,10,1,Indepentdent
135053,2,100,4,Chain
135148,2,70,3,Indepentdent
135153,2,55,2,Chain
135182,2,10,1,Street
135213,2,8,1,Street
135302,2,12,1,Street
135348,2,8,1,Street
135367,2,45,2,Indepentdent
135488,2,12,1,Street
135507,2,45,2,Chain
135644,2,12,1,Indepentdent
135771,2,59,2,Chain
135873,2,12,1,Street
135894,2,35,2,Chain
135894,2,8,1,Street
135901,2,6,1,Street
135904,2,45,2,Chain
136007,2,100,4,Chain
136267,2,10,1,Indepentdent
136269,2,35,2,Indepentdent
136291,2,10,1,Street
136313,2,35,2,Indepentdent
136318,2,45,2,Street
136381,2,80,3,Chain
136387,2,39,2,Chain
136396,2,35,2,Street
136430,2,35,2,Street
136433,2,80,3,Chain
137862,2,22,1,Chain
137961,2,49,2,Chain
138161,2,8,1,Street
138257,2,10,1,Street
138286,2,12,1,Street
138291,2,100,4,Indepentdent
138317,2,10,1,Street
138334,2,60,3,Chain
138335,2,60,3,Chain
138353,2,45,2,Chain
138384,2,12,1,Street
138387,2,35,2,Indepentdent
138411,2,39,2,Chain
138416,2,60,3,Chain
138421,2,45,2,Street
138479,2,35,2,Chain
138512,2,45,2,Chain
138516,2,35,2,Indepentdent
138526,2,35,2,Indepentdent
138542,2,55,2,Chain
138553,2,12,1,Indepentdent
138571,2,35,2,Street
138584,2,35,2,Indepentdent
138596,2,14,1,Street
138624,2,60,3,Chain
138638,2,60,3,Chain
138716,2,35,2,Indepentdent
138761,2,10,1,Street
138830,2,45,2,Chain
138940,2,48,2,Indepentdent
138979,2,45,2,Chain
138984,2,12,1,Street
138991,2,80,3,Chain
138999,2,12,1,Street
139005,2,18,1,Indepentdent
139005,2,12,1,Street
139008,2,10,1,Street
139012,2,12,1,Street
139041,2,12,1,Street
139052,2,10,1,Street
139080,2,49,2,Chain
139081,2,29,2,Chain
139083,2,29,2,Chain
139100,2,9,1,Street
139145,2,18,1,Chain
139171,2,10,1,Street
139178,2,10,1,Street
139232,2,39,2,Chain
139241,2,10,1,Indepentdent
139300,2,35,2,Chain
139301,2,39,2,Chain
140031,2,35,2,Indepentdent
140292,2,60,3,Chain
140341,2,60,3,Chain
140395,2,60,3,Chain
140398,2,45,2,Indepentdent
140409,2,100,4,Chain
140584,2,60,3,Chain
140681,2,35,2,Indepentdent
140745,2,35,2,Indepentdent
140845,2,49,2,Chain
141301,2,60,3,Chain
141401,2,12,1,Street
142479,2,35,2,Indepentdent
90423,2,15,1,Street
91139,2,15,1,Street
92200,2,15,1,Street
92812,2,15,1,Street
92972,2,15,1,Indepentdent
94986,2,15,1,Street
96599,2,15,1,Street
96600,2,15,1,Street
97144,2,15,1,Street
106766,2,15,1,Street
107621,2,15,1,Street
109221,2,15,1,Street
110592,2,15,1,Street
111457,2,15,1,Indepentdent
111462,2,15,1,Street
112519,2,15,1,Street
113219,2,15,1,Indepentdent
113292,2,15,1,Indepentdent
116108,2,15,1,Indepentdent
117059,2,15,1,Chain
117218,2,15,1,Chain
118266,2,15,1,Street
119287,2,15,1,Street
119616,2,15,1,Street
119617,2,15,1,Street
120073,2,15,1,Street
121229,2,15,1,Street
121230,2,15,1,Street
122242,2,15,1,Street
123098,2,15,1,Street
123777,2,15,1,Indepentdent
123779,2,15,1,Indepentdent
123860,2,15,1,Indepentdent
123863,2,15,1,Indepentdent
124420,2,15,1,Street
124557,2,15,1,Indepentdent
124741,2,15,1,Street
125123,2,15,1,Street
125211,2,15,1,Street
125722,2,15,1,Street
125744,2,15,1,Indepentdent
125746,2,15,1,Street
132768,2,15,1,Street
132942,2,15,1,Indepentdent
132953,2,15,1,Street
132977,2,15,1,Street
133411,2,15,1,Street
133639,2,15,1,Indepentdent
133640,2,15,1,Indepentdent
134732,2,15,1,Street
134733,2,15,1,Indepentdent
134972,2,15,1,Street
135129,2,15,1,Street
135233,2,15,1,Indepentdent
135352,2,15,1,Indepentdent
138295,2,15,1,Street
138386,2,15,1,Chain
138387,2,15,1,Chain
138488,2,15,1,Indepentdent
138716,2,15,1,Street
138762,2,15,1,Chain
138975,2,15,1,Indepentdent
138987,2,15,1,Street
139017,2,15,1,Street
139072,2,15,1,Street
140238,2,15,1,Street
141679,2,15,1,Street
92640,2,40,2,Chain
93191,2,40,2,Chain
94226,2,40,2,Chain
96308,2,40,2,Indepentdent
97484,2,40,2,Chain
97493,2,40,2,Chain
97493,2,40,2,Indepentdent
102988,2,40,2,Indepentdent
105106,2,40,2,Indepentdent
106572,2,40,2,Indepentdent
106771,2,40,2,Chain
107206,2,40,2,Indepentdent
107206,2,40,2,Street
108153,2,40,2,Indepentdent
109166,2,40,2,Indepentdent
109228,2,40,2,Indepentdent
109951,2,40,2,Chain
110052,2,40,2,Chain
110401,2,40,2,Indepentdent
111331,2,40,2,Indepentdent
115413,2,40,2,Chain
118023,2,40,2,Chain
118397,2,40,2,Indepentdent
120080,2,40,2,Chain
121218,2,40,2,Chain
121485,2,40,2,Indepentdent
121544,2,40,2,Chain
121612,2,40,2,Chain
122051,2,40,2,Indepentdent
122104,2,40,2,Indepentdent
122187,2,40,2,Chain
122711,2,40,2,Chain
123375,2,40,2,Chain
123902,2,40,2,Street
125485,2,40,2,Chain
125596,2,40,2,Chain
125891,2,40,2,Indepentdent
126826,2,40,2,Street
131088,2,40,2,Indepentdent
132626,2,40,2,Chain
132954,2,40,2,Indepentdent
134351,2,40,2,Chain
134867,2,40,2,Chain
134911,2,40,2,Chain
134996,2,40,2,Indepentdent
135131,2,40,2,Chain
135366,2,40,2,Indepentdent
135372,2,40,2,Indepentdent
136162,2,40,2,Street
136267,2,40,2,Chain
136415,2,40,2,Street
138295,2,40,2,Chain
138514,2,40,2,Chain
138585,2,40,2,Indepentdent
138626,2,40,2,Indepentdent
138663,2,40,2,Chain
138825,2,40,2,Chain
138917,2,40,2,Indepentdent
140129,2,40,2,Chain
140233,2,40,2,Indepentdent
140248,2,40,2,Indepentdent
140314,2,40,2,Chain
140389,2,40,2,Indepentdent
140390,2,40,2,Indepentdent
140563,2,40,2,Indepentdent
140677,2,40,2,Indepentdent
141269,2,40,2,Street
93328,2,50,2,Chain
94988,2,50,2,Chain
97090,2,50,2,Chain
97099,2,50,2,Chain
97153,2,50,2,Chain
97506,2,50,2,Chain
101925,2,50,2,Chain
104727,2,50,2,Chain
105104,2,50,2,Indepentdent
109132,2,50,2,Chain
109229,2,50,2,Chain
109258,2,50,2,Chain
110396,2,50,2,Chain
110510,2,50,2,Chain
111451,2,50,2,Chain
111682,2,50,2,Chain
112343,2,50,2,Chain
117480,2,50,2,Chain
117647,2,50,2,Chain
118273,2,50,2,Chain
118299,2,50,2,Chain
120010,2,50,2,Chain
120136,2,50,2,Chain
121227,2,50,2,Chain
121305,2,50,2,Indepentdent
121484,2,50,2,Chain
121572,2,50,2,Chain
121614,2,50,2,Chain
121679,2,50,2,Indepentdent
121689,2,50,2,Chain
122946,2,50,2,Chain
123098,2,50,2,Chain
123376,2,50,2,Chain
125280,2,50,2,Chain
125683,2,50,2,Chain
127596,2,50,2,Chain
131089,2,50,2,Chain
132948,2,50,2,Chain
132979,2,50,2,Indepentdent
133520,2,50,2,Chain
134519,2,50,2,Street
134870,2,50,2,Chain
134910,2,50,2,Chain
134921,2,50,2,Chain
134931,2,50,2,Chain
134938,2,50,2,Chain
134941,2,50,2,Chain
134965,2,50,2,Chain
134972,2,50,2,Chain
136400,2,50,2,Street
136432,2,50,2,Street
136435,2,50,2,Street
137950,2,50,2,Chain
138640,2,50,2,Chain
138664,2,50,2,Chain
138750,2,50,2,Chain
138751,2,50,2,Chain
138754,2,50,2,Chain
138757,2,50,2,Chain
138842,2,50,2,Indepentdent
138940,2,50,2,Chain
138968,2,50,2,Chain
139995,2,50,2,Chain
140008,2,50,2,Chain
140267,2,50,2,Indepentdent
140306,2,50,2,Chain
140335,2,50,2,Chain
140707,2,50,2,Chain
92564,2,20,1,Street
94804,2,20,1,Indepentdent
96599,2,20,1,Indepentdent
98102,2,20,1,Chain
98113,2,20,1,Street
98283,2,20,1,Street
108724,2,20,1,Indepentdent
108889,2,20,1,Street
109219,2,20,1,Indepentdent
109257,2,20,1,Indepentdent
109261,2,20,1,Indepentdent
109819,2,20,1,Indepentdent
110410,2,20,1,Indepentdent
110416,2,20,1,Indepentdent
111332,2,20,1,Street
111429,2,20,1,Indepentdent
111459,2,20,1,Indepentdent
112030,2,20,1,Chain
112210,2,20,1,Indepentdent
112513,2,20,1,Indepentdent
112523,2,20,1,Indepentdent
112526,2,20,1,Street
112582,2,20,1,Indepentdent
112822,2,20,1,Indepentdent
115962,2,20,1,Chain
116052,2,20,1,Indepentdent
118281,2,20,1,Indepentdent
119489,2,20,1,Indepentdent
120012,2,20,1,Indepentdent
120136,2,20,1,Indepentdent
121224,2,20,1,Indepentdent
121553,2,20,1,Indepentdent
121616,2,20,1,Indepentdent
122079,2,20,1,Street
122248,2,20,1,Street
123575,2,20,1,Street
123775,2,20,1,Indepentdent
123883,2,20,1,Indepentdent
124556,2,20,1,Indepentdent
124577,2,20,1,Indepentdent
125746,2,20,1,Indepentdent
126278,2,20,1,Indepentdent
130167,2,20,1,Street
131115,2,20,1,Indepentdent
131633,2,20,1,Indepentdent
131636,2,20,1,Indepentdent
132401,2,20,1,Chain
132974,2,20,1,Indepentdent
132983,2,20,1,Indepentdent
132984,2,20,1,Indepentdent
133410,2,20,1,Street
133485,2,20,1,Indepentdent
133758,2,20,1,Street
133759,2,20,1,Street
134334,2,20,1,Indepentdent
134570,2,20,1,Indepentdent
134718,2,20,1,Indepentdent
134917,2,20,1,Indepentdent
134998,2,20,1,Indepentdent
135045,2,20,1,Indepentdent
135187,2,20,1,Indepentdent
135355,2,20,1,Indepentdent
135382,2,20,1,Indepentdent
135383,2,20,1,Indepentdent
135722,2,20,1,Indepentdent
136391,2,20,1,Indepentdent
136413,2,20,1,Indepentdent
136425,2,20,1,Street
137851,2,20,1,Indepentdent
137857,2,20,1,Chain
138186,2,20,1,Chain
138287,2,20,1,Indepentdent
138450,2,20,1,Indepentdent
138471,2,20,1,Indepentdent
138668,2,20,1,Street
138750,2,20,1,Street
140129,2,20,1,Street
140747,2,20,1,Street
89618,2,25,2,Street
97079,2,25,2,Street
106585,2,25,2,Street
108596,2,25,2,Street
119598,2,25,2,Street
121483,2,25,2,Street
121622,2,25,2,Street
121676,2,25,2,Street
130960,2,25,2,Street
133132,2,25,2,Street
133917,2,25,2,Chain
134485,2,25,2,Street
134573,2,25,2,Chain
135086,2,25,2,Street
135088,2,25,2,Street
136426,2,25,2,Street
136433,2,25,2,Street
140101,2,25,2,Street
140686,2,25,2,Street
141679,2,25,2,Chain
92072,2,25,2,Indepentdent
92815,2,25,2,Indepentdent
94986,2,25,2,Indepentdent
97112,2,25,2,Indepentdent
102997,2,25,2,Indepentdent
106497,2,25,2,Indepentdent
110420,2,25,2,Indepentdent
111432,2,25,2,Indepentdent
112514,2,25,2,Indepentdent
112583,2,25,2,Indepentdent
113049,2,25,2,Indepentdent
118240,2,25,2,Indepentdent
118244,2,25,2,Indepentdent
118246,2,25,2,Indepentdent
120004,2,25,2,Indepentdent
120067,2,25,2,Indepentdent
120069,2,25,2,Indepentdent
121219,2,25,2,Indepentdent
121604,2,25,2,Indepentdent
121639,2,25,2,Indepentdent
121642,2,25,2,Indepentdent
121643,2,25,2,Indepentdent
122190,2,25,2,Indepentdent
123912,2,25,2,Indepentdent
124198,2,25,2,Indepentdent
124321,2,25,2,Indepentdent
125483,2,25,2,Indepentdent
125494,2,25,2,Indepentdent
125691,2,25,2,Indepentdent
126157,2,25,2,Indepentdent
130167,2,25,2,Indepentdent
131284,2,25,2,Indepentdent
131564,2,25,2,Indepentdent
132906,2,25,2,Indepentdent
132970,2,25,2,Indepentdent
132971,2,25,2,Indepentdent
134366,2,25,2,Indepentdent
134368,2,25,2,Indepentdent
134369,2,25,2,Indepentdent
134483,2,25,2,Indepentdent
134571,2,25,2,Indepentdent
134819,2,25,2,Indepentdent
134929,2,25,2,Indepentdent
134943,2,25,2,Indepentdent
135032,2,25,2,Indepentdent
135040,2,25,2,Indepentdent
135055,2,25,2,Indepentdent
135084,2,25,2,Indepentdent
135085,2,25,2,Indepentdent
135300,2,25,2,Indepentdent
136139,2,25,2,Indepentdent
138333,2,25,2,Indepentdent
138391,2,25,2,Indepentdent
138768,2,25,2,Indepentdent
138771,2,25,2,Indepentdent
138909,2,25,2,Indepentdent
139030,2,25,2,Indepentdent
139987,2,25,2,Indepentdent
140100,2,25,2,Indepentdent
140102,2,25,2,Indepentdent
140226,2,25,2,Indepentdent
140316,2,25,2,Indepentdent
140330,2,25,2,Indepentdent
140582,2,25,2,Indepentdent
140703,2,25,2,Indepentdent
141141,2,25,2,Indepentdent
141293,2,25,2,Indepentdent
89101,2,30,2,Chain
93981,2,30,2,Chain
93982,2,30,2,Chain
97088,2,30,2,Chain
98280,2,30,2,Chain
103027,2,30,2,Chain
103030,2,30,2,Chain
103540,2,30,2,Chain
105105,2,30,2,Chain
117507,2,30,2,Chain
118216,2,30,2,Street
118217,2,30,2,Street
118272,2,30,2,Chain
119274,2,30,2,Chain
120131,2,30,2,Street
121311,2,30,2,Chain
121544,2,30,2,Street
123900,2,30,2,Street
123901,2,30,2,Street
123904,2,30,2,Street
123908,2,30,2,Street
125956,2,30,2,Chain
128547,2,30,2,Street
133409,2,30,2,Street
133520,2,30,2,Street
134108,2,30,2,Chain
134370,2,30,2,Chain
134451,2,30,2,Chain
134520,2,30,2,Street
134549,2,30,2,Street
134843,2,30,2,Chain
134937,2,30,2,Street
134961,2,30,2,Chain
135358,2,30,2,Street
135369,2,30,2,Street
135370,2,30,2,Street
135545,2,30,2,Chain
135625,2,30,2,Chain
136103,2,30,2,Street
138315,2,30,2,Chain
138425,2,30,2,Chain
139027,2,30,2,Chain
140265,2,30,2,Chain
140400,2,30,2,Street
92073,2,30,2,Indepentdent
92615,2,30,2,Indepentdent
97476,2,30,2,Indepentdent
97487,2,30,2,Indepentdent
97695,2,30,2,Indepentdent
98051,2,30,2,Indepentdent
102995,2,30,2,Indepentdent
106499,2,30,2,Indepentdent
106570,2,30,2,Indepentdent
106578,2,30,2,Indepentdent
106579,2,30,2,Indepentdent
106580,2,30,2,Indepentdent
106582,2,30,2,Indepentdent
106616,2,30,2,Indepentdent
108598,2,30,2,Indepentdent
108600,2,30,2,Indepentdent
109213,2,30,2,Indepentdent
109259,2,30,2,Indepentdent
109263,2,30,2,Indepentdent
109267,2,30,2,Indepentdent
109444,2,30,2,Indepentdent
109446,2,30,2,Indepentdent
110297,2,30,2,Indepentdent
110397,2,30,2,Indepentdent
111125,2,30,2,Indepentdent
112527,2,30,2,Indepentdent
112593,2,30,2,Indepentdent
114595,2,30,2,Indepentdent
116017,2,30,2,Indepentdent
118239,2,30,2,Indepentdent
118264,2,30,2,Indepentdent
118282,2,30,2,Indepentdent
118393,2,30,2,Indepentdent
119691,2,30,2,Indepentdent
120007,2,30,2,Indepentdent
120009,2,30,2,Indepentdent
120066,2,30,2,Indepentdent
120068,2,30,2,Indepentdent
120091,2,30,2,Indepentdent
120093,2,30,2,Indepentdent
121215,2,30,2,Indepentdent
121221,2,30,2,Indepentdent
121542,2,30,2,Indepentdent
121568,2,30,2,Indepentdent
121574,2,30,2,Indepentdent
121611,2,30,2,Indepentdent
121613,2,30,2,Indepentdent
121690,2,30,2,Indepentdent
122090,2,30,2,Indepentdent
122247,2,30,2,Indepentdent
122711,2,30,2,Indepentdent
123377,2,30,2,Indepentdent
123941,2,30,2,Indepentdent
125797,2,30,2,Indepentdent
131459,2,30,2,Indepentdent
131461,2,30,2,Indepentdent
131555,2,30,2,Indepentdent
131568,2,30,2,Indepentdent
133129,2,30,2,Indepentdent
133480,2,30,2,Indepentdent
133677,2,30,2,Indepentdent
134325,2,30,2,Indepentdent
134343,2,30,2,Indepentdent
134580,2,30,2,Indepentdent
134935,2,30,2,Indepentdent
134952,2,30,2,Indepentdent
134959,2,30,2,Indepentdent
134984,2,30,2,Indepentdent
135001,2,30,2,Indepentdent
135018,2,30,2,Indepentdent
135041,2,30,2,Indepentdent
135051,2,30,2,Indepentdent
135153,2,30,2,Indepentdent
135154,2,30,2,Indepentdent
135165,2,30,2,Indepentdent
135280,2,30,2,Indepentdent
135556,2,30,2,Indepentdent
135834,2,30,2,Indepentdent
136163,2,30,2,Indepentdent
136216,2,30,2,Indepentdent
137801,2,30,2,Indepentdent
138411,2,30,2,Indepentdent
138446,2,30,2,Indepentdent
138507,2,30,2,Indepentdent
138513,2,30,2,Indepentdent
138515,2,30,2,Indepentdent
138586,2,30,2,Indepentdent
138587,2,30,2,Indepentdent
138590,2,30,2,Indepentdent
138663,2,30,2,Indepentdent
138721,2,30,2,Indepentdent
138826,2,30,2,Indepentdent
138883,2,30,2,Indepentdent
139025,2,30,2,Indepentdent
139026,2,30,2,Indepentdent
139136,2,30,2,Indepentdent
139300,2,30,2,Indepentdent
139953,2,30,2,Indepentdent
140032,2,30,2,Indepentdent
140033,2,30,2,Indepentdent
140097,2,30,2,Indepentdent
140132,2,30,2,Indepentdent
140279,2,30,2,Indepentdent
140291,2,30,2,Indepentdent
140293,2,30,2,Indepentdent
140311,2,30,2,Indepentdent
140321,2,30,2,Indepentdent
140331,2,30,2,Indepentdent
140394,2,30,2,Indepentdent
140644,2,30,2,Indepentdent
140673,2,30,2,Indepentdent
140676,2,30,2,Indepentdent
140683,2,30,2,Indepentdent
140737,2,30,2,Indepentdent
140743,2,30,2,Indepentdent
92072,1,60,3,Chain
92079,8,60,3,Chain
92719,1,60,3,Chain
94132,8,60,3,Chain
94138,3,60,3,Chain
94215,8,60,3,Chain
94985,10,60,3,Chain
95912,8,60,3,Chain
100512,16,60,3,Chain
101269,20,60,3,Chain
102991,5,60,3,Chain
106231,3,60,3,Chain
108152,3,60,3,Chain
108153,6,60,3,Chain
108598,1,60,3,Chain
110160,10,60,3,Chain
110401,3,60,3,Chain
110412,10,60,3,Indepentdent
110413,5,60,3,Indepentdent
120130,5,60,3,Chain
122969,8,60,3,Chain
127364,5,60,3,Chain
127415,12,60,3,Chain
130169,6,60,3,Chain
134484,1,60,3,Chain
134627,1,60,3,Chain
134823,1,60,3,Chain
135006,3,60,3,Indepentdent
135870,1,60,3,Chain
136389,5,60,3,Chain
138097,9,60,3,Chain
138101,40,60,3,Indepentdent
138180,5,60,3,Chain
138289,1,60,3,Chain
138446,6,60,3,Chain
138448,10,60,3,Chain
138483,5,60,3,Chain
138484,10,60,3,Chain
138486,1,60,3,Chain
138487,1,60,3,Chain
138580,20,60,3,Chain
138584,10,60,3,Chain
138628,3,60,3,Chain
138866,15,60,3,Chain
138867,8,60,3,Chain
138911,1,60,3,Chain
139017,1,60,3,Chain
139782,8,60,3,Chain
139920,12,60,3,Chain
139961,8,60,3,Chain
139962,12,60,3,Chain
140138,12,60,3,Chain
140141,8,60,3,Chain
140144,10,60,3,Chain
140309,10,60,3,Chain
140327,13,60,3,Chain
140332,8,60,3,Chain
140494,5,60,3,Chain
140604,8,60,3,Indepentdent
141269,8,60,3,Chain
141290,10,60,3,Chain
141291,12,60,3,Chain
141292,12,60,3,Chain
141317,8,60,3,Chain
91142,3,90,3,Chain
92564,1,75,3,Indepentdent
92821,14,80,3,Chain
94137,30,70,3,Chain
94225,12,90,3,Chain
101923,8,100,4,Chain
101924,12,100,4,Chain
103115,3,100,4,Chain
104631,3,65,3,Chain
105307,8,100,4,Indepentdent
106717,3,100,4,Chain
106837,6,65,3,Chain
108088,8,80,3,Chain
108899,8,70,3,Chain
109215,3,100,4,Indepentdent
109228,1,70,3,Chain
110404,7,70,3,Chain
111485,5,100,4,Chain
112468,15,90,3,Chain
113110,1,65,3,Chain
119982,10,100,4,Chain
120083,3,80,3,Chain
120631,8,70,3,Chain
121020,8,80,3,Chain
121418,10,65,3,Chain
121533,3,70,3,Chain
121679,1,100,4,Chain
122034,1,100,4,Chain
122248,1,100,4,Chain
122941,3,70,3,Chain
122943,3,80,3,Chain
123865,3,70,3,Chain
125955,10,100,4,Chain
126111,1,65,3,Chain
127317,5,100,4,Chain
127603,3,65,3,Chain
131566,3,70,3,Indepentdent
132159,3,70,3,Chain
132968,1,70,3,Chain
132978,3,65,3,Indepentdent
133101,3,80,3,Chain
133329,3,100,4,Indepentdent
133564,10,70,3,Chain
133934,25,100,4,Indepentdent
134136,1,70,3,Indepentdent
134844,3,70,3,Chain
134847,3,70,3,Chain
135039,20,75,3,Chain
135065,3,80,3,Chain
135073,3,80,3,Chain
135077,3,70,3,Chain
135078,3,70,3,Indepentdent
135079,3,70,3,Chain
135370,6,80,3,Chain
135645,3,70,3,Chain
135646,3,70,3,Chain
137801,1,70,3,Chain
138183,3,85,3,Chain
138585,8,70,3,Chain
138632,8,100,4,Chain
138633,16,80,3,Chain
138635,11,70,3,Chain
138636,12,100,4,Chain
138660,10,80,3,Indepentdent
138838,16,70,3,Chain
138840,16,80,3,Chain
138843,12,100,4,Chain
138969,5,70,3,Chain
138990,5,100,4,Chain
139781,8,100,4,Chain
139784,8,100,4,Chain
139879,8,70,3,Chain
139916,12,70,3,Chain
139917,10,100,4,Chain
140034,16,100,4,Chain
140135,8,100,4,Chain
140145,16,70,3,Chain
140167,12,70,3,Chain
140235,8,70,3,Chain
140264,10,80,3,Indepentdent
140334,12,70,3,Chain
140408,8,100,4,Indepentdent
141271,10,80,3,Chain
89616,3,28,2,Indepentdent
89618,1,39,2,Chain
90338,8,55,2,Chain
91489,8,55,2,Chain
91770,7,45,2,Chain
92021,8,47,2,Chain
93165,30,26,2,Street
93327,12,45,2,Chain
93385,6,55,2,Chain
93981,6,45,2,Indepentdent
94805,8,55,2,Chain
95052,1,55,2,Chain
95723,6,26,2,Indepentdent
96122,5,55,2,Chain
96306,1,55,2,Chain
96568,1,28,2,Indepentdent
101927,10,27,2,Indepentdent
102963,10,45,2,Chain
106234,8,55,2,Chain
107628,3,45,2,Chain
107635,5,28,2,Indepentdent
108154,1,29,2,Chain
108891,8,39,2,Chain
108894,3,45,2,Chain
108895,9,45,2,Chain
109199,7,45,2,Chain
109200,6,45,2,Chain
109264,3,39,2,Chain
109920,5,28,2,Indepentdent
111011,6,55,2,Chain
112002,1,39,2,Chain
112130,5,29,2,Chain
112172,10,45,2,Chain
112176,8,39,2,Chain
112177,8,45,2,Chain
112183,3,36,2,Chain
112210,3,29,2,Chain
112541,3,55,2,Chain
113580,3,44,2,Chain
116190,5,45,2,Chain
117710,3,59,2,Indepentdent
118022,8,45,2,Indepentdent
118025,1,45,2,Chain
118270,5,45,2,Chain
118398,10,45,2,Chain
119202,1,28,2,Indepentdent
119592,3,36,2,Chain
119616,6,28,2,Indepentdent
119690,1,59,2,Chain
120124,20,38,2,Chain
121638,10,45,2,Chain
122590,16,45,2,Chain
122650,3,45,2,Chain
123915,1,55,2,Chain
123936,8,45,2,Chain
123944,3,28,2,Indepentdent
123945,12,55,2,Chain
124287,20,39,2,Chain
124420,1,39,2,Chain
125723,5,49,2,Chain
125724,3,49,2,Chain
125728,1,59,2,Chain
125729,1,49,2,Chain
125730,1,59,2,Chain
126910,3,45,2,Indepentdent
127249,1,39,2,Chain
130168,10,42,2,Chain
131122,3,49,2,Chain
131559,30,45,2,Indepentdent
132487,3,59,2,Chain
132623,1,28,2,Chain
132939,3,39,2,Chain
133898,5,55,2,Chain
133914,20,49,2,Chain
134333,3,49,2,Chain
134483,1,55,2,Chain
134576,3,45,2,Chain
134646,1,29,2,Chain
134714,15,33,2,Indepentdent
134721,1,59,2,Chain
134822,3,59,2,Chain
134886,3,59,2,Chain
135007,20,45,2,Street
135029,10,29,2,Indepentdent
135063,3,55,2,Chain
135097,3,29,2,Chain
135363,8,45,2,Street
137848,6,49,2,Chain
137848,6,27,2,Indepentdent
137865,9,33,2,Chain
138111,8,49,2,Chain
138113,3,49,2,Chain
138120,8,36,2,Chain
138123,8,27,2,Street
138169,5,49,2,Chain
138309,10,45,2,Chain
138351,8,55,2,Chain
138376,3,49,2,Chain
138383,20,49,2,Chain
138400,8,45,2,Chain
138408,5,39,2,Chain
138409,30,59,2,Chain
138532,1,45,2,Indepentdent
138533,3,55,2,Indepentdent
138543,6,39,2,Chain
138554,30,59,2,Chain
138702,8,48,2,Chain
138745,8,55,2,Chain
138814,20,58,2,Chain
138847,12,45,2,Chain
138851,12,45,2,Chain
138922,1,55,2,Chain
138935,10,59,2,Chain
138951,3,55,2,Chain
138974,10,45,2,Chain
138994,3,53,2,Chain
139004,1,49,2,Chain
139015,1,55,2,Chain
139231,30,33,2,Chain
139241,1,49,2,Chain
139243,5,59,2,Chain
139960,8,45,2,Indepentdent
140227,8,45,2,Indepentdent
140391,10,45,2,Chain
140481,12,45,2,Chain
140494,20,45,2,Indepentdent
140582,6,55,2,Chain
140685,8,45,2,Chain
140771,1,49,2,Chain
141282,3,55,2,Chain
141293,1,49,2,Chain
141302,3,45,2,Chain
141305,28,55,2,Chain
90424,1,35,2,Chain
92317,6,35,2,Chain
93066,1,35,2,Chain
95909,20,35,2,Indepentdent
97100,3,35,2,Indepentdent
97496,3,35,2,Chain
97504,3,35,2,Indepentdent
97506,3,35,2,Indepentdent
97516,1,35,2,Indepentdent
97516,3,35,2,Street
101932,3,35,2,Chain
102987,14,35,2,Indepentdent
106514,3,35,2,Chain
106615,11,35,2,Indepentdent
108656,8,35,2,Chain
108672,3,35,2,Chain
109724,10,35,2,Chain
109849,1,35,2,Chain
112029,7,35,2,Indepentdent
112179,8,35,2,Chain
112293,10,35,2,Chain
112512,1,35,2,Chain
112715,30,35,2,Indepentdent
115498,5,35,2,Chain
116632,30,35,2,Chain
117480,6,35,2,Indepentdent
118025,3,35,2,Indepentdent
118263,3,35,2,Indepentdent
118266,10,35,2,Indepentdent
118298,18,35,2,Indepentdent
118396,5,35,2,Indepentdent
118717,1,35,2,Chain
119598,28,35,2,Chain
120084,3,35,2,Indepentdent
120171,8,35,2,Chain
121541,1,35,2,Indepentdent
121544,6,35,2,Indepentdent
121572,6,35,2,Indepentdent
121573,1,35,2,Indepentdent
121594,10,35,2,Chain
121628,1,35,2,Indepentdent
122229,8,35,2,Indepentdent
122439,12,35,2,Indepentdent
125237,3,35,2,Indepentdent
126116,1,35,2,Chain
127379,1,35,2,Chain
127420,1,35,2,Chain
131110,1,35,2,Chain
132627,12,35,2,Chain
132949,20,35,2,Indepentdent
132963,3,35,2,Indepentdent
133325,25,35,2,Indepentdent
134715,6,35,2,Chain
134825,6,35,2,Chain
134939,3,35,2,Indepentdent
134965,6,35,2,Indepentdent
134967,10,35,2,Indepentdent
135096,8,35,2,Chain
135375,8,35,2,Street
135540,8,35,2,Indepentdent
136155,3,35,2,Chain
137494,3,35,2,Chain
137868,20,35,2,Chain
138408,7,35,2,Indepentdent
138447,3,35,2,Indepentdent
138509,3,35,2,Indepentdent
138514,6,35,2,Indepentdent
138583,8,35,2,Indepentdent
138589,8,35,2,Indepentdent
138612,8,35,2,Chain
138628,9,35,2,Indepentdent
138637,3,35,2,Street
138662,3,35,2,Indepentdent
138718,3,35,2,Indepentdent
138735,5,35,2,Indepentdent
138798,1,35,2,Chain
138799,1,35,2,Chain
138848,8,35,2,Indepentdent
138922,8,35,2,Indepentdent
139009,3,35,2,Street
139019,12,35,2,Indepentdent
139063,8,35,2,Indepentdent
139064,30,35,2,Chain
139182,5,35,2,Indepentdent
139952,3,35,2,Indepentdent
140010,3,35,2,Indepentdent
140061,6,35,2,Indepentdent
140062,3,35,2,Chain
140224,3,35,2,Indepentdent
140312,6,35,2,Chain
140343,3,35,2,Chain
140359,8,35,2,Chain
140399,10,35,2,Indepentdent
140737,6,35,2,Chain
140746,1,35,2,Indepentdent
140747,6,35,2,Indepentdent
141282,1,35,2,Indepentdent
141313,6,35,2,Chain
90423,1,40,2,Chain
92023,8,40,2,Chain
92073,1,40,2,Chain
92738,3,40,2,Chain
92875,6,40,2,Indepentdent
93168,20,40,2,Chain
93183,10,40,2,Chain
93185,1,40,2,Chain
94136,7,40,2,Chain
95189,12,40,2,Indepentdent
97079,6,40,2,Indepentdent
97111,5,40,2,Chain
97112,8,40,2,Chain
97492,3,40,2,Indepentdent
97501,1,40,2,Chain
97516,6,40,2,Chain
97697,1,40,2,Chain
100201,15,40,2,Chain
100210,3,40,2,Indepentdent
100356,10,40,2,Indepentdent
101920,5,40,2,Chain
102928,10,40,2,Chain
102930,30,40,2,Indepentdent
102949,3,40,2,Indepentdent
103024,7,40,2,Chain
106611,3,40,2,Chain
106765,1,40,2,Chain
106766,1,40,2,Chain
106769,3,40,2,Chain
108150,3,40,2,Chain
108152,8,40,2,Indepentdent
108903,12,40,2,Indepentdent
108981,13,40,2,Indepentdent
108982,3,40,2,Chain
109267,1,40,2,Chain
110158,6,40,2,Indepentdent
110162,20,40,2,Indepentdent
110406,20,40,2,Chain
110596,3,40,2,Chain
111405,8,40,2,Chain
111435,8,40,2,Chain
112029,1,40,2,Chain
112175,8,40,2,Chain
112467,1,40,2,Chain
112468,15,40,2,Indepentdent
112511,10,40,2,Indepentdent
112817,1,40,2,Chain
113106,10,40,2,Chain
115497,3,40,2,Chain
116190,10,40,2,Indepentdent
118021,10,40,2,Indepentdent
118264,1,40,2,Chain
118277,3,40,2,Chain
118278,20,40,2,Chain
119485,1,40,2,Chain
120007,1,40,2,Chain
120088,3,40,2,Indepentdent
120128,7,40,2,Indepentdent
120143,1,40,2,Chain
120632,7,40,2,Indepentdent
121229,1,40,2,Chain
121391,1,40,2,Chain
121569,6,40,2,Chain
121631,1,40,2,Chain
121677,10,40,2,Chain
121684,15,40,2,Chain
121688,6,40,2,Chain
122034,1,40,2,Indepentdent
122875,3,40,2,Chain
122919,3,40,2,Chain
123098,1,40,2,Indepentdent
123206,1,40,2,Chain
123315,3,40,2,Chain
123575,1,40,2,Indepentdent
124831,12,40,2,Chain
125685,1,40,2,Chain
125746,1,40,2,Chain
125805,8,40,2,Chain
125862,15,40,2,Chain
125892,1,40,2,Indepentdent
125904,10,40,2,Chain
126109,25,40,2,Indepentdent
126117,20,40,2,Indepentdent
131047,1,40,2,Chain
131556,22,40,2,Indepentdent
131563,8,40,2,Indepentdent
132282,1,40,2,Chain
132949,10,40,2,Chain
132952,25,40,2,Indepentdent
133563,12,40,2,Chain
133613,10,40,2,Chain
133869,6,40,2,Chain
133915,12,40,2,Chain
134446,1,40,2,Chain
134487,14,40,2,Chain
134577,8,40,2,Chain
134630,1,40,2,Chain
134871,3,40,2,Indepentdent
134913,12,40,2,Chain
134916,1,40,2,Chain
134944,1,40,2,Chain
134953,1,40,2,Chain
134962,3,40,2,Chain
134969,3,40,2,Chain
134970,1,40,2,Chain
135076,3,40,2,Street
135087,12,40,2,Indepentdent
135362,8,40,2,Indepentdent
135365,20,40,2,Indepentdent
135373,8,40,2,Chain
135376,30,40,2,Chain
135378,30,40,2,Street
135379,12,40,2,Indepentdent
135555,12,40,2,Chain
135589,15,40,2,Indepentdent
135841,3,40,2,Chain
136061,5,40,2,Chain
136067,7,40,2,Chain
136138,16,40,2,Chain
136391,1,40,2,Chain
136411,3,40,2,Street
136424,3,40,2,Street
136431,3,40,2,Street
136434,3,40,2,Street
136608,3,40,2,Chain
137948,12,40,2,Chain
138102,15,40,2,Chain
138119,16,40,2,Chain
138150,10,40,2,Chain
138162,8,40,2,Chain
138185,11,40,2,Indepentdent
138212,3,40,2,Chain
138379,12,40,2,Chain
138422,8,40,2,Street
138477,5,40,2,Chain
138482,1,40,2,Chain
138511,12,40,2,Chain
138513,6,40,2,Chain
138535,3,40,2,Street
138621,6,40,2,Street
138627,8,40,2,Chain
138638,6,40,2,Street
138665,3,40,2,Indepentdent
138667,8,40,2,Chain
138669,3,40,2,Indepentdent
138714,10,40,2,Chain
138717,14,40,2,Chain
138720,3,40,2,Chain
138725,8,40,2,Chain
138733,30,40,2,Chain
138741,16,40,2,Chain
138759,5,40,2,Chain
138764,3,40,2,Chain
138827,8,40,2,Chain
138828,10,40,2,Indepentdent
138846,12,40,2,Chain
138850,12,40,2,Chain
138866,5,40,2,Street
138879,5,40,2,Chain
138880,3,40,2,Chain
138882,10,40,2,Chain
138976,1,40,2,Chain
139036,14,40,2,Chain
139036,6,40,2,Indepentdent
139037,8,40,2,Indepentdent
139182,1,40,2,Chain
139209,3,40,2,Chain
139209,17,40,2,Indepentdent
139915,3,40,2,Chain
139918,6,40,2,Chain
139959,15,40,2,Indepentdent
140058,3,40,2,Chain
140059,5,40,2,Chain
140149,8,40,2,Chain
140222,8,40,2,Chain
140230,12,40,2,Chain
140231,20,40,2,Chain
140266,5,40,2,Indepentdent
140303,3,40,2,Chain
140310,10,40,2,Chain
140316,10,40,2,Chain
140318,8,40,2,Chain
140320,7,40,2,Chain
140321,6,40,2,Chain
140391,20,40,2,Indepentdent
140397,20,40,2,Street
140480,12,40,2,Chain
140482,1,40,2,Chain
140674,3,40,2,Chain
140675,3,40,2,Chain
140678,3,40,2,Chain
140744,5,40,2,Chain
141296,12,40,2,Chain
141303,6,40,2,Chain
92021,1,25,2,Street
92610,12,25,2,Indepentdent
92719,3,25,2,Indepentdent
92875,3,25,2,Street
94803,8,25,2,Street
94806,11,25,2,Indepentdent
94984,10,25,2,Indepentdent
95719,8,25,2,Indepentdent
95733,9,25,2,Indepentdent
96598,3,25,2,Indepentdent
97089,1,25,2,Indepentdent
97089,1,25,2,Street
97099,1,25,2,Indepentdent
97111,5,25,2,Indepentdent
97144,6,25,2,Indepentdent
97473,1,25,2,Street
98113,1,25,2,Indepentdent
101501,10,25,2,Chain
102139,6,25,2,Street
102927,8,25,2,Indepentdent
106556,3,25,2,Indepentdent
106583,1,25,2,Street
107628,1,25,2,Indepentdent
108116,1,25,2,Chain
108596,8,25,2,Indepentdent
108597,1,25,2,Indepentdent
108597,3,25,2,Street
108653,8,25,2,Indepentdent
109137,1,25,2,Indepentdent
109209,8,25,2,Street
109222,8,25,2,Indepentdent
109223,10,25,2,Indepentdent
109224,1,25,2,Street
109419,10,25,2,Indepentdent
109545,3,25,2,Indepentdent
110054,8,25,2,Indepentdent
110077,1,25,2,Chain
110396,28,25,2,Indepentdent
110402,3,25,2,Street
110407,1,25,2,Indepentdent
110409,10,25,2,Indepentdent
110411,3,25,2,Indepentdent
110762,8,25,2,Indepentdent
111434,16,25,2,Street
111439,1,25,2,Chain
111458,25,25,2,Chain
111461,8,25,2,Chain
112271,30,25,2,Chain
112338,8,25,2,Indepentdent
112340,30,25,2,Indepentdent
112348,3,25,2,Indepentdent
112348,1,25,2,Street
112536,1,25,2,Indepentdent
112570,30,25,2,Indepentdent
112822,1,25,2,Chain
113049,1,25,2,Street
113105,8,25,2,Indepentdent
113188,5,25,2,Indepentdent
113630,15,25,2,Chain
114609,3,25,2,Indepentdent
117709,3,25,2,Indepentdent
118270,16,25,2,Indepentdent
118278,10,25,2,Indepentdent
118341,20,25,2,Indepentdent
119546,30,25,2,Indepentdent
120005,3,25,2,Indepentdent
120072,5,25,2,Indepentdent
120086,20,25,2,Indepentdent
120117,8,25,2,Indepentdent
120128,5,25,2,Street
120130,25,25,2,Street
120133,8,25,2,Indepentdent
120264,8,25,2,Chain
120472,8,25,2,Indepentdent
121515,5,25,2,Street
121580,3,25,2,Indepentdent
121612,6,25,2,Indepentdent
121619,8,25,2,Chain
121625,3,25,2,Street
121627,6,25,2,Indepentdent
121635,3,25,2,Indepentdent
121638,6,25,2,Street
121641,3,25,2,Street
121677,20,25,2,Street
121686,8,25,2,Indepentdent
122191,6,25,2,Indepentdent
123373,8,25,2,Indepentdent
123374,3,25,2,Street
123559,3,25,2,Street
123906,5,25,2,Street
124182,20,25,2,Indepentdent
124195,25,25,2,Indepentdent
124222,7,25,2,Indepentdent
124835,10,25,2,Indepentdent
125688,1,25,2,Chain
125688,1,25,2,Indepentdent
125728,1,25,2,Indepentdent
125730,5,25,2,Indepentdent
125862,10,25,2,Indepentdent
125863,3,25,2,Indepentdent
126282,3,25,2,Indepentdent
126974,5,25,2,Indepentdent
127249,3,25,2,Indepentdent
131087,6,25,2,Indepentdent
131541,3,25,2,Indepentdent
131567,5,25,2,Chain
131567,11,25,2,Indepentdent
132278,60,25,2,Chain
132282,5,25,2,Indepentdent
132408,8,25,2,Chain
132470,60,25,2,Chain
132605,10,25,2,Chain
132957,3,25,2,Indepentdent
132981,3,25,2,Indepentdent
132982,15,25,2,Indepentdent
133913,1,25,2,Indepentdent
133948,9,25,2,Indepentdent
134372,5,25,2,Indepentdent
134422,1,25,2,Indepentdent
134442,10,25,2,Indepentdent
134484,3,25,2,Street
134487,6,25,2,Indepentdent
134569,8,25,2,Indepentdent
134579,3,25,2,Indepentdent
134617,10,25,2,Indepentdent
134822,20,25,2,Indepentdent
134870,3,25,2,Indepentdent
134928,10,25,2,Indepentdent
135039,10,25,2,Indepentdent
135046,1,25,2,Indepentdent
135093,30,25,2,Indepentdent
135489,20,25,2,Chain
135506,10,25,2,Indepentdent
135507,3,25,2,Indepentdent
135912,12,25,2,Indepentdent
136071,20,25,2,Indepentdent
136291,1,25,2,Indepentdent
137493,3,25,2,Indepentdent
137495,3,25,2,Chain
137864,8,25,2,Street
137963,8,25,2,Indepentdent
138122,24,25,2,Chain
138149,3,25,2,Indepentdent
138289,3,25,2,Indepentdent
138332,3,25,2,Indepentdent
138332,1,25,2,Street
138336,12,25,2,Indepentdent
138337,25,25,2,Indepentdent
138338,3,25,2,Indepentdent
138383,10,25,2,Indepentdent
138447,1,25,2,Street
138487,1,25,2,Street
138532,3,25,2,Street
138533,1,25,2,Street
138596,6,25,2,Indepentdent
138600,8,25,2,Indepentdent
138602,5,25,2,Indepentdent
138651,10,25,2,Indepentdent
138657,8,25,2,Indepentdent
138698,10,25,2,Indepentdent
138706,1,25,2,Street
138717,6,25,2,Indepentdent
138746,5,25,2,Chain
138750,24,25,2,Indepentdent
138756,20,25,2,Indepentdent
138767,10,25,2,Indepentdent
138772,3,25,2,Indepentdent
138772,1,25,2,Street
138813,7,25,2,Street
138845,1,25,2,Street
138907,15,25,2,Indepentdent
138907,3,25,2,Street
138909,1,25,2,Street
138910,3,25,2,Indepentdent
138910,1,25,2,Street
138911,3,25,2,Indepentdent
138951,1,25,2,Street
138969,25,25,2,Indepentdent
138971,10,25,2,Indepentdent
138974,20,25,2,Indepentdent
138985,30,25,2,Indepentdent
139052,1,25,2,Indepentdent
139302,8,25,2,Indepentdent
139991,30,25,2,Indepentdent
140101,8,25,2,Indepentdent
140103,10,25,2,Indepentdent
140103,5,25,2,Street
140238,26,25,2,Indepentdent
140240,30,25,2,Indepentdent
140280,8,25,2,Indepentdent
140294,3,25,2,Indepentdent
140360,3,25,2,Indepentdent
140399,5,25,2,Street
140584,8,25,2,Indepentdent
140706,3,25,2,Indepentdent
141002,3,25,2,Indepentdent
141274,3,25,2,Indepentdent
141275,3,25,2,Indepentdent
141400,3,25,2,Indepentdent
91439,3,50,2,Chain
91852,10,50,2,Chain
92076,1,50,2,Chain
92157,5,50,2,Indepentdent
92200,1,50,2,Chain
92316,8,50,2,Chain
92615,10,50,2,Chain
92820,5,50,2,Chain
92821,8,50,2,Indepentdent
93387,5,50,2,Chain
93391,5,50,2,Chain
93982,6,50,2,Indepentdent
94027,8,50,2,Chain
94991,3,50,2,Chain
95193,5,50,2,Chain
95908,10,50,2,Indepentdent
95910,30,50,2,Chain
96500,1,50,2,Chain
96566,8,50,2,Chain
96567,8,50,2,Chain
97078,3,50,2,Chain
97476,10,50,2,Chain
98281,6,50,2,Indepentdent
98284,30,50,2,Indepentdent
100512,14,50,2,Indepentdent
101933,10,50,2,Chain
102990,3,50,2,Chain
104563,3,50,2,Chain
104563,17,50,2,Indepentdent
104729,3,50,2,Chain
105106,8,50,2,Chain
106571,3,50,2,Chain
106583,3,50,2,Chain
106770,3,50,2,Chain
107625,8,50,2,Chain
109164,3,50,2,Indepentdent
109168,3,50,2,Chain
109198,1,50,2,Chain
109205,3,50,2,Chain
110053,8,50,2,Indepentdent
110159,20,50,2,Chain
110161,10,50,2,Chain
110250,24,50,2,Chain
110417,30,50,2,Indepentdent
110430,6,50,2,Chain
110587,6,50,2,Chain
111012,1,50,2,Chain
111017,3,50,2,Chain
111496,10,50,2,Chain
111873,5,50,2,Chain
112129,5,50,2,Chain
112211,8,50,2,Chain
112345,12,50,2,Indepentdent
115363,12,50,2,Indepentdent
115903,10,50,2,Chain
117921,1,50,2,Chain
118266,18,50,2,Chain
118282,6,50,2,Chain
118396,10,50,2,Chain
118403,20,50,2,Chain
119484,6,50,2,Chain
119548,8,50,2,Indepentdent
120129,8,50,2,Chain
120131,6,50,2,Chain
120142,10,50,2,Chain
120399,8,50,2,Chain
120631,7,50,2,Indepentdent
120632,3,50,2,Chain
121217,8,50,2,Chain
121225,6,50,2,Chain
121394,3,50,2,Chain
121489,8,50,2,Chain
121532,3,50,2,Chain
121536,3,50,2,Chain
121540,1,50,2,Chain
121547,3,50,2,Indepentdent
121551,5,50,2,Indepentdent
121567,3,50,2,Chain
121573,3,50,2,Chain
121574,6,50,2,Chain
121628,7,50,2,Chain
121632,6,50,2,Chain
121676,10,50,2,Chain
121687,8,50,2,Chain
122036,3,50,2,Indepentdent
122246,10,50,2,Chain
122247,3,50,2,Chain
122589,5,50,2,Chain
123114,12,50,2,Chain
123372,3,50,2,Indepentdent
123907,5,50,2,Chain
123948,10,50,2,Chain
123950,30,50,2,Chain
124222,1,50,2,Chain
125797,3,50,2,Chain
125833,1,50,2,Chain
125903,3,50,2,Chain
126110,3,50,2,Street
127363,5,50,2,Chain
128537,3,50,2,Chain
131568,1,50,2,Chain
131569,3,50,2,Indepentdent
132161,3,50,2,Indepentdent
132628,20,50,2,Chain
133100,27,50,2,Indepentdent
133276,8,50,2,Chain
133327,25,50,2,Indepentdent
133377,3,50,2,Chain
133379,3,50,2,Chain
133685,1,50,2,Chain
133900,3,50,2,Indepentdent
133935,8,50,2,Chain
133948,1,50,2,Chain
133962,6,50,2,Chain
134136,3,50,2,Chain
134139,1,50,2,Chain
134352,10,50,2,Chain
134420,1,50,2,Indepentdent
134488,10,50,2,Chain
134494,8,50,2,Chain
134521,3,50,2,Street
134538,10,50,2,Indepentdent
134544,3,50,2,Indepentdent
134722,3,50,2,Indepentdent
134744,3,50,2,Chain
134823,3,50,2,Indepentdent
134895,3,50,2,Indepentdent
134920,8,50,2,Chain
134924,10,50,2,Indepentdent
134927,20,50,2,Indepentdent
134960,3,50,2,Chain
134964,6,50,2,Chain
134968,6,50,2,Chain
134974,8,50,2,Chain
135004,5,50,2,Chain
135008,3,50,2,Chain
135009,5,50,2,Indepentdent
135054,3,50,2,Indepentdent
135066,3,50,2,Indepentdent
135072,3,50,2,Indepentdent
135129,1,50,2,Chain
135149,12,50,2,Chain
135180,5,50,2,Chain
135186,3,50,2,Chain
135293,5,50,2,Chain
135356,5,50,2,Chain
135504,3,50,2,Chain
135590,5,50,2,Chain
135590,25,50,2,Indepentdent
135607,10,50,2,Chain
135833,6,50,2,Chain
136173,1,50,2,Indepentdent
136428,3,50,2,Street
136429,3,50,2,Street
137872,3,50,2,Indepentdent
138099,6,50,2,Chain
138105,10,50,2,Chain
138148,10,50,2,Chain
138185,1,50,2,Chain
138451,7,50,2,Chain
138505,3,50,2,Chain
138507,10,50,2,Chain
138529,16,50,2,Chain
138587,10,50,2,Chain
138621,10,50,2,Indepentdent
138703,25,50,2,Chain
138705,12,50,2,Chain
138706,9,50,2,Chain
138716,14,50,2,Chain
138719,10,50,2,Chain
138721,8,50,2,Chain
138726,5,50,2,Chain
138730,8,50,2,Chain
138753,1,50,2,Chain
138828,15,50,2,Chain
138842,10,50,2,Chain
138883,6,50,2,Chain
138935,1,50,2,Indepentdent
139086,1,50,2,Indepentdent
139233,1,50,2,Chain
139783,8,50,2,Chain
139914,19,50,2,Chain
139996,16,50,2,Chain
139997,10,50,2,Chain
140032,10,50,2,Chain
140033,6,50,2,Chain
140140,12,50,2,Chain
140146,16,50,2,Street
140232,15,50,2,Chain
140235,12,50,2,Indepentdent
140311,6,50,2,Chain
140342,5,50,2,Chain
140342,25,50,2,Indepentdent
140397,10,50,2,Chain
140399,15,50,2,Chain
140432,20,50,2,Chain
140605,3,50,2,Street
140644,6,50,2,Chain
140659,10,50,2,Chain
140672,3,50,2,Chain
140673,6,50,2,Chain
140677,6,50,2,Chain
140715,6,50,2,Indepentdent
140717,5,50,2,Chain
140732,12,50,2,Chain
140734,10,50,2,Chain
140735,20,50,2,Chain
140743,6,50,2,Chain
140745,6,50,2,Chain
140746,3,50,2,Chain
140795,5,50,2,Chain
141281,8,50,2,Chain
141289,8,50,2,Chain
141297,8,50,2,Chain
141299,10,50,2,Chain
141300,3,50,2,Chain
141306,8,50,2,Indepentdent
141309,3,50,2,Chain
141329,10,50,2,Chain
89102,10,30,2,Chain
89965,8,30,2,Indepentdent
90421,7,30,2,Chain
92584,1,30,2,Chain
92622,5,30,2,Indepentdent
92812,1,30,2,Indepentdent
93191,8,30,2,Street
94987,9,30,2,Indepentdent
95720,7,30,2,Indepentdent
95727,1,30,2,Indepentdent
95913,8,30,2,Chain
97076,12,30,2,Chain
97076,8,30,2,Indepentdent
97090,1,30,2,Indepentdent
97091,1,30,2,Street
97109,8,30,2,Indepentdent
97485,6,30,2,Indepentdent
97496,1,30,2,Indepentdent
97501,1,30,2,Street
97507,10,30,2,Indepentdent
97512,8,30,2,Indepentdent
98279,22,30,2,Indepentdent
98285,20,30,2,Indepentdent
100130,10,30,2,Indepentdent
100201,9,30,2,Indepentdent
101928,15,30,2,Indepentdent
102928,20,30,2,Indepentdent
102929,20,30,2,Indepentdent
102990,1,30,2,Indepentdent
103024,1,30,2,Street
104628,6,30,2,Indepentdent
104629,1,30,2,Indepentdent
104729,1,30,2,Indepentdent
105009,6,30,2,Indepentdent
105677,8,30,2,Indepentdent
106231,5,30,2,Indepentdent
106513,30,30,2,Street
106514,1,30,2,Indepentdent
106573,16,30,2,Indepentdent
106575,1,30,2,Indepentdent
106591,8,30,2,Indepentdent
106611,5,30,2,Indepentdent
106832,1,30,2,Chain
108150,5,30,2,Indepentdent
108152,1,30,2,Street
108654,1,30,2,Chain
108982,7,30,2,Indepentdent
108983,20,30,2,Indepentdent
109039,10,30,2,Street
109172,16,30,2,Indepentdent
109258,1,30,2,Indepentdent
110398,30,30,2,Indepentdent
110400,8,30,2,Indepentdent
110415,8,30,2,Indepentdent
110418,20,30,2,Indepentdent
110421,20,30,2,Indepentdent
111125,1,30,2,Street
111451,6,30,2,Indepentdent
112028,14,30,2,Indepentdent
112172,18,30,2,Indepentdent
112222,10,30,2,Chain
112270,8,30,2,Chain
112339,12,30,2,Indepentdent
112341,6,30,2,Chain
112438,30,30,2,Indepentdent
112516,8,30,2,Indepentdent
112519,8,30,2,Indepentdent
112520,1,30,2,Indepentdent
112522,10,30,2,Indepentdent
112528,1,30,2,Chain
112590,8,30,2,Chain
112820,10,30,2,Indepentdent
112922,6,30,2,Chain
113186,26,30,2,Indepentdent
116021,9,30,2,Chain
117357,10,30,2,Indepentdent
117647,8,30,2,Indepentdent
118215,6,30,2,Indepentdent
118238,30,30,2,Indepentdent
118296,1,30,2,Indepentdent
118299,5,30,2,Indepentdent
118393,1,30,2,Chain
118398,20,30,2,Indepentdent
118403,10,30,2,Indepentdent
119486,30,30,2,Indepentdent
119617,8,30,2,Indepentdent
119676,20,30,2,Indepentdent
120008,30,30,2,Indepentdent
120080,1,30,2,Indepentdent
121394,1,30,2,Indepentdent
121484,5,30,2,Indepentdent
121548,20,30,2,Indepentdent
121550,16,30,2,Indepentdent
121622,7,30,2,Indepentdent
121641,7,30,2,Indepentdent
121679,1,30,2,Street
121684,5,30,2,Indepentdent
121686,15,30,2,Chain
121687,1,30,2,Indepentdent
121688,20,30,2,Indepentdent
121912,12,30,2,Indepentdent
122071,10,30,2,Indepentdent
122072,1,30,2,Indepentdent
122075,1,30,2,Indepentdent
122079,16,30,2,Indepentdent
122123,6,30,2,Indepentdent
122187,6,30,2,Indepentdent
123880,1,30,2,Indepentdent
123943,10,30,2,Chain
123951,10,30,2,Chain
124053,6,30,2,Indepentdent
124223,16,30,2,Indepentdent
124735,10,30,2,Indepentdent
125319,30,30,2,Indepentdent
125689,8,30,2,Indepentdent
125698,5,30,2,Indepentdent
125744,1,30,2,Chain
125795,6,30,2,Indepentdent
125796,1,30,2,Chain
125903,1,30,2,Street
127317,7,30,2,Street
127600,8,30,2,Indepentdent
132162,20,30,2,Indepentdent
132607,15,30,2,Chain
132938,1,30,2,Chain
132956,20,30,2,Indepentdent
132964,5,30,2,Indepentdent
132972,30,30,2,Indepentdent
133096,20,30,2,Chain
133409,24,30,2,Indepentdent
133480,1,30,2,Chain
133620,1,30,2,Chain
133891,40,30,2,Chain
133928,20,30,2,Indepentdent
134104,5,30,2,Indepentdent
134186,15,30,2,Chain
134193,10,30,2,Chain
134332,7,30,2,Indepentdent
134344,8,30,2,Indepentdent
134345,8,30,2,Indepentdent
134565,6,30,2,Indepentdent
134809,5,30,2,Indepentdent
134814,8,30,2,Street
134844,7,30,2,Indepentdent
134864,1,30,2,Indepentdent
134898,10,30,2,Indepentdent
134914,1,30,2,Chain
134957,16,30,2,Indepentdent
134960,1,30,2,Indepentdent
134968,14,30,2,Indepentdent
134969,1,30,2,Indepentdent
134972,6,30,2,Indepentdent
135086,10,30,2,Indepentdent
135365,10,30,2,Street
135366,6,30,2,Street
135371,12,30,2,Street
136061,15,30,2,Indepentdent
136063,20,30,2,Chain
136064,7,30,2,Indepentdent
136068,14,30,2,Chain
137850,5,30,2,Chain
137875,7,30,2,Indepentdent
137950,10,30,2,Indepentdent
138103,8,30,2,Indepentdent
138104,30,30,2,Chain
138105,12,30,2,Indepentdent
138389,1,30,2,Chain
138417,12,30,2,Street
138423,8,30,2,Street
138480,7,30,2,Indepentdent
138482,1,30,2,Street
138484,5,30,2,Indepentdent
138505,1,30,2,Indepentdent
138509,1,30,2,Chain
138510,1,30,2,Indepentdent
138531,7,30,2,Indepentdent
138635,1,30,2,Street
138653,10,30,2,Chain
138664,6,30,2,Indepentdent
138668,6,30,2,Indepentdent
138720,9,30,2,Indepentdent
138742,1,30,2,Chain
138753,20,30,2,Indepentdent
138755,8,30,2,Indepentdent
138827,5,30,2,Indepentdent
138880,8,30,2,Indepentdent
138882,5,30,2,Indepentdent
138908,10,30,2,Indepentdent
138913,30,30,2,Indepentdent
138933,1,30,2,Chain
138991,6,30,2,Indepentdent
139013,8,30,2,Indepentdent
139029,26,30,2,Street
139062,8,30,2,Indepentdent
139086,1,30,2,Chain
139164,8,30,2,Indepentdent
139172,30,30,2,Indepentdent
139210,6,30,2,Indepentdent
139301,10,30,2,Indepentdent
139914,1,30,2,Street
139950,8,30,2,Indepentdent
139988,8,30,2,Indepentdent
140057,5,30,2,Indepentdent
140059,20,30,2,Indepentdent
140060,20,30,2,Indepentdent
140062,7,30,2,Indepentdent
140129,8,30,2,Indepentdent
140131,9,30,2,Indepentdent
140143,8,30,2,Street
140226,6,30,2,Chain
140231,10,30,2,Indepentdent
140232,15,30,2,Indepentdent
140292,28,30,2,Indepentdent
140295,10,30,2,Indepentdent
140303,7,30,2,Indepentdent
140304,6,30,2,Chain
140319,10,30,2,Chain
140327,1,30,2,Street
140341,10,30,2,Indepentdent
140343,1,30,2,Indepentdent
140350,8,30,2,Chain
140395,6,30,2,Street
140494,5,30,2,Street
140672,1,30,2,Indepentdent
140674,1,30,2,Indepentdent
140675,1,30,2,Indepentdent
140678,1,30,2,Indepentdent
140686,6,30,2,Indepentdent
140702,8,30,2,Indepentdent
140704,8,30,2,Indepentdent
95253,3,30,2,Chain
108984,3,30,2,Chain
122970,3,30,2,Street
134137,3,30,2,Chain
134336,3,30,2,Chain
134891,3,30,2,Chain
134933,3,30,2,Chain
135356,3,30,2,Street
138510,3,30,2,Chain
138624,3,30,2,Street
140694,3,30,2,Chain
92021,3,30,2,Indepentdent
97474,3,30,2,Indepentdent
97509,3,30,2,Indepentdent
97697,3,30,2,Indepentdent
98283,3,30,2,Indepentdent
102996,3,30,2,Indepentdent
103023,3,30,2,Indepentdent
104728,3,30,2,Indepentdent
105171,3,30,2,Indepentdent
106577,3,30,2,Indepentdent
109198,3,30,2,Indepentdent
109217,3,30,2,Indepentdent
109260,3,30,2,Indepentdent
110509,3,30,2,Indepentdent
112135,3,30,2,Indepentdent
112521,3,30,2,Indepentdent
112534,3,30,2,Indepentdent
113110,3,30,2,Indepentdent
118247,3,30,2,Indepentdent
118268,3,30,2,Indepentdent
120059,3,30,2,Indepentdent
120064,3,30,2,Indepentdent
120127,3,30,2,Indepentdent
121482,3,30,2,Indepentdent
121631,3,30,2,Indepentdent
121637,3,30,2,Indepentdent
121867,3,30,2,Indepentdent
124022,3,30,2,Indepentdent
127597,3,30,2,Indepentdent
131047,3,30,2,Indepentdent
132898,3,30,2,Indepentdent
132950,3,30,2,Indepentdent
132965,3,30,2,Indepentdent
132966,3,30,2,Indepentdent
133134,3,30,2,Indepentdent
133889,3,30,2,Indepentdent
134335,3,30,2,Indepentdent
134439,3,30,2,Indepentdent
134440,3,30,2,Indepentdent
134447,3,30,2,Indepentdent
134630,3,30,2,Indepentdent
134944,3,30,2,Indepentdent
134953,3,30,2,Indepentdent
134970,3,30,2,Indepentdent
135293,3,30,2,Indepentdent
136072,3,30,2,Indepentdent
138451,3,30,2,Indepentdent
138483,3,30,2,Indepentdent
138486,3,30,2,Indepentdent
138487,3,30,2,Indepentdent
138666,3,30,2,Indepentdent
138729,3,30,2,Indepentdent
138825,3,30,2,Indepentdent
138845,3,30,2,Indepentdent
138879,3,30,2,Indepentdent
138912,3,30,2,Indepentdent
139180,3,30,2,Indepentdent
139965,3,30,2,Indepentdent
139989,3,30,2,Indepentdent
139992,3,30,2,Indepentdent
140064,3,30,2,Indepentdent
140315,3,30,2,Indepentdent
140320,3,30,2,Indepentdent
140392,3,30,2,Indepentdent
140482,3,30,2,Indepentdent
140689,3,30,2,Indepentdent
140693,3,30,2,Indepentdent
140697,3,30,2,Indepentdent
140744,3,30,2,Indepentdent
141273,3,30,2,Indepentdent
89616,3,20,1,Street
91852,6,20,1,Indepentdent
92584,7,20,1,Indepentdent
92820,3,20,1,Street
93167,3,20,1,Indepentdent
93183,20,20,1,Street
94134,30,20,1,Street
95725,3,20,1,Indepentdent
95727,3,20,1,Street
95731,1,20,1,Indepentdent
95908,20,20,1,Street
95911,20,20,1,Street
96542,5,20,1,Chain
96602,12,20,1,Indepentdent
96719,1,20,1,Indepentdent
97100,1,20,1,Street
97143,5,20,1,Indepentdent
97695,1,20,1,Street
98101,6,20,1,Indepentdent
98102,6,20,1,Indepentdent
98280,18,20,1,Indepentdent
102929,10,20,1,Street
102991,7,20,1,Indepentdent
103027,1,20,1,Indepentdent
104301,10,20,1,Indepentdent
104633,3,20,1,Street
105153,5,20,1,Indepentdent
106512,3,20,1,Street
106553,10,20,1,Indepentdent
106716,18,20,1,Indepentdent
107045,6,20,1,Indepentdent
107046,5,20,1,Indepentdent
107749,14,20,1,Indepentdent
107953,25,20,1,Chain
108655,20,20,1,Indepentdent
109040,20,20,1,Street
109041,3,20,1,Street
109135,10,20,1,Indepentdent
109174,20,20,1,Indepentdent
109206,3,20,1,Indepentdent
109229,6,20,1,Indepentdent
109261,28,20,1,Chain
109723,8,20,1,Indepentdent
109849,1,20,1,Street
109919,14,20,1,Indepentdent
110044,8,20,1,Indepentdent
110052,6,20,1,Indepentdent
110077,28,20,1,Indepentdent
110077,1,20,1,Street
110161,10,20,1,Street
110250,6,20,1,Street
110371,15,20,1,Street
110392,14,20,1,Street
110395,7,20,1,Indepentdent
110407,1,20,1,Street
110816,8,20,1,Indepentdent
111059,30,20,1,Street
111301,30,20,1,Street
111331,1,20,1,Street
111431,30,20,1,Indepentdent
111433,9,20,1,Indepentdent
111439,5,20,1,Indepentdent
111440,3,20,1,Indepentdent
111446,1,20,1,Indepentdent
111447,3,20,1,Indepentdent
111488,10,20,1,Chain
111605,1,20,1,Indepentdent
112031,8,20,1,Chain
112044,30,20,1,Indepentdent
112060,5,20,1,Indepentdent
112093,3,20,1,Indepentdent
112130,10,20,1,Indepentdent
112193,60,20,1,Chain
112227,16,20,1,Indepentdent
112291,30,20,1,Indepentdent
112293,5,20,1,Street
112344,3,20,1,Indepentdent
112465,1,20,1,Indepentdent
112466,6,20,1,Indepentdent
112467,7,20,1,Indepentdent
112517,30,20,1,Indepentdent
112518,8,20,1,Indepentdent
112520,1,20,1,Street
112528,1,20,1,Indepentdent
112563,3,20,1,Indepentdent
112565,15,20,1,Indepentdent
112568,3,20,1,Street
112572,16,20,1,Street
112573,9,20,1,Indepentdent
112587,30,20,1,Indepentdent
112818,1,20,1,Indepentdent
113103,9,20,1,Indepentdent
113106,10,20,1,Indepentdent
113187,8,20,1,Indepentdent
113242,10,20,1,Indepentdent
113581,30,20,1,Street
113595,12,20,1,Indepentdent
114608,3,20,1,Indepentdent
115902,5,20,1,Indepentdent
116692,40,20,1,Chain
117273,3,20,1,Indepentdent
117706,5,20,1,Indepentdent
118274,8,20,1,Indepentdent
118279,1,20,1,Indepentdent
118283,8,20,1,Indepentdent
118396,5,20,1,Street
119160,10,20,1,Indepentdent
119274,6,20,1,Indepentdent
119277,8,20,1,Indepentdent
119278,5,20,1,Chain
119279,12,20,1,Indepentdent
119468,10,20,1,Indepentdent
119490,30,20,1,Indepentdent
119540,6,20,1,Indepentdent
119618,10,20,1,Indepentdent
119802,20,20,1,Indepentdent
120006,3,20,1,Indepentdent
120060,10,20,1,Indepentdent
120073,6,20,1,Indepentdent
120092,30,20,1,Street
120124,5,20,1,Indepentdent
120143,9,20,1,Indepentdent
120167,10,20,1,Indepentdent
120202,16,20,1,Street
121143,10,20,1,Indepentdent
121308,10,20,1,Indepentdent
121343,7,20,1,Street
121391,3,20,1,Indepentdent
121393,3,20,1,Indepentdent
121395,3,20,1,Indepentdent
121484,3,20,1,Street
121534,5,20,1,Indepentdent
121539,20,20,1,Indepentdent
121540,1,20,1,Indepentdent
121541,3,20,1,Street
121548,10,20,1,Street
121618,3,20,1,Street
121691,20,20,1,Indepentdent
122188,5,20,1,Indepentdent
122189,3,20,1,Indepentdent
122230,30,20,1,Indepentdent
122246,20,20,1,Indepentdent
123112,10,20,1,Indepentdent
123114,10,20,1,Indepentdent
123371,3,20,1,Street
123415,6,20,1,Indepentdent
123636,20,20,1,Indepentdent
123864,6,20,1,Indepentdent
123866,3,20,1,Indepentdent
123947,30,20,1,Chain
123949,30,20,1,Indepentdent
123952,1,20,1,Indepentdent
124052,10,20,1,Indepentdent
124187,3,20,1,Indepentdent
124582,3,20,1,Indepentdent
124840,11,20,1,Indepentdent
124910,3,20,1,Indepentdent
125123,28,20,1,Indepentdent
125498,8,20,1,Indepentdent
125683,6,20,1,Indepentdent
125685,3,20,1,Indepentdent
125719,3,20,1,Street
125724,7,20,1,Indepentdent
125729,7,20,1,Indepentdent
125743,5,20,1,Indepentdent
125796,9,20,1,Indepentdent
125804,25,20,1,Indepentdent
125805,3,20,1,Indepentdent
125862,3,20,1,Street
125892,3,20,1,Street
127416,10,20,1,Indepentdent
127419,1,20,1,Indepentdent
127419,9,20,1,Street
127596,5,20,1,Indepentdent
127602,40,20,1,Indepentdent
130168,20,20,1,Indepentdent
130948,5,20,1,Indepentdent
131122,9,20,1,Indepentdent
131561,8,20,1,Street
131590,10,20,1,Indepentdent
132160,3,20,1,Indepentdent
132403,1,20,1,Chain
132407,8,20,1,Indepentdent
132411,8,20,1,Indepentdent
132472,15,20,1,Street
132606,20,20,1,Indepentdent
132607,5,20,1,Indepentdent
132628,10,20,1,Street
132889,3,20,1,Indepentdent
132955,6,20,1,Indepentdent
132973,10,20,1,Indepentdent
133243,22,20,1,Indepentdent
133641,8,20,1,Indepentdent
133757,3,20,1,Street
133869,24,20,1,Indepentdent
133893,14,20,1,Indepentdent
133912,30,20,1,Street
133990,10,20,1,Indepentdent
134139,5,20,1,Indepentdent
134157,30,20,1,Indepentdent
134321,5,20,1,Indepentdent
134326,3,20,1,Indepentdent
134354,3,20,1,Indepentdent
134363,20,20,1,Indepentdent
134373,28,20,1,Indepentdent
134374,7,20,1,Indepentdent
134568,3,20,1,Indepentdent
134571,1,20,1,Street
134574,3,20,1,Indepentdent
134575,3,20,1,Indepentdent
134582,12,20,1,Indepentdent
134584,1,20,1,Indepentdent
134720,1,20,1,Indepentdent
134721,3,20,1,Indepentdent
134781,8,20,1,Indepentdent
134835,30,20,1,Indepentdent
134862,5,20,1,Indepentdent
134863,18,20,1,Indepentdent
134892,6,20,1,Indepentdent
134897,8,20,1,Indepentdent
134914,3,20,1,Street
134916,15,20,1,Indepentdent
134919,1,20,1,Street
134923,3,20,1,Indepentdent
135038,30,20,1,Indepentdent
135042,30,20,1,Indepentdent
135043,9,20,1,Indepentdent
135048,8,20,1,Indepentdent
135102,16,20,1,Street
135179,25,20,1,Street
135296,8,20,1,Indepentdent
135488,5,20,1,Indepentdent
135976,8,20,1,Indepentdent
135977,3,20,1,Street
136062,20,20,1,Indepentdent
136498,3,20,1,Indepentdent
137866,16,20,1,Street
138117,16,20,1,Street
138121,3,20,1,Street
138137,90,20,1,Indepentdent
138150,20,20,1,Indepentdent
138168,3,20,1,Indepentdent
138169,15,20,1,Indepentdent
138188,30,20,1,Indepentdent
138258,9,20,1,Indepentdent
138260,30,20,1,Indepentdent
138308,12,20,1,Chain
138384,1,20,1,Indepentdent
138389,1,20,1,Indepentdent
138479,8,20,1,Indepentdent
138490,5,20,1,Indepentdent
138534,5,20,1,Chain
138597,1,20,1,Indepentdent
138598,3,20,1,Indepentdent
138601,12,20,1,Indepentdent
138656,10,20,1,Street
138669,1,20,1,Street
138699,6,20,1,Indepentdent
138718,1,20,1,Street
138720,3,20,1,Street
138758,5,20,1,Indepentdent
138759,5,20,1,Indepentdent
138775,26,20,1,Chain
138873,5,20,1,Indepentdent
138977,1,20,1,Indepentdent
139004,3,20,1,Indepentdent
139006,10,20,1,Indepentdent
139007,14,20,1,Indepentdent
139028,15,20,1,Indepentdent
139070,30,20,1,Indepentdent
139178,8,20,1,Indepentdent
139233,3,20,1,Indepentdent
139309,8,20,1,Indepentdent
139311,20,20,1,Indepentdent
139315,30,20,1,Indepentdent
140057,10,20,1,Street
140058,1,20,1,Indepentdent
140059,5,20,1,Street
140060,6,20,1,Street
140064,1,20,1,Street
140130,6,20,1,Street
140131,3,20,1,Street
140315,7,20,1,Street
140319,5,20,1,Indepentdent
140441,25,20,1,Indepentdent
140676,6,20,1,Street
140862,10,20,1,Indepentdent
141286,10,20,1,Street
141401,7,20,1,Indepentdent
89963,30,12,1,Street
92641,12,12,1,Street
92690,30,12,1,Street
92918,30,12,1,Street
92972,7,12,1,Street
93188,3,12,1,Street
93389,24,12,1,Street
93392,5,12,1,Street
93980,24,12,1,Indepentdent
94204,30,12,1,Indepentdent
94205,20,12,1,Chain
94205,8,12,1,Indepentdent
94206,8,12,1,Indepentdent
94226,6,12,1,Street
94741,16,12,1,Street
94838,24,12,1,Street
94870,12,12,1,Street
95052,3,12,1,Street
95252,30,12,1,Street
95254,1,12,1,Street
95909,8,12,1,Street
97229,5,12,1,Indepentdent
98100,8,12,1,Indepentdent
101501,40,12,1,Indepentdent
101611,30,12,1,Indepentdent
101926,5,12,1,Street
101933,20,12,1,Street
106770,1,12,1,Street
106837,22,12,1,Indepentdent
106848,30,12,1,Indepentdent
107046,3,12,1,Street
107298,25,12,1,Indepentdent
107629,10,12,1,Chain
107635,5,12,1,Street
107656,10,12,1,Indepentdent
107799,8,12,1,Indepentdent
108548,8,12,1,Indepentdent
108723,8,12,1,Indepentdent
109237,16,12,1,Street
109419,20,12,1,Street
109724,20,12,1,Street
109810,6,12,1,Street
109819,6,12,1,Street
110157,26,12,1,Street
110160,20,12,1,Street
110588,20,12,1,Indepentdent
110594,3,12,1,Street
110805,30,12,1,Street
111013,5,12,1,Street
111015,16,12,1,Street
111489,8,12,1,Indepentdent
111490,5,12,1,Street
111495,8,12,1,Street
111496,14,12,1,Street
111874,5,12,1,Street
111875,24,12,1,Street
112042,5,12,1,Chain
112182,8,12,1,Street
112539,6,12,1,Street
112543,1,12,1,Street
113432,8,12,1,Street
113452,8,12,1,Indepentdent
113940,30,12,1,Indepentdent
114997,8,12,1,Indepentdent
115348,7,12,1,Indepentdent
115413,6,12,1,Street
116022,30,12,1,Indepentdent
116028,45,12,1,Indepentdent
116047,6,12,1,Street
116068,8,12,1,Indepentdent
116692,10,12,1,Indepentdent
116827,60,12,1,Indepentdent
116908,10,12,1,Indepentdent
117350,5,12,1,Indepentdent
117677,25,12,1,Indepentdent
117698,25,12,1,Indepentdent
117732,15,12,1,Indepentdent
117976,20,12,1,Street
118264,1,12,1,Street
118270,9,12,1,Street
118717,19,12,1,Indepentdent
118768,25,12,1,Indepentdent
118813,25,12,1,Indepentdent
118842,26,12,1,Indepentdent
118938,20,12,1,Indepentdent
119216,10,12,1,Indepentdent
119369,10,12,1,Indepentdent
119406,25,12,1,Indepentdent
119596,3,12,1,Street
120123,12,12,1,Street
120124,5,12,1,Street
120252,10,12,1,Indepentdent
120252,5,12,1,Street
120604,26,12,1,Indepentdent
120626,26,12,1,Indepentdent
120798,25,12,1,Indepentdent
120870,20,12,1,Chain
121011,15,12,1,Indepentdent
121015,8,12,1,Indepentdent
121016,9,12,1,Indepentdent
121018,30,12,1,Street
121228,6,12,1,Street
121953,3,12,1,Indepentdent
122219,29,12,1,Street
122241,16,12,1,Street
123109,30,12,1,Street
123113,30,12,1,Street
123114,8,12,1,Street
123300,3,12,1,Street
123911,1,12,1,Street
124186,3,12,1,Street
124199,20,12,1,Chain
124200,25,12,1,Indepentdent
124202,8,12,1,Indepentdent
124229,1,12,1,Street
124840,1,12,1,Street
125735,6,12,1,Street
125737,30,12,1,Street
126112,26,12,1,Street
126117,15,12,1,Street
126228,3,12,1,Chain
127136,30,12,1,Indepentdent
127364,5,12,1,Street
127369,3,12,1,Indepentdent
127369,17,12,1,Street
127378,12,12,1,Indepentdent
127379,9,12,1,Indepentdent
127420,9,12,1,Street
127598,20,12,1,Indepentdent
127604,20,12,1,Street
131087,10,12,1,Street
131090,22,12,1,Street
131558,28,12,1,Indepentdent
132487,1,12,1,Street
132716,15,12,1,Indepentdent
133097,1,12,1,Street
133098,30,12,1,Street
133327,5,12,1,Street
133360,3,12,1,Indepentdent
133360,3,12,1,Street
133377,1,12,1,Street
133392,40,12,1,Indepentdent
133394,10,12,1,Indepentdent
133396,5,12,1,Indepentdent
133451,20,12,1,Indepentdent
133615,7,12,1,Indepentdent
133617,28,12,1,Indepentdent
133638,18,12,1,Indepentdent
133900,1,12,1,Street
133913,3,12,1,Street
133917,6,12,1,Street
133939,8,12,1,Indepentdent
133940,30,12,1,Indepentdent
133996,12,12,1,Street
134006,30,12,1,Indepentdent
134140,15,12,1,Indepentdent
134142,25,12,1,Indepentdent
134241,1,12,1,Indepentdent
134269,10,12,1,Indepentdent
134270,8,12,1,Street
134271,20,12,1,Indepentdent
134273,6,12,1,Indepentdent
134340,6,12,1,Street
134350,6,12,1,Street
134419,8,12,1,Chain
134420,1,12,1,Street
134471,3,12,1,Street
134493,8,12,1,Street
134542,26,12,1,Indepentdent
134545,30,12,1,Street
134626,10,12,1,Indepentdent
134627,29,12,1,Indepentdent
134716,3,12,1,Indepentdent
134739,26,12,1,Indepentdent
134771,26,12,1,Indepentdent
134775,30,12,1,Indepentdent
134796,7,12,1,Indepentdent
134799,17,12,1,Chain
134802,26,12,1,Indepentdent
134809,8,12,1,Street
134831,3,12,1,Chain
134866,5,12,1,Street
134870,3,12,1,Street
134908,12,12,1,Street
134910,10,12,1,Street
134912,12,12,1,Street
134992,5,12,1,Indepentdent
135005,25,12,1,Street
135008,3,12,1,Street
135182,28,12,1,Indepentdent
135198,20,12,1,Indepentdent
135203,10,12,1,Street
135253,10,12,1,Chain
135256,25,12,1,Indepentdent
135257,8,12,1,Indepentdent
135290,25,12,1,Chain
135299,20,12,1,Indepentdent
135301,8,12,1,Street
135303,8,12,1,Indepentdent
135304,23,12,1,Indepentdent
135344,10,12,1,Indepentdent
135442,25,12,1,Indepentdent
135459,10,12,1,Street
135460,15,12,1,Indepentdent
135485,20,12,1,Indepentdent
135513,60,12,1,Indepentdent
135539,10,12,1,Indepentdent
135560,26,12,1,Indepentdent
135757,3,12,1,Street
135841,25,12,1,Indepentdent
135864,30,12,1,Indepentdent
135865,8,12,1,Street
135873,6,12,1,Indepentdent
135891,15,12,1,Indepentdent
135904,20,12,1,Indepentdent
135905,20,12,1,Indepentdent
136030,15,12,1,Indepentdent
136059,9,12,1,Indepentdent
136060,30,12,1,Street
136061,10,12,1,Street
136063,10,12,1,Street
136071,10,12,1,Street
136073,12,12,1,Street
136141,8,12,1,Indepentdent
136154,27,12,1,Indepentdent
136160,10,12,1,Indepentdent
136522,12,12,1,Street
136524,12,12,1,Street
136608,9,12,1,Street
136710,20,12,1,Indepentdent
137495,12,12,1,Indepentdent
137846,3,12,1,Indepentdent
137857,28,12,1,Indepentdent
137953,8,12,1,Street
137962,25,12,1,Indepentdent
138166,38,12,1,Indepentdent
138186,16,12,1,Indepentdent
138257,8,12,1,Indepentdent
138288,30,12,1,Indepentdent
138353,22,12,1,Street
138378,20,12,1,Street
138491,30,12,1,Indepentdent
138504,5,12,1,Indepentdent
138537,5,12,1,Street
138538,18,12,1,Indepentdent
138595,31,12,1,Street
138660,20,12,1,Street
138698,20,12,1,Street
138734,8,12,1,Street
138735,3,12,1,Street
138761,28,12,1,Indepentdent
138762,6,12,1,Street
138830,28,12,1,Indepentdent
138861,8,12,1,Indepentdent
138977,1,12,1,Street
138978,30,12,1,Street
138994,3,12,1,Street
138996,5,12,1,Street
139021,31,12,1,Street
139031,3,12,1,Street
139054,8,12,1,Street
139065,12,12,1,Street
139083,30,12,1,Indepentdent
139087,30,12,1,Indepentdent
139101,8,12,1,Street
139171,8,12,1,Indepentdent
139180,5,12,1,Street
139182,6,12,1,Street
139240,30,12,1,Indepentdent
140776,10,12,1,Street
141307,28,12,1,Street
141308,30,12,1,Street
141436,30,12,1,Street
141437,15,12,1,Street
97203,20,8,1,Street
97213,10,8,1,Street
98115,30,8,1,Street
98116,30,8,1,Street
98119,10,8,1,Street
98120,30,8,1,Street
98121,28,8,1,Street
98509,28,8,1,Street
98511,3,8,1,Street
99586,5,8,1,Street
99802,20,8,1,Street
101450,30,8,1,Street
103280,1,8,1,Indepentdent
103338,3,8,1,Street
103849,5,8,1,Indepentdent
104548,28,8,1,Street
104555,30,8,1,Street
104964,10,8,1,Street
105298,30,8,1,Street
106559,8,8,1,Street
106560,60,8,1,Street
109462,9,8,1,Indepentdent
111683,3,8,1,Street
112171,30,8,1,Indepentdent
112544,1,8,1,Street
113397,8,8,1,Street
115062,10,8,1,Street
115064,10,8,1,Indepentdent
115311,12,8,1,Street
115933,20,8,1,Street
115951,8,8,1,Street
116016,1,8,1,Street
116020,10,8,1,Street
116023,60,8,1,Street
116026,5,8,1,Street
116028,45,8,1,Street
116029,5,8,1,Street
116031,15,8,1,Street
116037,60,8,1,Street
116039,60,8,1,Street
116042,90,8,1,Street
116044,3,8,1,Street
116105,18,8,1,Street
116791,20,8,1,Street
117154,10,8,1,Indepentdent
117219,60,8,1,Street
117355,50,8,1,Street
119111,30,8,1,Street
119113,30,8,1,Street
119114,40,8,1,Street
120953,10,8,1,Street
121009,5,8,1,Street
121016,6,8,1,Street
121019,30,8,1,Street
121412,30,8,1,Street
121415,30,8,1,Street
122218,10,8,1,Street
122646,30,8,1,Street
123303,30,8,1,Street
123546,20,8,1,Indepentdent
123547,20,8,1,Indepentdent
123548,3,8,1,Street
123550,30,8,1,Street
123570,5,8,1,Street
124200,5,8,1,Street
126464,8,8,1,Street
126465,30,8,1,Indepentdent
126469,30,8,1,Street
126913,30,8,1,Indepentdent
126974,30,8,1,Street
127013,20,8,1,Street
127251,8,8,1,Street
127354,30,8,1,Street
127366,5,8,1,Street
127382,6,8,1,Indepentdent
127383,30,8,1,Indepentdent
127601,10,8,1,Street
127602,20,8,1,Street
127677,26,8,1,Street
131015,26,8,1,Street
131110,9,8,1,Indepentdent
131113,25,8,1,Indepentdent
132160,1,8,1,Street
132283,21,8,1,Street
132558,10,8,1,Street
132559,30,8,1,Street
132560,30,8,1,Street
132717,5,8,1,Indepentdent
133382,30,8,1,Street
133397,23,8,1,Indepentdent
133397,3,8,1,Street
133451,10,8,1,Street
133570,25,8,1,Street
133642,30,8,1,Indepentdent
133893,10,8,1,Street
133938,12,8,1,Indepentdent
133940,5,8,1,Street
133995,30,8,1,Street
133999,30,8,1,Indepentdent
134184,3,8,1,Street
134188,10,8,1,Street
134477,50,8,1,Indepentdent
134477,7,8,1,Street
134644,30,8,1,Street
134716,1,8,1,Street
134730,26,8,1,Indepentdent
134745,3,8,1,Street
134747,10,8,1,Street
134810,10,8,1,Street
134820,30,8,1,Street
134831,3,8,1,Indepentdent
134838,28,8,1,Indepentdent
134839,6,8,1,Indepentdent
134846,8,8,1,Street
134890,30,8,1,Street
135090,3,8,1,Street
135092,10,8,1,Street
135163,30,8,1,Indepentdent
135200,15,8,1,Street
135239,5,8,1,Street
135254,3,8,1,Street
135503,26,8,1,Street
135520,5,8,1,Street
135538,60,8,1,Street
135591,10,8,1,Indepentdent
135591,20,8,1,Street
135592,30,8,1,Street
135625,8,8,1,Street
135765,30,8,1,Street
135766,3,8,1,Indepentdent
135841,3,8,1,Street
135891,5,8,1,Street
135987,7,8,1,Indepentdent
135987,3,8,1,Street
136076,5,8,1,Street
136154,3,8,1,Street
136156,10,8,1,Street
136157,10,8,1,Street
136249,30,8,1,Street
136250,20,8,1,Indepentdent
136267,26,8,1,Street
136314,25,8,1,Street
136390,30,8,1,Street
136529,35,8,1,Street
137495,25,8,1,Street
137849,35,8,1,Street
137858,40,8,1,Street
137862,28,8,1,Street
138114,10,8,1,Street
138115,5,8,1,Street
138133,90,8,1,Indepentdent
138159,5,8,1,Street
138160,8,8,1,Indepentdent
138282,20,8,1,Street
138283,1,8,1,Street
138388,30,8,1,Street
138489,60,8,1,Street
138495,30,8,1,Street
138538,6,8,1,Street
138545,30,8,1,Indepentdent
138550,30,8,1,Street
138728,30,8,1,Street
138758,25,8,1,Street
138945,30,8,1,Indepentdent
138980,20,8,1,Street
139014,30,8,1,Street
139042,30,8,1,Street
139082,30,8,1,Indepentdent
139085,30,8,1,Indepentdent
139098,8,8,1,Indepentdent
139102,30,8,1,Street
139174,20,8,1,Indepentdent
139177,5,8,1,Street
139192,20,8,1,Street
139212,30,8,1,Street
139229,30,8,1,Street
139315,10,8,1,Street
139317,30,8,1,Indepentdent
101913,1,7,1,Indepentdent
102969,40,7,1,Indepentdent
107629,20,7,1,Indepentdent
107792,10,7,1,Indepentdent
113660,9,7,1,Indepentdent
115342,30,7,1,Indepentdent
115344,3,7,1,Indepentdent
115345,90,7,1,Indepentdent
123552,8,7,1,Indepentdent
127248,60,7,1,Indepentdent
132715,30,7,1,Indepentdent
132941,28,7,1,Indepentdent
133637,30,7,1,Indepentdent
134143,27,7,1,Indepentdent
134833,15,7,1,Indepentdent
138132,31,7,1,Indepentdent
138459,25,7,1,Indepentdent
95772,3,7,1,Street
98114,14,7,1,Street
98123,5,7,1,Street
98124,20,7,1,Street
98510,5,7,1,Street
99664,20,7,1,Street
99759,60,7,1,Street
101509,16,7,1,Street
102968,1,7,1,Street
102972,20,7,1,Street
104149,10,7,1,Street
104759,28,7,1,Street
106558,30,7,1,Street
106561,30,7,1,Street
106734,30,7,1,Street
106977,30,7,1,Street
107227,10,7,1,Street
107324,30,7,1,Street
107342,10,7,1,Street
107394,10,7,1,Street
107656,20,7,1,Street
107776,6,7,1,Street
107814,20,7,1,Street
107920,30,7,1,Street
108111,20,7,1,Street
108221,5,7,1,Street
108255,10,7,1,Street
108257,22,7,1,Street
108548,22,7,1,Street
109110,8,7,1,Street
113630,5,7,1,Street
113632,20,7,1,Street
115109,12,7,1,Street
115145,9,7,1,Street
115346,90,7,1,Street
115347,5,7,1,Street
115348,8,7,1,Street
115902,5,7,1,Street
115919,30,7,1,Street
115986,1,7,1,Street
116025,30,7,1,Street
116027,30,7,1,Street
116030,3,7,1,Street
116032,15,7,1,Street
116034,30,7,1,Street
116035,30,7,1,Street
116036,3,7,1,Street
116050,3,7,1,Street
116062,10,7,1,Street
116080,10,7,1,Street
116106,25,7,1,Street
116665,30,7,1,Street
116676,10,7,1,Street
116692,10,7,1,Street
116743,20,7,1,Street
116903,3,7,1,Street
117056,5,7,1,Street
117157,3,7,1,Street
117220,10,7,1,Street
117405,30,7,1,Street
117473,10,7,1,Street
117698,5,7,1,Street
119110,30,7,1,Street
120095,5,7,1,Street
120096,3,7,1,Street
120138,20,7,1,Street
121011,25,7,1,Street
121015,12,7,1,Street
123547,10,7,1,Street
123574,1,7,1,Street
125409,26,7,1,Street
126912,6,7,1,Street
131113,5,7,1,Street
131120,27,7,1,Street
132714,24,7,1,Street
133244,23,7,1,Street
133387,10,7,1,Street
133390,10,7,1,Street
133395,20,7,1,Street
133894,10,7,1,Street
134241,24,7,1,Street
134777,3,7,1,Street
134803,8,7,1,Street
134818,30,7,1,Street
135091,30,7,1,Street
135354,10,7,1,Street
135766,1,7,1,Street
135768,30,7,1,Street
135893,30,7,1,Street
136387,18,7,1,Street
136388,3,7,1,Street
137856,30,7,1,Street
137863,8,7,1,Street
138459,6,7,1,Street
138460,8,7,1,Street
138932,89,7,1,Street
138934,20,7,1,Street
138936,30,7,1,Street
139174,10,7,1,Street
139175,5,7,1,Street
139242,30,7,1,Street
139299,30,7,1,Street
90421,17,13,1,Street
92622,3,14,1,Street
92816,6,13,1,Street
93168,10,23,1,Street
94804,1,17,1,Street
94806,1,16,1,Street
95192,12,16,1,Indepentdent
95723,3,14,1,Street
95729,6,18,1,Street
96598,1,17,1,Street
96601,5,24,1,Indepentdent
99772,30,14,1,Indepentdent
100076,10,18,1,Indepentdent
100501,12,9,1,Street
100596,3,5,1,Street
100664,3,6,1,Street
100772,12,18,1,Indepentdent
101124,10,5,1,Street
102023,6,6,1,Street
102969,20,5,1,Street
103002,8,18,1,Street
103003,12,22,1,Street
103004,3,18,1,Street
103005,9,23,1,Street
103540,28,17,1,Indepentdent
103574,3,6,1,Street
104757,12,18,1,Indepentdent
105012,10,18,1,Chain
105234,10,5,1,Street
106730,30,11,1,Indepentdent
107309,3,6,1,Street
107991,10,18,1,Indepentdent
108115,10,18,1,Indepentdent
108154,1,18,1,Indepentdent
108258,8,6,1,Street
108893,8,24,1,Street
109174,10,17,1,Street
109350,30,11,1,Indepentdent
109462,1,6,1,Street
109919,8,14,1,Street
109920,3,14,1,Street
109922,1,18,1,Indepentdent
110162,10,18,1,Street
110392,10,14,1,Indepentdent
110395,13,16,1,Street
110804,1,14,1,Chain
112002,28,9,1,Indepentdent
112002,1,9,1,Street
112042,5,13,1,Indepentdent
112073,10,18,1,Indepentdent
112129,10,18,1,Indepentdent
112181,16,22,1,Street
112532,3,18,1,Indepentdent
112535,8,18,1,Indepentdent
113631,120,5,1,Street
113633,80,6,1,Street
113660,1,6,1,Street
115344,27,6,1,Street
115962,7,9,1,Street
115982,22,6,1,Street
116018,38,14,1,Indepentdent
116021,111,13,1,Indepentdent
116040,30,11,1,Indepentdent
116686,10,9,1,Street
116739,10,9,1,Street
116764,10,9,1,Street
117507,8,9,1,Street
117644,20,11,1,Indepentdent
117644,10,9,1,Street
117688,15,16,1,Indepentdent
117976,10,18,1,Indepentdent
118717,10,9,1,Street
119005,8,11,1,Indepentdent
119050,20,11,1,Indepentdent
119050,8,9,1,Street
119109,30,5,1,Street
119112,10,5,1,Street
119120,12,6,1,Street
119151,20,13,1,Indepentdent
119216,80,9,1,Street
119278,55,17,1,Indepentdent
119330,5,14,1,Indepentdent
120134,20,6,1,Street
120503,30,6,1,Street
120919,24,11,1,Indepentdent
121002,25,13,1,Indepentdent
121002,5,9,1,Street
121149,30,6,1,Street
121311,6,18,1,Indepentdent
121416,30,9,1,Street
122123,3,16,1,Street
122222,22,16,1,Indepentdent
123544,20,6,1,Street
123546,10,6,1,Street
123551,30,6,1,Street
123553,20,6,1,Street
123571,3,6,1,Street
123915,1,18,1,Street
124193,8,22,1,Chain
124197,3,18,1,Indepentdent
124735,1,18,1,Street
125726,18,9,1,Indepentdent
125727,38,9,1,Indepentdent
125803,10,18,1,Indepentdent
125804,5,13,1,Street
126467,8,13,1,Indepentdent
126911,26,6,1,Street
127252,15,14,1,Indepentdent
127417,8,13,1,Street
127599,10,9,1,Street
127601,20,14,1,Indepentdent
127833,3,22,1,Indepentdent
132163,20,6,1,Street
132404,6,18,1,Chain
132410,20,17,1,Chain
132623,1,18,1,Street
132625,3,23,1,Street
132626,28,18,1,Street
132632,12,22,1,Street
132717,20,6,1,Street
133097,1,18,1,Indepentdent
133389,30,13,1,Indepentdent
133392,20,18,1,Chain
133615,20,6,1,Street
133618,20,5,1,Indepentdent
133618,10,6,1,Street
133619,5,6,1,Street
133867,30,9,1,Street
133890,56,6,1,Street
133896,20,11,1,Indepentdent
133896,10,11,1,Street
134138,25,22,1,Indepentdent
134138,5,18,1,Street
134140,13,6,1,Street
134141,24,6,1,Indepentdent
134190,30,14,1,Indepentdent
134267,10,6,1,Street
134269,10,6,1,Street
134271,10,9,1,Street
134272,30,6,1,Street
134340,10,22,1,Indepentdent
134409,50,13,1,Indepentdent
134451,28,16,1,Indepentdent
134537,25,13,1,Indepentdent
134654,5,11,1,Street
134725,25,13,1,Indepentdent
134729,5,11,1,Street
134734,24,9,1,Indepentdent
134734,6,6,1,Street
134737,30,18,1,Indepentdent
134743,25,13,1,Indepentdent
134747,20,11,1,Indepentdent
134772,25,13,1,Indepentdent
134777,7,9,1,Indepentdent
134798,10,9,1,Street
134799,3,9,1,Indepentdent
134808,26,13,1,Indepentdent
134811,25,13,1,Indepentdent
134824,30,11,1,Indepentdent
134828,30,9,1,Indepentdent
134840,10,6,1,Street
134841,24,9,1,Indepentdent
134850,25,11,1,Indepentdent
134850,5,9,1,Street
134851,25,13,1,Indepentdent
134859,26,13,1,Indepentdent
134866,7,18,1,Indepentdent
134878,60,6,1,Indepentdent
134887,10,18,1,Indepentdent
134907,6,13,1,Street
134911,10,14,1,Street
134991,1,6,1,Street
134992,3,9,1,Street
134993,30,6,1,Indepentdent
135095,8,23,1,Street
135101,3,18,1,Street
135103,3,19,1,Street
135167,10,9,1,Street
135181,30,9,1,Street
135201,15,13,1,Chain
135201,5,9,1,Indepentdent
135202,12,14,1,Street
135257,22,9,1,Street
135285,20,14,1,Chain
135289,18,11,1,Indepentdent
135289,12,9,1,Street
135449,7,9,1,Street
135452,1,13,1,Chain
135452,3,11,1,Indepentdent
135460,5,9,1,Street
135473,8,9,1,Street
135518,20,13,1,Indepentdent
135518,10,9,1,Street
135519,10,11,1,Indepentdent
135530,25,13,1,Indepentdent
135541,20,14,1,Indepentdent
135542,60,16,1,Indepentdent
135543,5,18,1,Chain
135554,30,11,1,Indepentdent
135769,8,6,1,Street
135770,10,6,1,Street
135771,8,6,1,Street
135772,10,6,1,Street
135789,16,5,1,Street
136128,6,5,1,Street
136250,10,6,1,Street
136385,20,6,1,Street
136386,20,9,1,Indepentdent
136386,10,6,1,Street
136520,16,14,1,Street
136523,16,18,1,Indepentdent
136560,30,6,1,Street
137861,30,6,1,Street
137871,9,24,1,Street
137873,6,18,1,Indepentdent
137890,20,17,1,Indepentdent
137981,26,11,1,Indepentdent
138110,12,9,1,Indepentdent
138112,20,6,1,Indepentdent
138134,80,6,1,Street
138168,7,9,1,Street
138186,12,9,1,Street
138197,8,17,1,Indepentdent
138292,30,6,1,Street
138297,8,18,1,Street
138381,30,18,1,Indepentdent
138385,20,9,1,Street
138414,10,18,1,Chain
138433,16,18,1,Street
138552,30,18,1,Indepentdent
138599,6,18,1,Indepentdent
138603,7,24,1,Indepentdent
138603,3,13,1,Street
138724,20,13,1,Indepentdent
138746,25,18,1,Street
138829,8,16,1,Indepentdent
138864,10,18,1,Indepentdent
138869,10,18,1,Indepentdent
138932,1,21,1,Chain
138934,10,17,1,Chain
138937,30,6,1,Street
138941,30,6,1,Street
138942,30,6,1,Indepentdent
138984,6,18,1,Indepentdent
139022,30,13,1,Indepentdent
139031,5,18,1,Indepentdent
139103,12,18,1,Indepentdent
139241,1,6,1,Street
139243,11,9,1,Street
139311,10,6,1,Street
140771,3,22,1,Indepentdent
140772,8,16,1,Street
140845,6,18,1,Indepentdent
141298,30,14,1,Indepentdent
89100,6,15,1,Street
90339,3,15,1,Street
90422,10,15,1,Street
91143,12,15,1,Street
92072,1,15,1,Street
92073,1,15,1,Street
92075,6,15,1,Street
92157,3,15,1,Street
92610,18,15,1,Street
92810,1,15,1,Street
92874,30,15,1,Street
93167,1,15,1,Street
93185,3,15,1,Street
93328,10,15,1,Street
93385,10,15,1,Street
94981,1,15,1,Chain
94988,1,15,1,Street
95191,5,15,1,Street
95250,3,15,1,Street
95720,23,15,1,Street
95725,1,15,1,Street
95731,3,15,1,Street
95770,30,15,1,Indepentdent
95847,5,15,1,Street
96601,3,15,1,Street
96602,8,15,1,Street
96719,3,15,1,Street
98115,30,15,1,Indepentdent
98279,6,15,1,Street
101539,60,15,1,Indepentdent
101588,30,15,1,Indepentdent
101920,15,15,1,Street
101928,5,15,1,Street
101929,30,15,1,Street
101932,12,15,1,Street
102968,1,15,1,Indepentdent
103542,8,15,1,Indepentdent
103691,5,15,1,Chain
103691,10,15,1,Street
104968,9,15,1,Indepentdent
105009,6,15,1,Street
105097,10,15,1,Chain
105171,7,15,1,Street
106563,5,15,1,Indepentdent
106575,3,15,1,Street
106578,8,15,1,Street
106730,10,15,1,Street
106764,10,15,1,Street
106765,3,15,1,Street
106833,3,15,1,Chain
106833,1,15,1,Indepentdent
106972,10,15,1,Indepentdent
107622,30,15,1,Street
107665,30,15,1,Street
107908,30,15,1,Indepentdent
108148,10,15,1,Chain
108654,3,15,1,Indepentdent
108726,8,15,1,Indepentdent
109163,30,15,1,Indepentdent
109208,1,15,1,Indepentdent
109220,8,15,1,Street
109256,26,15,1,Indepentdent
109372,30,15,1,Indepentdent
109545,5,15,1,Street
109732,6,15,1,Street
109922,3,15,1,Street
109948,30,15,1,Street
109951,6,15,1,Street
110394,6,15,1,Street
110418,6,15,1,Street
110421,10,15,1,Street
110509,27,15,1,Street
110593,30,15,1,Street
110804,8,15,1,Indepentdent
110899,8,15,1,Indepentdent
111014,3,15,1,Street
111016,6,15,1,Street
111017,1,15,1,Street
111443,12,15,1,Indepentdent
111448,10,15,1,Indepentdent
111488,20,15,1,Street
111605,5,15,1,Street
111682,6,15,1,Street
111760,8,15,1,Indepentdent
111879,30,15,1,Street
111932,30,15,1,Street
111933,30,15,1,Street
112060,15,15,1,Street
112177,1,15,1,Street
112178,30,15,1,Street
112192,10,15,1,Chain
112512,1,15,1,Street
112531,30,15,1,Street
112536,3,15,1,Street
112543,5,15,1,Chain
112544,1,15,1,Indepentdent
112569,12,15,1,Street
113048,8,15,1,Street
115065,5,15,1,Indepentdent
115343,30,15,1,Indepentdent
115962,1,15,1,Indepentdent
116005,5,15,1,Chain
116007,8,15,1,Chain
116014,30,15,1,Indepentdent
116019,10,15,1,Street
116020,20,15,1,Indepentdent
116047,20,15,1,Indepentdent
116188,10,15,1,Indepentdent
116791,100,15,1,Indepentdent
116827,30,15,1,Chain
116829,20,15,1,Indepentdent
117008,10,15,1,Chain
117036,15,15,1,Indepentdent
117059,6,15,1,Street
117139,1,15,1,Indepentdent
117140,60,15,1,Indepentdent
117405,15,15,1,Chain
117406,15,15,1,Indepentdent
117658,10,15,1,Indepentdent
117658,5,15,1,Street
117708,6,15,1,Indepentdent
117772,15,15,1,Indepentdent
117796,8,15,1,Street
117922,8,15,1,Indepentdent
118214,30,15,1,Indepentdent
118271,3,15,1,Street
118298,5,15,1,Street
118344,6,15,1,Indepentdent
119160,5,15,1,Street
119202,3,15,1,Street
119276,3,15,1,Indepentdent
119358,3,15,1,Indepentdent
119383,25,15,1,Indepentdent
119483,5,15,1,Indepentdent
119485,3,15,1,Indepentdent
119618,20,15,1,Street
120007,1,15,1,Street
120072,3,15,1,Street
120118,6,15,1,Indepentdent
120126,8,15,1,Street
120172,3,15,1,Indepentdent
120254,20,15,1,Indepentdent
120323,30,15,1,Indepentdent
120952,15,15,1,Indepentdent
121007,8,15,1,Indepentdent
121012,30,15,1,Indepentdent
121225,24,15,1,Street
121226,3,15,1,Street
121227,8,15,1,Street
121309,5,15,1,Indepentdent
121310,8,15,1,Indepentdent
121537,3,15,1,Street
121539,10,15,1,Street
121686,7,15,1,Street
121687,1,15,1,Street
122193,3,15,1,Street
122240,24,15,1,Street
122247,3,15,1,Street
123110,30,15,1,Street
123111,5,15,1,Indepentdent
123258,16,15,1,Street
123300,1,15,1,Indepentdent
123433,32,15,1,Street
123548,1,15,1,Indepentdent
123549,12,15,1,Indepentdent
123569,3,15,1,Indepentdent
123570,25,15,1,Indepentdent
123573,15,15,1,Street
123636,10,15,1,Street
123861,3,15,1,Indepentdent
123910,1,15,1,Street
123911,1,15,1,Chain
123914,18,15,1,Street
123944,1,15,1,Street
123952,3,15,1,Street
124051,6,15,1,Street
124182,10,15,1,Street
124230,15,15,1,Indepentdent
124419,30,15,1,Street
124578,3,15,1,Indepentdent
125208,6,15,1,Indepentdent
125723,35,15,1,Indepentdent
127363,25,15,1,Street
127364,20,15,1,Indepentdent
127365,28,15,1,Indepentdent
127416,5,15,1,Street
127599,20,15,1,Indepentdent
130948,20,15,1,Street
130956,8,15,1,Street
131089,6,15,1,Street
131090,8,15,1,Indepentdent
131118,10,15,1,Indepentdent
131460,8,15,1,Indepentdent
131590,5,15,1,Street
131591,10,15,1,Indepentdent
132177,3,15,1,Indepentdent
132474,7,15,1,Chain
132605,20,15,1,Indepentdent
132799,30,15,1,Street
132800,3,15,1,Indepentdent
132938,11,15,1,Indepentdent
132940,3,15,1,Indepentdent
132944,17,15,1,Chain
132944,17,15,1,Indepentdent
132952,5,15,1,Street
132956,10,15,1,Street
133247,40,15,1,Indepentdent
133345,20,15,1,Indepentdent
133379,1,15,1,Street
133388,30,15,1,Street
133446,13,15,1,Street
133616,6,15,1,Indepentdent
133891,10,15,1,Indepentdent
133898,3,15,1,Street
133916,20,15,1,Indepentdent
133919,5,15,1,Indepentdent
134005,8,15,1,Indepentdent
134022,10,15,1,Indepentdent
134111,15,15,1,Indepentdent
134183,30,15,1,Street
134243,15,15,1,Indepentdent
134350,14,15,1,Indepentdent
134412,3,15,1,Indepentdent
134421,8,15,1,Street
134422,1,15,1,Street
134424,3,15,1,Indepentdent
134474,9,15,1,Street
134477,3,15,1,Chain
134491,3,15,1,Street
134550,30,15,1,Indepentdent
134624,5,15,1,Indepentdent
134654,25,15,1,Indepentdent
134729,25,15,1,Indepentdent
134740,5,15,1,Indepentdent
134741,30,15,1,Indepentdent
134797,7,15,1,Chain
134809,17,15,1,Chain
134843,18,15,1,Indepentdent
134862,30,15,1,Street
134863,10,15,1,Street
134909,12,15,1,Indepentdent
134922,30,15,1,Street
134923,1,15,1,Street
134968,10,15,1,Street
134987,8,15,1,Chain
135044,30,15,1,Indepentdent
135046,3,15,1,Street
135083,3,15,1,Indepentdent
135100,24,15,1,Street
135171,3,15,1,Street
135177,3,15,1,Street
135178,3,15,1,Street
135232,15,15,1,Indepentdent
135284,10,15,1,Indepentdent
135295,3,15,1,Indepentdent
135298,3,15,1,Indepentdent
135459,20,15,1,Indepentdent
135460,10,15,1,Chain
135501,26,15,1,Indepentdent
135526,15,15,1,Indepentdent
135526,15,15,1,Street
135543,10,15,1,Indepentdent
135867,30,15,1,Indepentdent
135868,12,15,1,Indepentdent
135892,5,15,1,Indepentdent
135894,6,15,1,Indepentdent
135896,50,15,1,Street
136064,5,15,1,Street
136067,5,15,1,Indepentdent
136068,10,15,1,Indepentdent
136070,20,15,1,Street
136072,1,15,1,Street
136074,30,15,1,Street
136138,30,15,1,Street
136268,3,15,1,Indepentdent
137494,7,15,1,Indepentdent
137850,15,15,1,Indepentdent
137860,8,15,1,Indepentdent
137870,8,15,1,Street
137874,20,15,1,Indepentdent
137954,8,15,1,Indepentdent
137957,8,15,1,Indepentdent
137961,28,15,1,Indepentdent
138116,9,15,1,Street
138135,3,15,1,Indepentdent
138136,90,15,1,Street
138189,6,15,1,Street
138198,15,15,1,Indepentdent
138259,10,15,1,Street
138283,3,15,1,Indepentdent
138298,5,15,1,Street
138303,3,15,1,Street
138305,12,15,1,Street
138307,3,15,1,Street
138350,28,15,1,Indepentdent
138353,6,15,1,Indepentdent
138374,3,15,1,Indepentdent
138375,30,15,1,Indepentdent
138376,9,15,1,Indepentdent
138377,8,15,1,Indepentdent
138378,10,15,1,Indepentdent
138380,30,15,1,Indepentdent
138382,24,15,1,Indepentdent
138385,8,15,1,Indepentdent
138413,30,15,1,Street
138457,30,15,1,Indepentdent
138493,8,15,1,Indepentdent
138534,15,15,1,Street
138537,25,15,1,Indepentdent
138544,12,15,1,Indepentdent
138593,5,15,1,Indepentdent
138597,3,15,1,Street
138598,1,15,1,Street
138601,8,15,1,Street
138602,3,15,1,Street
138647,30,15,1,Street
138662,1,15,1,Street
138665,1,15,1,Street
138666,1,15,1,Street
138727,8,15,1,Street
138742,3,15,1,Street
138744,8,15,1,Street
138797,30,15,1,Street
138798,5,15,1,Indepentdent
138799,29,15,1,Indepentdent
138800,30,15,1,Indepentdent
138815,60,15,1,Indepentdent
138873,15,15,1,Street
138933,7,15,1,Street
138943,8,15,1,Indepentdent
138973,5,15,1,Indepentdent
138979,1,15,1,Indepentdent
138980,10,15,1,Indepentdent
138989,3,15,1,Street
139006,20,15,1,Street
139008,6,15,1,Indepentdent
139015,3,15,1,Street
139023,30,15,1,Street
139030,5,15,1,Street
139041,1,15,1,Indepentdent
139053,20,15,1,Street
139056,7,15,1,Street
139069,20,15,1,Indepentdent
139099,9,15,1,Indepentdent
139100,8,15,1,Indepentdent
139170,15,15,1,Indepentdent
139175,15,15,1,Indepentdent
139318,30,15,1,Indepentdent
139619,8,15,1,Street
140319,5,15,1,Street
140441,5,15,1,Street
140634,30,15,1,Street
140862,6,15,1,Street
141141,6,15,1,Street
141233,3,15,1,Street
141312,8,15,1,Street
141400,1,15,1,Street
141472,30,15,1,Indepentdent
89101,1,10,1,Street
90424,11,10,1,Street
91801,8,10,1,Street
91854,12,10,1,Street
91855,18,10,1,Street
93050,24,10,1,Street
94201,26,10,1,Street
94202,1,10,1,Street
94868,20,10,1,Street
94869,10,10,1,Street
94871,12,10,1,Street
94981,20,10,1,Indepentdent
94981,9,10,1,Street
95051,15,10,1,Street
95190,20,10,1,Street
95773,8,10,1,Street
95848,20,10,1,Street
96306,29,10,1,Street
96500,7,10,1,Street
96542,5,10,1,Street
97112,10,10,1,Street
97152,28,10,1,Street
97203,10,10,1,Chain
98081,10,10,1,Indepentdent
98107,75,10,1,Indepentdent
98114,6,10,1,Indepentdent
98285,10,10,1,Street
99802,10,10,1,Indepentdent
100076,18,10,1,Street
100077,28,10,1,Street
100664,1,10,1,Chain
101265,8,10,1,Street
101501,10,10,1,Street
101588,10,10,1,Street
101838,15,10,1,Indepentdent
101931,3,10,1,Street
101977,11,10,1,Indepentdent
101977,1,10,1,Street
102970,3,10,1,Indepentdent
103219,28,10,1,Indepentdent
103810,28,10,1,Indepentdent
103847,18,10,1,Street
103849,15,10,1,Chain
105097,15,10,1,Indepentdent
106497,8,10,1,Street
106562,28,10,1,Indepentdent
106716,10,10,1,Street
106769,1,10,1,Street
106835,26,10,1,Indepentdent
106836,3,10,1,Indepentdent
107049,8,10,1,Street
107298,5,10,1,Street
107342,20,10,1,Indepentdent
107424,3,10,1,Indepentdent
107627,3,10,1,Street
107776,10,10,1,Indepentdent
107814,10,10,1,Indepentdent
107953,5,10,1,Indepentdent
107998,60,10,1,Indepentdent
108091,5,10,1,Chain
108091,10,10,1,Indepentdent
108111,10,10,1,Indepentdent
108116,11,10,1,Indepentdent
108255,20,10,1,Indepentdent
108257,8,10,1,Indepentdent
108297,12,10,1,Indepentdent
108653,22,10,1,Street
108655,10,10,1,Street
109135,6,10,1,Street
109137,1,10,1,Street
109208,3,10,1,Street
109723,12,10,1,Street
110159,10,10,1,Street
110588,10,10,1,Street
110596,1,10,1,Street
110804,1,10,1,Street
111485,25,10,1,Street
111500,10,10,1,Street
111683,7,10,1,Indepentdent
111871,28,10,1,Street
112042,50,10,1,Street
112192,50,10,1,Street
113075,60,10,1,Street
113629,120,10,1,Indepentdent
113630,40,10,1,Indepentdent
113632,100,10,1,Indepentdent
113633,100,10,1,Indepentdent
113659,20,10,1,Indepentdent
113661,12,10,1,Indepentdent
115347,10,10,1,Indepentdent
115497,17,10,1,Indepentdent
115498,10,10,1,Indepentdent
115905,60,10,1,Indepentdent
115942,12,10,1,Indepentdent
115947,60,10,1,Indepentdent
115982,8,10,1,Chain
115986,3,10,1,Indepentdent
115993,3,10,1,Indepentdent
116005,5,10,1,Indepentdent
116026,20,10,1,Indepentdent
116032,15,10,1,Indepentdent
116083,8,10,1,Indepentdent
116105,12,10,1,Indepentdent
116106,5,10,1,Indepentdent
116180,5,10,1,Indepentdent
116187,90,10,1,Indepentdent
116189,90,10,1,Indepentdent
116629,60,10,1,Indepentdent
116676,20,10,1,Indepentdent
116686,10,10,1,Indepentdent
116710,3,10,1,Street
116739,15,10,1,Indepentdent
116743,40,10,1,Indepentdent
116764,20,10,1,Indepentdent
116903,5,10,1,Indepentdent
117036,45,10,1,Street
117056,5,10,1,Indepentdent
117062,10,10,1,Street
117075,60,10,1,Indepentdent
117157,7,10,1,Indepentdent
117218,6,10,1,Street
117220,20,10,1,Indepentdent
117239,50,10,1,Indepentdent
117350,25,10,1,Street
117354,60,10,1,Street
117355,10,10,1,Indepentdent
117405,45,10,1,Indepentdent
117500,26,10,1,Indepentdent
117507,10,10,1,Indepentdent
117677,5,10,1,Street
117703,8,10,1,Indepentdent
117706,15,10,1,Street
117711,3,10,1,Street
117732,5,10,1,Street
117772,5,10,1,Street
117921,5,10,1,Indepentdent
117921,10,10,1,Street
117922,16,10,1,Street
118343,8,10,1,Street
118768,5,10,1,Street
118813,5,10,1,Street
118938,10,10,1,Street
119112,20,10,1,Indepentdent
119114,20,10,1,Indepentdent
119151,5,10,1,Street
119276,5,10,1,Street
119330,15,10,1,Street
119383,5,10,1,Street
119393,25,10,1,Indepentdent
119393,5,10,1,Street
119406,5,10,1,Street
119468,16,10,1,Street
120094,28,10,1,Street
120254,10,10,1,Street
120325,12,10,1,Street
120798,5,10,1,Street
120870,10,10,1,Street
120919,6,10,1,Street
120952,15,10,1,Street
121009,10,10,1,Indepentdent
121129,20,10,1,Street
121308,20,10,1,Street
121309,3,10,1,Street
121540,1,10,1,Street
121691,10,10,1,Street
121953,1,10,1,Street
122252,28,10,1,Indepentdent
123111,25,10,1,Street
123112,20,10,1,Street
123859,56,10,1,Indepentdent
123867,10,10,1,Indepentdent
124183,12,10,1,Street
124195,5,10,1,Street
124199,10,10,1,Street
124220,15,10,1,Street
124230,9,10,1,Street
124320,6,10,1,Street
124755,12,10,1,Street
124756,8,10,1,Street
125208,24,10,1,Street
125323,20,10,1,Street
125410,3,10,1,Indepentdent
125805,1,10,1,Street
126109,5,10,1,Street
126111,7,10,1,Street
126282,1,10,1,Street
126589,6,10,1,Indepentdent
126590,20,10,1,Indepentdent
126744,6,10,1,Indepentdent
126909,26,10,1,Street
126912,24,10,1,Indepentdent
126980,6,10,1,Indepentdent
127251,10,10,1,Indepentdent
127252,5,10,1,Street
127337,26,10,1,Street
127362,25,10,1,Indepentdent
127362,5,10,1,Street
127366,25,10,1,Indepentdent
127367,12,10,1,Street
127368,8,10,1,Street
127377,33,10,1,Indepentdent
127596,1,10,1,Street
127603,12,10,1,Street
127957,3,10,1,Street
130629,20,10,1,Indepentdent
130629,5,10,1,Street
131120,3,10,1,Indepentdent
131556,8,10,1,Street
131562,7,10,1,Street
132403,1,10,1,Street
132406,15,10,1,Indepentdent
132410,40,10,1,Indepentdent
132471,25,10,1,Indepentdent
132558,20,10,1,Indepentdent
132606,10,10,1,Street
132607,10,10,1,Street
132939,9,10,1,Indepentdent
132944,3,10,1,Street
133096,10,10,1,Street
133100,3,10,1,Street
133325,5,10,1,Street
133378,20,10,1,Street
133381,29,10,1,Street
133386,60,10,1,Street
133387,20,10,1,Indepentdent
133390,50,10,1,Indepentdent
133394,20,10,1,Street
133395,40,10,1,Indepentdent
133405,20,10,1,Indepentdent
133413,21,10,1,Indepentdent
133620,1,10,1,Indepentdent
133685,1,10,1,Indepentdent
133868,6,10,1,Street
133884,20,10,1,Street
133885,28,10,1,Indepentdent
133899,3,10,1,Street
133916,10,10,1,Street
133933,28,10,1,Indepentdent
134108,3,10,1,Indepentdent
134144,26,10,1,Indepentdent
134184,1,10,1,Indepentdent
134185,20,10,1,Street
134186,5,10,1,Indepentdent
134267,10,10,1,Indepentdent
134336,1,10,1,Street
134351,10,10,1,Street
134353,10,10,1,Street
134354,1,10,1,Street
134410,20,10,1,Indepentdent
134412,1,10,1,Street
134423,3,10,1,Street
134470,1,10,1,Street
134481,20,10,1,Indepentdent
134537,5,10,1,Street
134584,1,10,1,Street
134717,20,10,1,Street
134725,5,10,1,Street
134743,5,10,1,Street
134745,1,10,1,Indepentdent
134772,5,10,1,Street
134774,1,10,1,Street
134797,3,10,1,Indepentdent
134797,5,10,1,Street
134798,20,10,1,Indepentdent
134811,5,10,1,Street
134840,17,10,1,Indepentdent
134843,10,10,1,Street
134851,5,10,1,Street
134865,20,10,1,Street
135092,20,10,1,Indepentdent
135198,10,10,1,Street
135200,15,10,1,Indepentdent
135213,10,10,1,Indepentdent
135232,5,10,1,Street
135239,25,10,1,Indepentdent
135253,20,10,1,Indepentdent
135256,5,10,1,Street
135285,5,10,1,Indepentdent
135285,5,10,1,Street
135290,5,10,1,Indepentdent
135298,1,10,1,Street
135299,10,10,1,Street
135304,7,10,1,Street
135348,10,10,1,Indepentdent
135352,8,10,1,Street
135353,20,10,1,Indepentdent
135442,5,10,1,Street
135485,5,10,1,Street
135499,3,10,1,Indepentdent
135504,1,10,1,Street
135505,26,10,1,Street
135507,25,10,1,Street
135520,25,10,1,Indepentdent
135530,5,10,1,Street
135539,5,10,1,Street
135541,10,10,1,Street
135545,88,10,1,Indepentdent
135625,20,10,1,Indepentdent
135767,8,10,1,Street
135771,50,10,1,Indepentdent
135772,20,10,1,Indepentdent
135866,60,10,1,Indepentdent
135870,29,10,1,Street
135871,25,10,1,Indepentdent
135871,5,10,1,Street
135872,15,10,1,Indepentdent
135872,5,10,1,Street
135904,5,10,1,Street
135905,6,10,1,Street
136028,12,10,1,Indepentdent
136030,5,10,1,Street
136062,10,10,1,Street
136076,25,10,1,Indepentdent
136127,28,10,1,Indepentdent
136128,50,10,1,Indepentdent
136143,8,10,1,Street
136155,1,10,1,Indepentdent
136156,20,10,1,Indepentdent
136157,20,10,1,Indepentdent
136158,10,10,1,Indepentdent
136159,6,10,1,Indepentdent
136269,8,10,1,Street
136385,10,10,1,Indepentdent
136388,7,10,1,Indepentdent
136649,20,10,1,Indepentdent
136650,8,10,1,Street
136651,25,10,1,Indepentdent
136651,5,10,1,Street
137849,5,10,1,Indepentdent
137859,8,10,1,Street
137874,5,10,1,Street
137890,10,10,1,Street
137951,8,10,1,Street
137952,6,10,1,Street
137962,5,10,1,Street
138114,50,10,1,Indepentdent
138115,25,10,1,Indepentdent
138159,25,10,1,Indepentdent
138161,38,10,1,Indepentdent
138198,5,10,1,Street
138314,18,10,1,Street
138355,22,10,1,Street
138375,10,10,1,Street
138386,1,10,1,Street
138477,3,10,1,Indepentdent
138480,23,10,1,Street
138488,14,10,1,Street
138492,10,10,1,Street
138494,6,10,1,Street
138496,8,10,1,Indepentdent
138504,5,10,1,Street
138591,3,10,1,Indepentdent
138592,3,10,1,Street
138593,3,10,1,Street
138594,20,10,1,Indepentdent
138646,35,10,1,Street
138724,40,10,1,Street
138726,15,10,1,Street
138760,12,10,1,Indepentdent
138796,60,10,1,Indepentdent
138935,1,10,1,Street
138940,26,10,1,Street
138973,3,10,1,Street
138976,1,10,1,Street
139028,5,10,1,Street
139032,28,10,1,Street
139033,15,10,1,Indepentdent
139033,5,10,1,Street
139069,10,10,1,Street
139081,28,10,1,Indepentdent
139096,5,10,1,Indepentdent
139164,20,10,1,Street
139170,5,10,1,Street
139172,20,10,1,Street
139173,6,10,1,Indepentdent
139177,15,10,1,Indepentdent
139179,26,10,1,Indepentdent
139181,8,10,1,Street
139210,10,10,1,Street
139228,26,10,1,Street
139301,18,10,1,Street
139314,7,10,1,Indepentdent
139785,8,10,1,Indepentdent
141310,8,10,1,Street
141597,10,10,1,Street
93048,30,10,1,Street
94203,30,10,1,Indepentdent
94647,30,10,1,Street
97203,30,10,1,Indepentdent
98099,30,10,1,Indepentdent
99664,30,10,1,Indepentdent
100364,30,10,1,Indepentdent
101921,30,10,1,Street
103540,30,10,1,Street
104608,30,10,1,Indepentdent
106834,30,10,1,Indepentdent
107047,30,10,1,Street
107385,30,10,1,Indepentdent
107620,30,10,1,Street
107811,30,10,1,Indepentdent
108441,30,10,1,Indepentdent
109236,30,10,1,Indepentdent
110589,30,10,1,Street
111872,30,10,1,Street
112193,30,10,1,Indepentdent
112193,30,10,1,Street
115990,30,10,1,Indepentdent
115999,30,10,1,Indepentdent
116000,30,10,1,Indepentdent
116013,30,10,1,Indepentdent
116946,30,10,1,Indepentdent
117062,30,10,1,Indepentdent
117354,30,10,1,Indepentdent
117473,30,10,1,Indepentdent
119108,30,10,1,Indepentdent
119109,30,10,1,Indepentdent
119167,30,10,1,Street
119168,30,10,1,Indepentdent
119379,30,10,1,Indepentdent
120322,30,10,1,Street
120324,30,10,1,Indepentdent
121010,30,10,1,Indepentdent
121413,30,10,1,Indepentdent
122220,30,10,1,Street
122254,30,10,1,Street
122256,30,10,1,Street
123545,30,10,1,Indepentdent
124054,30,10,1,Street
124232,30,10,1,Street
124740,30,10,1,Street
124752,30,10,1,Street
124838,30,10,1,Indepentdent
125718,30,10,1,Street
125734,30,10,1,Street
126469,30,10,1,Indepentdent
126745,30,10,1,Indepentdent
127137,30,10,1,Indepentdent
127250,30,10,1,Street
127376,30,10,1,Indepentdent
127421,30,10,1,Street
131557,30,10,1,Street
133275,30,10,1,Street
133386,30,10,1,Indepentdent
133886,30,10,1,Indepentdent
133942,30,10,1,Indepentdent
133998,30,10,1,Indepentdent
134007,30,10,1,Street
134105,30,10,1,Indepentdent
134106,30,10,1,Indepentdent
134107,30,10,1,Indepentdent
134170,30,10,1,Indepentdent
134187,30,10,1,Indepentdent
134272,30,10,1,Indepentdent
134621,30,10,1,Indepentdent
134671,30,10,1,Street
134672,30,10,1,Street
135253,30,10,1,Street
135511,30,10,1,Indepentdent
135512,30,10,1,Indepentdent
135533,30,10,1,Indepentdent
135874,30,10,1,Indepentdent
135874,30,10,1,Street
135892,30,10,1,Street
135903,30,10,1,Street
136140,30,10,1,Indepentdent
136387,30,10,1,Indepentdent
137958,30,10,1,Street
137959,30,10,1,Street
137960,30,10,1,Street
137968,30,10,1,Street
138109,30,10,1,Indepentdent
138158,30,10,1,Indepentdent
138181,30,10,1,Street
138282,30,10,1,Indepentdent
138285,30,10,1,Street
138410,30,10,1,Street
138476,30,10,1,Street
138546,30,10,1,Indepentdent
138551,30,10,1,Indepentdent
138555,30,10,1,Street
138740,30,10,1,Street
138743,30,10,1,Street
138747,30,10,1,Street
138831,30,10,1,Indepentdent
139039,30,10,1,Street
139043,30,10,1,Street
139055,30,10,1,Street
139086,30,10,1,Street
139137,30,10,1,Street
139183,30,10,1,Street
139313,30,10,1,Street
141432,30,10,1,Street
