ID,Daypart,Visit#Daypart
89100,11 AM - before 2 PM,2
89100,2 PM - before 5 PM,2
89100,5 PM - before 9 PM,4
89100,9 PM or later,4
89101,5 PM - before 9 PM,1
89101,Before 9 AM,2
89102,11 AM - before 2 PM,3
89102,2 PM - before 5 PM,4
89102,5 PM - before 9 PM,1
89102,9 AM - before 11 AM,2
89613,5 PM - before 9 PM,4
89616,9 AM - before 11 AM,10
89618,2 PM - before 5 PM,1
89618,5 PM - before 9 PM,2
89963,2 PM - before 5 PM,20
89963,Before 9 AM,10
89965,9 AM - before 11 AM,4
89965,Before 9 AM,4
89967,Before 9 AM,4
90338,Before 9 AM,8
90339,Before 9 AM,3
90418,11 AM - before 2 PM,3
90418,Before 9 AM,1
90419,5 PM - before 9 PM,4
90421,5 PM - before 9 PM,4
90421,Before 9 AM,20
90422,11 AM - before 2 PM,5
90422,2 PM - before 5 PM,5
90423,5 PM - before 9 PM,3
90424,11 AM - before 2 PM,4
90424,2 PM - before 5 PM,3
90424,5 PM - before 9 PM,2
90424,Before 9 AM,3
90519,5 PM - before 9 PM,4
91139,Before 9 AM,2
91140,11 AM - before 2 PM,4
91142,2 PM - before 5 PM,1
91142,5 PM - before 9 PM,2
91143,5 PM - before 9 PM,2
91143,Before 9 AM,10
91323,Before 9 AM,8
91439,5 PM - before 9 PM,3
91489,5 PM - before 9 PM,8
91490,5 PM - before 9 PM,5
91490,Before 9 AM,3
91770,2 PM - before 5 PM,4
91770,5 PM - before 9 PM,5
91801,Before 9 AM,8
91852,5 PM - before 9 PM,6
91852,Before 9 AM,10
91853,5 PM - before 9 PM,3
91853,Before 9 AM,1
91854,2 PM - before 5 PM,2
91854,5 PM - before 9 PM,2
91854,9 AM - before 11 AM,8
91855,2 PM - before 5 PM,8
91855,9 AM - before 11 AM,10
92021,5 PM - before 9 PM,8
92021,9 AM - before 11 AM,4
92022,11 AM - before 2 PM,4
92023,5 PM - before 9 PM,8
92071,5 PM - before 9 PM,2
92071,9 AM - before 11 AM,2
92072,9 AM - before 11 AM,4
92073,11 AM - before 2 PM,1
92073,9 AM - before 11 AM,3
92075,2 PM - before 5 PM,3
92075,Before 9 AM,7
92076,2 PM - before 5 PM,3
92078,5 PM - before 9 PM,4
92079,2 PM - before 5 PM,4
92079,9 AM - before 11 AM,4
92157,5 PM - before 9 PM,5
92157,9 AM - before 11 AM,3
92182,5 PM - before 9 PM,4
92183,9 AM - before 11 AM,4
92200,9 AM - before 11 AM,1
92200,Before 9 AM,2
92316,2 PM - before 5 PM,4
92316,5 PM - before 9 PM,4
92316,9 AM - before 11 AM,4
92317,5 PM - before 9 PM,3
92317,Before 9 AM,3
92564,5 PM - before 9 PM,3
92584,5 PM - before 9 PM,4
92584,9 AM - before 11 AM,4
92610,5 PM - before 9 PM,17
92610,Before 9 AM,13
92615,5 PM - before 9 PM,7
92615,Before 9 AM,5
92616,9 AM - before 11 AM,2
92616,Before 9 AM,2
92622,5 PM - before 9 PM,4
92622,Before 9 AM,4
92639,5 PM - before 9 PM,4
92640,5 PM - before 9 PM,1
92640,9 PM or later,1
92641,5 PM - before 9 PM,10
92641,9 PM or later,2
92690,9 AM - before 11 AM,10
92690,Before 9 AM,20
92719,5 PM - before 9 PM,3
92719,9 PM or later,1
92738,Before 9 AM,3
92810,2 PM - before 5 PM,2
92810,Before 9 AM,1
92812,11 AM - before 2 PM,1
92812,5 PM - before 9 PM,2
92813,5 PM - before 9 PM,2
92813,9 AM - before 11 AM,2
92815,2 PM - before 5 PM,4
92816,5 PM - before 9 PM,10
92820,5 PM - before 9 PM,8
92821,5 PM - before 9 PM,12
92821,Before 9 AM,12
92839,5 PM - before 9 PM,4
92874,Before 9 AM,30
92875,5 PM - before 9 PM,6
92875,Before 9 AM,3
92918,Before 9 AM,30
92972,5 PM - before 9 PM,4
92972,Before 9 AM,5
93048,Before 9 AM,30
93050,9 AM - before 11 AM,24
93066,Before 9 AM,3
93165,11 AM - before 2 PM,10
93165,2 PM - before 5 PM,10
93165,Before 9 AM,10
93166,9 AM - before 11 AM,2
93167,5 PM - before 9 PM,2
93167,9 AM - before 11 AM,2
93168,11 AM - before 2 PM,15
93168,2 PM - before 5 PM,8
93168,5 PM - before 9 PM,2
93168,9 AM - before 11 AM,3
93168,Before 9 AM,2
93183,2 PM - before 5 PM,9
93183,5 PM - before 9 PM,8
93183,9 AM - before 11 AM,8
93183,Before 9 AM,5
93185,2 PM - before 5 PM,1
93185,9 AM - before 11 AM,3
93186,2 PM - before 5 PM,4
93188,Before 9 AM,3
93191,9 AM - before 11 AM,5
93191,Before 9 AM,5
93207,Before 9 AM,4
93327,5 PM - before 9 PM,12
93328,5 PM - before 9 PM,12
93385,5 PM - before 9 PM,16
93386,5 PM - before 9 PM,4
93387,5 PM - before 9 PM,2
93387,9 PM or later,3
93388,2 PM - before 5 PM,2
93388,5 PM - before 9 PM,2
93389,Before 9 AM,24
93390,9 AM - before 11 AM,2
93391,5 PM - before 9 PM,3
93391,9 AM - before 11 AM,2
93392,2 PM - before 5 PM,5
93979,5 PM - before 9 PM,4
93980,11 AM - before 2 PM,14
93980,5 PM - before 9 PM,10
93981,5 PM - before 9 PM,4
93981,9 AM - before 11 AM,4
93982,5 PM - before 9 PM,4
93982,9 AM - before 11 AM,4
94027,5 PM - before 9 PM,4
94027,9 AM - before 11 AM,4
94132,5 PM - before 9 PM,4
94132,9 PM or later,4
94133,9 AM - before 11 AM,4
94134,2 PM - before 5 PM,5
94134,5 PM - before 9 PM,25
94136,11 AM - before 2 PM,3
94136,5 PM - before 9 PM,4
94137,Before 9 AM,30
94138,5 PM - before 9 PM,3
94201,5 PM - before 9 PM,30
94202,11 AM - before 2 PM,2
94202,5 PM - before 9 PM,3
94203,Before 9 AM,30
94204,2 PM - before 5 PM,24
94204,Before 9 AM,8
94205,5 PM - before 9 PM,30
94206,Before 9 AM,8
94210,5 PM - before 9 PM,4
94211,9 AM - before 11 AM,4
94214,5 PM - before 9 PM,6
94214,9 AM - before 11 AM,2
94215,5 PM - before 9 PM,3
94215,9 PM or later,5
94216,5 PM - before 9 PM,4
94225,5 PM - before 9 PM,6
94225,Before 9 AM,6
94226,11 AM - before 2 PM,4
94226,5 PM - before 9 PM,4
94227,Before 9 AM,4
94647,Before 9 AM,30
94741,9 AM - before 11 AM,16
94803,11 AM - before 2 PM,4
94803,9 AM - before 11 AM,4
94804,5 PM - before 9 PM,2
94804,9 PM or later,1
94805,2 PM - before 5 PM,2
94805,5 PM - before 9 PM,3
94805,9 AM - before 11 AM,3
94806,5 PM - before 9 PM,5
94806,Before 9 AM,7
94838,Before 9 AM,24
94868,5 PM - before 9 PM,24
94869,5 PM - before 9 PM,5
94869,Before 9 AM,5
94870,5 PM - before 9 PM,6
94870,Before 9 AM,6
94871,Before 9 AM,12
94981,Before 9 AM,30
94984,5 PM - before 9 PM,6
94984,9 AM - before 11 AM,4
94985,5 PM - before 9 PM,10
94986,9 AM - before 11 AM,2
94986,Before 9 AM,2
94987,5 PM - before 9 PM,9
94988,5 PM - before 9 PM,3
94991,5 PM - before 9 PM,3
95051,Before 9 AM,15
95052,Before 9 AM,4
95055,Before 9 AM,4
95189,5 PM - before 9 PM,5
95189,Before 9 AM,7
95190,11 AM - before 2 PM,10
95190,Before 9 AM,10
95191,Before 9 AM,5
95192,5 PM - before 9 PM,4
95192,Before 9 AM,8
95193,5 PM - before 9 PM,5
95250,5 PM - before 9 PM,2
95250,Before 9 AM,1
95252,5 PM - before 9 PM,10
95252,Before 9 AM,20
95253,5 PM - before 9 PM,3
95254,5 PM - before 9 PM,3
95254,9 PM or later,2
95719,11 AM - before 2 PM,2
95719,2 PM - before 5 PM,2
95719,5 PM - before 9 PM,2
95719,9 AM - before 11 AM,2
95720,2 PM - before 5 PM,5
95720,5 PM - before 9 PM,10
95720,Before 9 AM,15
95723,5 PM - before 9 PM,3
95723,Before 9 AM,6
95725,2 PM - before 5 PM,3
95725,9 AM - before 11 AM,1
95727,5 PM - before 9 PM,1
95727,Before 9 AM,3
95729,11 AM - before 2 PM,3
95729,5 PM - before 9 PM,4
95729,Before 9 AM,3
95731,11 AM - before 2 PM,2
95731,Before 9 AM,2
95733,11 AM - before 2 PM,2
95733,5 PM - before 9 PM,4
95733,9 AM - before 11 AM,3
95770,5 PM - before 9 PM,30
95771,Before 9 AM,4
95772,Before 9 AM,5
95773,Before 9 AM,8
95834,2 PM - before 5 PM,2
95834,5 PM - before 9 PM,3
95834,9 AM - before 11 AM,3
95847,5 PM - before 9 PM,3
95847,9 AM - before 11 AM,2
95848,5 PM - before 9 PM,8
95848,Before 9 AM,12
95908,5 PM - before 9 PM,10
95908,Before 9 AM,20
95909,5 PM - before 9 PM,8
95909,Before 9 AM,22
95910,5 PM - before 9 PM,30
95911,2 PM - before 5 PM,4
95911,5 PM - before 9 PM,12
95911,Before 9 AM,4
95912,2 PM - before 5 PM,5
95912,5 PM - before 9 PM,5
95913,11 AM - before 2 PM,2
95913,2 PM - before 5 PM,3
95913,5 PM - before 9 PM,3
96122,5 PM - before 9 PM,5
96306,2 PM - before 5 PM,15
96306,9 AM - before 11 AM,15
96307,Before 9 AM,4
96308,5 PM - before 9 PM,2
96500,5 PM - before 9 PM,2
96500,Before 9 AM,6
96542,11 AM - before 2 PM,5
96542,Before 9 AM,5
96566,5 PM - before 9 PM,4
96566,Before 9 AM,4
96567,5 PM - before 9 PM,6
96567,Before 9 AM,6
96568,11 AM - before 2 PM,1
96568,Before 9 AM,2
96598,5 PM - before 9 PM,4
96599,11 AM - before 2 PM,1
96599,2 PM - before 5 PM,3
96600,2 PM - before 5 PM,1
96600,5 PM - before 9 PM,1
96601,11 AM - before 2 PM,2
96601,5 PM - before 9 PM,4
96601,Before 9 AM,2
96602,2 PM - before 5 PM,5
96602,5 PM - before 9 PM,11
96602,9 AM - before 11 AM,4
96719,11 AM - before 2 PM,2
96719,9 AM - before 11 AM,2
97076,2 PM - before 5 PM,5
97076,5 PM - before 9 PM,8
97076,9 AM - before 11 AM,7
97077,2 PM - before 5 PM,1
97077,9 AM - before 11 AM,3
97078,5 PM - before 9 PM,3
97079,2 PM - before 5 PM,1
97079,5 PM - before 9 PM,3
97079,9 AM - before 11 AM,2
97079,9 PM or later,2
97088,11 AM - before 2 PM,1
97088,9 PM or later,1
97089,5 PM - before 9 PM,2
97090,2 PM - before 5 PM,3
97091,5 PM - before 9 PM,2
97091,9 PM or later,1
97099,5 PM - before 9 PM,2
97099,9 AM - before 11 AM,1
97100,5 PM - before 9 PM,2
97100,9 PM or later,2
97103,2 PM - before 5 PM,1
97103,5 PM - before 9 PM,3
97109,5 PM - before 9 PM,4
97109,9 AM - before 11 AM,1
97109,9 PM or later,3
97111,2 PM - before 5 PM,2
97111,5 PM - before 9 PM,3
97111,9 PM or later,3
97111,Before 9 AM,2
97112,11 AM - before 2 PM,2
97112,2 PM - before 5 PM,5
97112,5 PM - before 9 PM,4
97112,9 PM or later,4
97112,Before 9 AM,5
97143,2 PM - before 5 PM,2
97143,5 PM - before 9 PM,5
97143,9 AM - before 11 AM,2
97144,5 PM - before 9 PM,5
97144,9 AM - before 11 AM,3
97152,11 AM - before 2 PM,28
97153,5 PM - before 9 PM,1
97153,9 AM - before 11 AM,1
97195,5 PM - before 9 PM,5
97195,Before 9 AM,5
97202,5 PM - before 9 PM,2
97203,11 AM - before 2 PM,30
97203,Before 9 AM,30
97213,Before 9 AM,12
97223,9 AM - before 11 AM,4
97224,2 PM - before 5 PM,2
97224,5 PM - before 9 PM,2
97229,Before 9 AM,5
97230,9 PM or later,4
97234,5 PM - before 9 PM,4
97473,11 AM - before 2 PM,2
97473,2 PM - before 5 PM,1
97474,11 AM - before 2 PM,1
97474,5 PM - before 9 PM,2
97476,11 AM - before 2 PM,3
97476,2 PM - before 5 PM,4
97476,5 PM - before 9 PM,5
97484,5 PM - before 9 PM,2
97485,11 AM - before 2 PM,2
97485,2 PM - before 5 PM,2
97485,5 PM - before 9 PM,2
97485,9 AM - before 11 AM,4
97487,5 PM - before 9 PM,2
97488,5 PM - before 9 PM,2
97492,5 PM - before 9 PM,3
97493,2 PM - before 5 PM,1
97493,5 PM - before 9 PM,2
97493,9 AM - before 11 AM,1
97496,11 AM - before 2 PM,2
97496,Before 9 AM,2
97497,9 PM or later,2
97501,5 PM - before 9 PM,3
97501,9 AM - before 11 AM,1
97503,9 AM - before 11 AM,2
97503,Before 9 AM,2
97504,5 PM - before 9 PM,3
97506,5 PM - before 9 PM,4
97506,9 PM or later,1
97507,11 AM - before 2 PM,6
97507,5 PM - before 9 PM,4
97509,11 AM - before 2 PM,1
97509,2 PM - before 5 PM,1
97509,5 PM - before 9 PM,1
97511,11 AM - before 2 PM,2
97511,5 PM - before 9 PM,2
97512,11 AM - before 2 PM,3
97512,5 PM - before 9 PM,3
97512,Before 9 AM,2
97513,2 PM - before 5 PM,3
97513,Before 9 AM,1
97516,2 PM - before 5 PM,4
97516,5 PM - before 9 PM,6
97536,Before 9 AM,4
97695,9 PM or later,3
97697,5 PM - before 9 PM,2
97697,9 AM - before 11 AM,2
98051,5 PM - before 9 PM,2
98052,5 PM - before 9 PM,4
98053,2 PM - before 5 PM,1
98053,5 PM - before 9 PM,1
98081,9 AM - before 11 AM,6
98081,Before 9 AM,6
98099,11 AM - before 2 PM,10
98099,Before 9 AM,20
98100,5 PM - before 9 PM,4
98100,9 PM or later,4
98101,9 AM - before 11 AM,2
98101,Before 9 AM,4
98102,5 PM - before 9 PM,4
98102,9 PM or later,3
98102,Before 9 AM,1
98107,11 AM - before 2 PM,20
98107,5 PM - before 9 PM,30
98107,Before 9 AM,25
98113,5 PM - before 9 PM,1
98113,9 AM - before 11 AM,2
98114,11 AM - before 2 PM,6
98114,5 PM - before 9 PM,14
98115,2 PM - before 5 PM,30
98115,Before 9 AM,30
98116,5 PM - before 9 PM,15
98116,Before 9 AM,15
98117,5 PM - before 9 PM,2
98117,Before 9 AM,2
98119,Before 9 AM,10
98120,Before 9 AM,30
98121,5 PM - before 9 PM,5
98121,Before 9 AM,25
98122,Before 9 AM,2
98123,Before 9 AM,5
98124,Before 9 AM,20
98279,5 PM - before 9 PM,8
98279,Before 9 AM,20
98280,5 PM - before 9 PM,10
98280,Before 9 AM,10
98281,5 PM - before 9 PM,10
98282,2 PM - before 5 PM,4
98283,5 PM - before 9 PM,5
98284,Before 9 AM,30
98285,2 PM - before 5 PM,20
98285,Before 9 AM,10
98509,Before 9 AM,30
98510,Before 9 AM,5
98511,Before 9 AM,3
99586,2 PM - before 5 PM,5
99664,5 PM - before 9 PM,20
99664,Before 9 AM,30
99759,5 PM - before 9 PM,30
99759,Before 9 AM,30
99772,Before 9 AM,30
99802,Before 9 AM,30
100076,9 AM - before 11 AM,27
100076,Before 9 AM,1
100077,9 AM - before 11 AM,14
100077,Before 9 AM,14
100130,9 AM - before 11 AM,3
100130,Before 9 AM,7
100199,11 AM - before 2 PM,3
100199,Before 9 AM,1
100201,11 AM - before 2 PM,2
100201,5 PM - before 9 PM,7
100201,9 AM - before 11 AM,5
100201,Before 9 AM,10
100210,5 PM - before 9 PM,1
100210,9 AM - before 11 AM,2
100268,Before 9 AM,4
100269,9 AM - before 11 AM,2
100269,Before 9 AM,2
100356,2 PM - before 5 PM,3
100356,5 PM - before 9 PM,3
100356,Before 9 AM,4
100364,Before 9 AM,30
100501,Before 9 AM,12
100512,11 AM - before 2 PM,5
100512,2 PM - before 5 PM,4
100512,5 PM - before 9 PM,8
100512,9 AM - before 11 AM,6
100512,9 PM or later,3
100512,Before 9 AM,4
100596,2 PM - before 5 PM,2
100596,5 PM - before 9 PM,1
100664,2 PM - before 5 PM,4
100772,5 PM - before 9 PM,7
100772,Before 9 AM,5
100869,5 PM - before 9 PM,1
100869,9 PM or later,1
101124,2 PM - before 5 PM,5
101124,5 PM - before 9 PM,5
101265,11 AM - before 2 PM,5
101265,5 PM - before 9 PM,3
101269,11 AM - before 2 PM,3
101269,2 PM - before 5 PM,3
101269,5 PM - before 9 PM,3
101269,Before 9 AM,11
101450,Before 9 AM,30
101501,5 PM - before 9 PM,30
101501,Before 9 AM,30
101509,11 AM - before 2 PM,16
101539,11 AM - before 2 PM,30
101539,Before 9 AM,30
101588,5 PM - before 9 PM,20
101588,Before 9 AM,20
101611,Before 9 AM,30
101810,Before 9 AM,2
101838,5 PM - before 9 PM,8
101838,Before 9 AM,7
101913,9 AM - before 11 AM,3
101913,Before 9 AM,2
101920,2 PM - before 5 PM,2
101920,5 PM - before 9 PM,11
101920,9 AM - before 11 AM,7
101921,5 PM - before 9 PM,16
101921,Before 9 AM,14
101922,5 PM - before 9 PM,1
101922,Before 9 AM,1
101923,11 AM - before 2 PM,3
101923,2 PM - before 5 PM,3
101923,9 AM - before 11 AM,4
101923,Before 9 AM,2
101924,2 PM - before 5 PM,11
101924,9 AM - before 11 AM,1
101925,2 PM - before 5 PM,2
101926,5 PM - before 9 PM,3
101926,Before 9 AM,2
101927,5 PM - before 9 PM,6
101927,Before 9 AM,4
101928,11 AM - before 2 PM,8
101928,5 PM - before 9 PM,12
101929,11 AM - before 2 PM,10
101929,5 PM - before 9 PM,8
101929,Before 9 AM,12
101930,11 AM - before 2 PM,1
101930,5 PM - before 9 PM,1
101931,9 AM - before 11 AM,3
101932,5 PM - before 9 PM,5
101932,Before 9 AM,10
101933,11 AM - before 2 PM,15
101933,5 PM - before 9 PM,0
101933,9 AM - before 11 AM,5
101933,Before 9 AM,10
101977,11 AM - before 2 PM,6
101977,Before 9 AM,6
102023,2 PM - before 5 PM,4
102023,Before 9 AM,2
102139,11 AM - before 2 PM,3
102139,2 PM - before 5 PM,3
102139,5 PM - before 9 PM,2
102927,2 PM - before 5 PM,2
102927,5 PM - before 9 PM,2
102927,9 PM or later,2
102927,Before 9 AM,2
102928,11 AM - before 2 PM,5
102928,2 PM - before 5 PM,8
102928,5 PM - before 9 PM,8
102928,9 PM or later,5
102928,Before 9 AM,4
102929,Before 9 AM,30
102930,11 AM - before 2 PM,8
102930,2 PM - before 5 PM,8
102930,5 PM - before 9 PM,6
102930,Before 9 AM,8
102931,5 PM - before 9 PM,2
102946,5 PM - before 9 PM,2
102949,Before 9 AM,3
102963,9 AM - before 11 AM,4
102963,Before 9 AM,6
102964,Before 9 AM,4
102965,9 AM - before 11 AM,4
102966,9 AM - before 11 AM,2
102966,Before 9 AM,2
102968,5 PM - before 9 PM,2
102969,5 PM - before 9 PM,30
102969,Before 9 AM,30
102970,5 PM - before 9 PM,5
102971,5 PM - before 9 PM,2
102971,Before 9 AM,2
102972,11 AM - before 2 PM,10
102972,Before 9 AM,10
102987,11 AM - before 2 PM,4
102987,2 PM - before 5 PM,3
102987,5 PM - before 9 PM,5
102987,9 AM - before 11 AM,4
102988,5 PM - before 9 PM,1
102988,9 AM - before 11 AM,1
102989,2 PM - before 5 PM,1
102989,5 PM - before 9 PM,2
102989,9 AM - before 11 AM,1
102990,5 PM - before 9 PM,2
102990,9 AM - before 11 AM,2
102991,5 PM - before 9 PM,6
102991,9 AM - before 11 AM,6
102994,2 PM - before 5 PM,1
102994,5 PM - before 9 PM,1
102995,5 PM - before 9 PM,2
102996,11 AM - before 2 PM,1
102996,2 PM - before 5 PM,1
102996,5 PM - before 9 PM,1
102997,5 PM - before 9 PM,2
103001,2 PM - before 5 PM,2
103001,5 PM - before 9 PM,2
103002,5 PM - before 9 PM,6
103002,9 AM - before 11 AM,2
103003,11 AM - before 2 PM,4
103003,5 PM - before 9 PM,4
103003,Before 9 AM,4
103004,5 PM - before 9 PM,1
103004,Before 9 AM,2
103005,11 AM - before 2 PM,3
103005,5 PM - before 9 PM,3
103005,Before 9 AM,3
103023,2 PM - before 5 PM,1
103023,5 PM - before 9 PM,2
103024,2 PM - before 5 PM,2
103024,5 PM - before 9 PM,3
103024,9 AM - before 11 AM,3
103026,5 PM - before 9 PM,2
103026,9 AM - before 11 AM,1
103026,9 PM or later,1
103027,5 PM - before 9 PM,3
103029,5 PM - before 9 PM,1
103029,9 AM - before 11 AM,1
103030,5 PM - before 9 PM,2
103048,Before 9 AM,2
103114,2 PM - before 5 PM,2
103115,9 AM - before 11 AM,1
103115,9 PM or later,2
103219,Before 9 AM,28
103280,11 AM - before 2 PM,2
103280,2 PM - before 5 PM,1
103338,Before 9 AM,3
103388,11 AM - before 2 PM,4
103540,5 PM - before 9 PM,30
103540,Before 9 AM,30
103541,2 PM - before 5 PM,3
103541,9 AM - before 11 AM,1
103542,11 AM - before 2 PM,4
103542,5 PM - before 9 PM,4
103574,11 AM - before 2 PM,1
103574,2 PM - before 5 PM,2
103631,5 PM - before 9 PM,4
103691,5 PM - before 9 PM,8
103691,Before 9 AM,7
103810,Before 9 AM,28
103847,11 AM - before 2 PM,6
103847,5 PM - before 9 PM,7
103847,Before 9 AM,7
103849,2 PM - before 5 PM,10
103849,5 PM - before 9 PM,10
104149,11 AM - before 2 PM,10
104301,11 AM - before 2 PM,6
104301,5 PM - before 9 PM,6
104349,Before 9 AM,2
104548,Before 9 AM,28
104555,5 PM - before 9 PM,2
104555,Before 9 AM,28
104563,5 PM - before 9 PM,3
104563,9 AM - before 11 AM,2
104563,9 PM or later,15
104608,5 PM - before 9 PM,15
104608,Before 9 AM,15
104628,Before 9 AM,6
104629,5 PM - before 9 PM,3
104631,2 PM - before 5 PM,1
104631,5 PM - before 9 PM,2
104633,2 PM - before 5 PM,1
104633,9 AM - before 11 AM,2
104707,11 AM - before 2 PM,1
104707,2 PM - before 5 PM,1
104707,9 AM - before 11 AM,2
104727,5 PM - before 9 PM,2
104728,5 PM - before 9 PM,2
104728,9 AM - before 11 AM,1
104729,2 PM - before 5 PM,2
104729,5 PM - before 9 PM,2
104757,5 PM - before 9 PM,6
104757,Before 9 AM,6
104759,Before 9 AM,28
104964,2 PM - before 5 PM,10
104968,5 PM - before 9 PM,9
105009,2 PM - before 5 PM,6
105009,Before 9 AM,6
105012,11 AM - before 2 PM,5
105012,5 PM - before 9 PM,5
105097,5 PM - before 9 PM,10
105097,9 AM - before 11 AM,5
105097,Before 9 AM,10
105104,2 PM - before 5 PM,1
105104,5 PM - before 9 PM,1
105105,2 PM - before 5 PM,2
105106,5 PM - before 9 PM,6
105106,9 AM - before 11 AM,1
105106,9 PM or later,3
105153,5 PM - before 9 PM,5
105171,5 PM - before 9 PM,5
105171,9 PM or later,2
105171,Before 9 AM,3
105234,2 PM - before 5 PM,5
105234,Before 9 AM,5
105298,Before 9 AM,30
105307,2 PM - before 5 PM,3
105307,5 PM - before 9 PM,5
105677,2 PM - before 5 PM,2
105677,5 PM - before 9 PM,6
105678,2 PM - before 5 PM,2
105678,5 PM - before 9 PM,1
105678,9 AM - before 11 AM,1
106231,2 PM - before 5 PM,3
106231,5 PM - before 9 PM,2
106231,9 AM - before 11 AM,3
106234,11 AM - before 2 PM,1
106234,2 PM - before 5 PM,2
106234,5 PM - before 9 PM,4
106234,9 AM - before 11 AM,1
106497,5 PM - before 9 PM,5
106497,9 AM - before 11 AM,5
106499,9 AM - before 11 AM,0
106499,Before 9 AM,2
106512,5 PM - before 9 PM,3
106513,Before 9 AM,30
106514,5 PM - before 9 PM,4
106553,Before 9 AM,10
106554,5 PM - before 9 PM,2
106554,9 PM or later,2
106555,5 PM - before 9 PM,4
106556,2 PM - before 5 PM,3
106558,Before 9 AM,30
106559,11 AM - before 2 PM,8
106560,5 PM - before 9 PM,30
106560,Before 9 AM,30
106561,11 AM - before 2 PM,15
106561,Before 9 AM,15
106562,11 AM - before 2 PM,14
106562,Before 9 AM,14
106563,2 PM - before 5 PM,2
106563,5 PM - before 9 PM,3
106570,5 PM - before 9 PM,2
106571,5 PM - before 9 PM,2
106571,9 AM - before 11 AM,1
106572,5 PM - before 9 PM,2
106573,5 PM - before 9 PM,5
106573,Before 9 AM,15
106575,2 PM - before 5 PM,4
106576,5 PM - before 9 PM,2
106577,5 PM - before 9 PM,3
106578,2 PM - before 5 PM,4
106578,9 AM - before 11 AM,6
106579,5 PM - before 9 PM,2
106580,5 PM - before 9 PM,2
106582,5 PM - before 9 PM,2
106583,11 AM - before 2 PM,1
106583,5 PM - before 9 PM,3
106584,11 AM - before 2 PM,1
106584,5 PM - before 9 PM,1
106585,5 PM - before 9 PM,2
106591,9 AM - before 11 AM,6
106591,Before 9 AM,2
106611,11 AM - before 2 PM,3
106611,5 PM - before 9 PM,5
106615,11 AM - before 2 PM,5
106615,2 PM - before 5 PM,3
106615,9 PM or later,3
106615,Before 9 AM,4
106616,5 PM - before 9 PM,2
106656,9 AM - before 11 AM,4
106657,11 AM - before 2 PM,4
106716,5 PM - before 9 PM,15
106716,Before 9 AM,15
106717,5 PM - before 9 PM,3
106718,2 PM - before 5 PM,2
106725,9 AM - before 11 AM,2
106726,5 PM - before 9 PM,2
106730,5 PM - before 9 PM,20
106730,Before 9 AM,20
106734,Before 9 AM,30
106764,2 PM - before 5 PM,3
106764,9 AM - before 11 AM,3
106764,Before 9 AM,4
106765,5 PM - before 9 PM,4
106766,5 PM - before 9 PM,3
106769,5 PM - before 9 PM,4
106770,5 PM - before 9 PM,4
106771,5 PM - before 9 PM,2
106832,5 PM - before 9 PM,1
106832,9 AM - before 11 AM,4
106833,Before 9 AM,4
106834,Before 9 AM,30
106835,5 PM - before 9 PM,10
106835,Before 9 AM,20
106836,Before 9 AM,3
106837,5 PM - before 9 PM,6
106837,Before 9 AM,22
106848,5 PM - before 9 PM,15
106848,Before 9 AM,15
106972,5 PM - before 9 PM,5
106972,Before 9 AM,5
106977,9 AM - before 11 AM,20
106977,Before 9 AM,10
107045,5 PM - before 9 PM,4
107045,9 AM - before 11 AM,4
107046,5 PM - before 9 PM,4
107046,Before 9 AM,4
107047,2 PM - before 5 PM,15
107047,Before 9 AM,15
107048,5 PM - before 9 PM,4
107049,5 PM - before 9 PM,8
107206,Before 9 AM,4
107222,2 PM - before 5 PM,2
107222,5 PM - before 9 PM,2
107227,5 PM - before 9 PM,5
107227,Before 9 AM,5
107298,11 AM - before 2 PM,10
107298,9 PM or later,10
107298,Before 9 AM,10
107309,2 PM - before 5 PM,2
107309,Before 9 AM,1
107324,9 AM - before 11 AM,3
107324,Before 9 AM,27
107342,Before 9 AM,30
107385,Before 9 AM,30
107394,Before 9 AM,12
107398,9 AM - before 11 AM,2
107424,5 PM - before 9 PM,3
107513,Before 9 AM,4
107577,Before 9 AM,2
107619,Before 9 AM,4
107620,Before 9 AM,30
107621,Before 9 AM,2
107622,9 AM - before 11 AM,30
107623,11 AM - before 2 PM,4
107625,5 PM - before 9 PM,4
107625,9 AM - before 11 AM,4
107627,11 AM - before 2 PM,1
107627,2 PM - before 5 PM,2
107628,9 AM - before 11 AM,4
107629,9 AM - before 11 AM,10
107629,Before 9 AM,20
107635,5 PM - before 9 PM,5
107635,Before 9 AM,5
107636,9 AM - before 11 AM,2
107656,Before 9 AM,30
107665,Before 9 AM,30
107749,11 AM - before 2 PM,7
107749,Before 9 AM,7
107776,5 PM - before 9 PM,4
107776,Before 9 AM,12
107792,11 AM - before 2 PM,5
107792,2 PM - before 5 PM,5
107799,9 AM - before 11 AM,4
107799,Before 9 AM,4
107811,5 PM - before 9 PM,10
107811,Before 9 AM,20
107814,Before 9 AM,30
107908,5 PM - before 9 PM,15
107908,Before 9 AM,15
107920,11 AM - before 2 PM,10
107920,2 PM - before 5 PM,20
107953,11 AM - before 2 PM,20
107953,2 PM - before 5 PM,10
107988,Before 9 AM,4
107991,11 AM - before 2 PM,5
107991,5 PM - before 9 PM,5
107998,5 PM - before 9 PM,20
107998,Before 9 AM,40
108015,2 PM - before 5 PM,2
108082,9 AM - before 11 AM,4
108088,5 PM - before 9 PM,4
108088,9 PM or later,4
108091,5 PM - before 9 PM,5
108091,Before 9 AM,10
108111,5 PM - before 9 PM,10
108111,Before 9 AM,20
108115,11 AM - before 2 PM,5
108115,Before 9 AM,5
108116,11 AM - before 2 PM,1
108116,5 PM - before 9 PM,5
108116,Before 9 AM,6
108138,Before 9 AM,4
108145,2 PM - before 5 PM,2
108146,5 PM - before 9 PM,1
108146,Before 9 AM,1
108148,11 AM - before 2 PM,4
108148,Before 9 AM,6
108150,2 PM - before 5 PM,2
108150,5 PM - before 9 PM,3
108150,9 AM - before 11 AM,3
108152,2 PM - before 5 PM,4
108152,5 PM - before 9 PM,5
108152,9 AM - before 11 AM,3
108153,2 PM - before 5 PM,2
108153,5 PM - before 9 PM,4
108153,9 AM - before 11 AM,2
108154,5 PM - before 9 PM,2
108154,Before 9 AM,2
108221,Before 9 AM,5
108226,Before 9 AM,4
108253,9 AM - before 11 AM,4
108255,5 PM - before 9 PM,10
108255,Before 9 AM,20
108257,2 PM - before 5 PM,10
108257,5 PM - before 9 PM,5
108257,Before 9 AM,15
108258,9 AM - before 11 AM,8
108297,5 PM - before 9 PM,11
108297,Before 9 AM,1
108441,Before 9 AM,30
108548,5 PM - before 9 PM,20
108548,Before 9 AM,10
108596,11 AM - before 2 PM,3
108596,2 PM - before 5 PM,3
108596,5 PM - before 9 PM,4
108597,11 AM - before 2 PM,1
108597,5 PM - before 9 PM,2
108597,9 PM or later,1
108598,5 PM - before 9 PM,3
108599,11 AM - before 2 PM,1
108599,5 PM - before 9 PM,1
108600,5 PM - before 9 PM,2
108653,2 PM - before 5 PM,15
108653,Before 9 AM,15
108654,5 PM - before 9 PM,4
108655,11 AM - before 2 PM,15
108655,5 PM - before 9 PM,15
108656,5 PM - before 9 PM,8
108669,5 PM - before 9 PM,1
108669,9 AM - before 11 AM,1
108670,2 PM - before 5 PM,1
108670,5 PM - before 9 PM,2
108670,9 PM or later,1
108672,2 PM - before 5 PM,1
108672,9 PM or later,2
108719,Before 9 AM,4
108723,5 PM - before 9 PM,8
108724,Before 9 AM,2
108726,5 PM - before 9 PM,8
108888,11 AM - before 2 PM,2
108888,5 PM - before 9 PM,2
108889,11 AM - before 2 PM,2
108891,11 AM - before 2 PM,4
108891,5 PM - before 9 PM,4
108892,11 AM - before 2 PM,2
108892,Before 9 AM,2
108893,11 AM - before 2 PM,4
108893,5 PM - before 9 PM,4
108894,Before 9 AM,3
108895,11 AM - before 2 PM,5
108895,9 PM or later,4
108898,5 PM - before 9 PM,4
108899,5 PM - before 9 PM,6
108899,9 AM - before 11 AM,6
108903,2 PM - before 5 PM,5
108903,5 PM - before 9 PM,4
108903,Before 9 AM,3
108905,11 AM - before 2 PM,1
108905,5 PM - before 9 PM,1
108905,9 PM or later,2
108980,5 PM - before 9 PM,2
108981,2 PM - before 5 PM,3
108981,5 PM - before 9 PM,6
108981,9 AM - before 11 AM,4
108981,9 PM or later,2
108982,2 PM - before 5 PM,2
108982,5 PM - before 9 PM,3
108982,9 AM - before 11 AM,3
108982,Before 9 AM,2
108983,11 AM - before 2 PM,7
108983,2 PM - before 5 PM,7
108983,Before 9 AM,6
108984,5 PM - before 9 PM,3
109039,5 PM - before 9 PM,5
109039,Before 9 AM,5
109040,Before 9 AM,20
109041,5 PM - before 9 PM,3
109110,11 AM - before 2 PM,3
109110,2 PM - before 5 PM,5
109132,5 PM - before 9 PM,2
109134,Before 9 AM,4
109135,2 PM - before 5 PM,4
109135,5 PM - before 9 PM,2
109135,Before 9 AM,10
109136,11 AM - before 2 PM,2
109136,2 PM - before 5 PM,2
109137,5 PM - before 9 PM,2
109162,5 PM - before 9 PM,4
109163,Before 9 AM,30
109164,11 AM - before 2 PM,3
109165,5 PM - before 9 PM,2
109165,9 PM or later,2
109166,11 AM - before 2 PM,2
109168,11 AM - before 2 PM,3
109169,11 AM - before 2 PM,3
109169,5 PM - before 9 PM,1
109172,11 AM - before 2 PM,6
109172,5 PM - before 9 PM,8
109172,Before 9 AM,6
109174,11 AM - before 2 PM,5
109174,2 PM - before 5 PM,10
109174,5 PM - before 9 PM,10
109174,Before 9 AM,5
109195,5 PM - before 9 PM,4
109196,2 PM - before 5 PM,4
109198,5 PM - before 9 PM,4
109199,9 AM - before 11 AM,4
109199,Before 9 AM,3
109200,9 AM - before 11 AM,3
109200,Before 9 AM,3
109201,9 AM - before 11 AM,2
109201,Before 9 AM,2
109202,9 AM - before 11 AM,2
109202,Before 9 AM,2
109203,Before 9 AM,4
109205,5 PM - before 9 PM,3
109206,5 PM - before 9 PM,2
109206,9 AM - before 11 AM,1
109207,Before 9 AM,2
109208,5 PM - before 9 PM,2
109208,Before 9 AM,2
109209,5 PM - before 9 PM,4
109209,Before 9 AM,4
109210,5 PM - before 9 PM,3
109210,9 AM - before 11 AM,1
109211,Before 9 AM,4
109212,Before 9 AM,4
109213,5 PM - before 9 PM,2
109215,5 PM - before 9 PM,1
109215,Before 9 AM,2
109216,Before 9 AM,4
109217,Before 9 AM,3
109218,Before 9 AM,4
109219,5 PM - before 9 PM,1
109219,Before 9 AM,1
109220,5 PM - before 9 PM,4
109220,Before 9 AM,4
109221,Before 9 AM,2
109222,2 PM - before 5 PM,8
109223,9 AM - before 11 AM,10
109224,2 PM - before 5 PM,1
109224,5 PM - before 9 PM,2
109225,11 AM - before 2 PM,2
109225,5 PM - before 9 PM,2
109228,5 PM - before 9 PM,3
109229,2 PM - before 5 PM,4
109229,9 AM - before 11 AM,4
109236,11 AM - before 2 PM,4
109236,Before 9 AM,26
109237,Before 9 AM,16
109256,2 PM - before 5 PM,10
109256,Before 9 AM,20
109257,Before 9 AM,2
109258,11 AM - before 2 PM,2
109258,9 AM - before 11 AM,1
109259,Before 9 AM,2
109260,9 AM - before 11 AM,3
109261,2 PM - before 5 PM,2
109261,Before 9 AM,28
109263,9 AM - before 11 AM,2
109264,9 AM - before 11 AM,3
109267,5 PM - before 9 PM,2
109267,9 AM - before 11 AM,1
109350,5 PM - before 9 PM,15
109350,Before 9 AM,15
109372,5 PM - before 9 PM,15
109372,Before 9 AM,15
109419,2 PM - before 5 PM,15
109419,Before 9 AM,15
109444,2 PM - before 5 PM,1
109444,5 PM - before 9 PM,1
109445,5 PM - before 9 PM,4
109446,2 PM - before 5 PM,1
109446,9 AM - before 11 AM,1
109462,Before 9 AM,10
109545,11 AM - before 2 PM,4
109545,2 PM - before 5 PM,4
109723,Before 9 AM,20
109724,5 PM - before 9 PM,10
109724,Before 9 AM,20
109732,5 PM - before 9 PM,10
109780,5 PM - before 9 PM,4
109810,5 PM - before 9 PM,10
109819,5 PM - before 9 PM,4
109819,Before 9 AM,4
109849,Before 9 AM,2
109919,11 AM - before 2 PM,4
109919,2 PM - before 5 PM,7
109919,5 PM - before 9 PM,7
109919,Before 9 AM,4
109920,5 PM - before 9 PM,4
109920,9 AM - before 11 AM,4
109922,11 AM - before 2 PM,2
109922,2 PM - before 5 PM,2
109948,2 PM - before 5 PM,15
109948,9 AM - before 11 AM,15
109951,9 AM - before 11 AM,8
109994,5 PM - before 9 PM,4
109995,5 PM - before 9 PM,3
109995,Before 9 AM,1
110044,Before 9 AM,8
110051,Before 9 AM,4
110052,2 PM - before 5 PM,8
110053,5 PM - before 9 PM,8
110054,5 PM - before 9 PM,8
110077,Before 9 AM,30
110157,Before 9 AM,30
110158,2 PM - before 5 PM,10
110159,5 PM - before 9 PM,15
110159,Before 9 AM,15
110160,Before 9 AM,30
110161,Before 9 AM,20
110162,5 PM - before 9 PM,15
110162,Before 9 AM,15
110250,11 AM - before 2 PM,20
110250,5 PM - before 9 PM,10
110297,5 PM - before 9 PM,1
110297,Before 9 AM,1
110371,5 PM - before 9 PM,10
110371,Before 9 AM,5
110386,5 PM - before 9 PM,2
110388,Before 9 AM,4
110389,9 AM - before 11 AM,2
110391,9 AM - before 11 AM,4
110392,11 AM - before 2 PM,4
110392,2 PM - before 5 PM,7
110392,5 PM - before 9 PM,7
110392,9 AM - before 11 AM,3
110392,Before 9 AM,3
110394,11 AM - before 2 PM,2
110394,2 PM - before 5 PM,2
110394,5 PM - before 9 PM,2
110394,9 AM - before 11 AM,2
110394,Before 9 AM,2
110395,11 AM - before 2 PM,3
110395,2 PM - before 5 PM,3
110395,5 PM - before 9 PM,4
110395,9 AM - before 11 AM,3
110395,9 PM or later,3
110395,Before 9 AM,4
110396,Before 9 AM,30
110397,5 PM - before 9 PM,2
110398,5 PM - before 9 PM,30
110400,5 PM - before 9 PM,8
110401,5 PM - before 9 PM,3
110401,Before 9 AM,2
110402,5 PM - before 9 PM,1
110402,9 AM - before 11 AM,2
110404,11 AM - before 2 PM,3
110404,5 PM - before 9 PM,4
110406,11 AM - before 2 PM,4
110406,5 PM - before 9 PM,14
110406,9 AM - before 11 AM,2
110407,9 AM - before 11 AM,2
110408,5 PM - before 9 PM,2
110409,5 PM - before 9 PM,3
110409,9 AM - before 11 AM,7
110410,Before 9 AM,2
110411,9 AM - before 11 AM,3
110412,Before 9 AM,10
110413,Before 9 AM,5
110414,5 PM - before 9 PM,3
110414,9 PM or later,1
110415,5 PM - before 9 PM,8
110416,5 PM - before 9 PM,2
110417,9 AM - before 11 AM,30
110418,11 AM - before 2 PM,5
110418,5 PM - before 9 PM,6
110418,9 AM - before 11 AM,5
110418,9 PM or later,4
110418,Before 9 AM,10
110420,Before 9 AM,2
110421,5 PM - before 9 PM,8
110421,9 AM - before 11 AM,5
110421,9 PM or later,7
110421,Before 9 AM,10
110430,9 AM - before 11 AM,10
110509,5 PM - before 9 PM,13
110509,Before 9 AM,17
110510,2 PM - before 5 PM,2
110587,5 PM - before 9 PM,4
110587,Before 9 AM,6
110588,11 AM - before 2 PM,30
110589,Before 9 AM,30
110590,5 PM - before 9 PM,4
110591,5 PM - before 9 PM,4
110592,2 PM - before 5 PM,2
110592,5 PM - before 9 PM,2
110593,5 PM - before 9 PM,10
110593,9 AM - before 11 AM,20
110594,Before 9 AM,3
110596,5 PM - before 9 PM,4
110656,Before 9 AM,4
110762,5 PM - before 9 PM,4
110762,Before 9 AM,4
110803,5 PM - before 9 PM,4
110804,5 PM - before 9 PM,10
110805,11 AM - before 2 PM,15
110805,Before 9 AM,15
110816,5 PM - before 9 PM,6
110816,9 AM - before 11 AM,2
110899,Before 9 AM,8
111011,5 PM - before 9 PM,10
111012,9 AM - before 11 AM,3
111013,9 AM - before 11 AM,5
111014,2 PM - before 5 PM,3
111015,11 AM - before 2 PM,10
111015,5 PM - before 9 PM,10
111016,5 PM - before 9 PM,10
111017,5 PM - before 9 PM,4
111059,11 AM - before 2 PM,15
111059,Before 9 AM,15
111088,Before 9 AM,4
111100,Before 9 AM,4
111106,5 PM - before 9 PM,4
111125,5 PM - before 9 PM,3
111144,5 PM - before 9 PM,4
111301,5 PM - before 9 PM,2
111301,Before 9 AM,28
111331,Before 9 AM,3
111332,5 PM - before 9 PM,2
111404,5 PM - before 9 PM,2
111404,Before 9 AM,2
111405,11 AM - before 2 PM,6
111405,2 PM - before 5 PM,2
111428,Before 9 AM,2
111429,11 AM - before 2 PM,2
111430,5 PM - before 9 PM,4
111431,2 PM - before 5 PM,4
111431,Before 9 AM,26
111432,2 PM - before 5 PM,1
111432,Before 9 AM,1
111433,11 AM - before 2 PM,3
111433,5 PM - before 9 PM,3
111433,Before 9 AM,3
111434,11 AM - before 2 PM,8
111434,5 PM - before 9 PM,8
111435,5 PM - before 9 PM,4
111435,9 AM - before 11 AM,4
111439,5 PM - before 9 PM,6
111440,9 AM - before 11 AM,2
111440,Before 9 AM,1
111441,5 PM - before 9 PM,4
111443,5 PM - before 9 PM,3
111443,9 AM - before 11 AM,4
111443,9 PM or later,5
111443,Before 9 AM,4
111446,5 PM - before 9 PM,1
111447,5 PM - before 9 PM,3
111448,5 PM - before 9 PM,10
111450,9 AM - before 11 AM,4
111451,5 PM - before 9 PM,4
111451,9 AM - before 11 AM,4
111452,5 PM - before 9 PM,4
111457,Before 9 AM,2
111458,11 AM - before 2 PM,10
111458,9 AM - before 11 AM,10
111458,Before 9 AM,5
111459,5 PM - before 9 PM,2
111461,11 AM - before 2 PM,5
111461,5 PM - before 9 PM,3
111462,Before 9 AM,2
111463,9 AM - before 11 AM,2
111485,11 AM - before 2 PM,15
111485,5 PM - before 9 PM,5
111485,Before 9 AM,10
111487,5 PM - before 9 PM,4
111488,5 PM - before 9 PM,15
111488,Before 9 AM,15
111489,5 PM - before 9 PM,8
111490,9 AM - before 11 AM,3
111490,Before 9 AM,2
111495,9 AM - before 11 AM,5
111495,Before 9 AM,3
111496,5 PM - before 9 PM,9
111496,Before 9 AM,15
111498,5 PM - before 9 PM,4
111500,Before 9 AM,10
111605,2 PM - before 5 PM,4
111605,9 AM - before 11 AM,6
111682,5 PM - before 9 PM,8
111683,Before 9 AM,10
111760,5 PM - before 9 PM,10
111761,5 PM - before 9 PM,4
111871,5 PM - before 9 PM,8
111871,Before 9 AM,20
111872,5 PM - before 9 PM,10
111872,9 AM - before 11 AM,10
111872,Before 9 AM,10
111873,5 PM - before 9 PM,5
111874,5 PM - before 9 PM,2
111874,9 AM - before 11 AM,3
111875,5 PM - before 9 PM,8
111875,9 AM - before 11 AM,6
111875,Before 9 AM,10
111876,5 PM - before 9 PM,2
111879,Before 9 AM,30
111880,Before 9 AM,4
111881,5 PM - before 9 PM,4
111932,Before 9 AM,30
111933,5 PM - before 9 PM,30
112002,5 PM - before 9 PM,30
112010,9 AM - before 11 AM,4
112024,5 PM - before 9 PM,4
112027,5 PM - before 9 PM,4
112028,2 PM - before 5 PM,6
112028,5 PM - before 9 PM,10
112029,5 PM - before 9 PM,8
112030,9 AM - before 11 AM,2
112031,5 PM - before 9 PM,8
112042,2 PM - before 5 PM,0
112042,5 PM - before 9 PM,20
112042,Before 9 AM,20
112044,11 AM - before 2 PM,4
112044,5 PM - before 9 PM,6
112044,Before 9 AM,20
112060,5 PM - before 9 PM,10
112060,9 PM or later,10
112073,Before 9 AM,10
112093,5 PM - before 9 PM,3
112099,11 AM - before 2 PM,3
112099,Before 9 AM,1
112129,9 PM or later,5
112129,Before 9 AM,10
112130,2 PM - before 5 PM,8
112130,9 AM - before 11 AM,7
112135,Before 9 AM,3
112171,Before 9 AM,30
112172,11 AM - before 2 PM,18
112172,Before 9 AM,10
112174,Before 9 AM,4
112175,11 AM - before 2 PM,4
112175,5 PM - before 9 PM,4
112176,11 AM - before 2 PM,4
112176,Before 9 AM,4
112177,11 AM - before 2 PM,3
112177,5 PM - before 9 PM,2
112177,Before 9 AM,4
112178,11 AM - before 2 PM,15
112178,Before 9 AM,15
112179,11 AM - before 2 PM,4
112179,Before 9 AM,4
112180,Before 9 AM,2
112181,11 AM - before 2 PM,4
112181,5 PM - before 9 PM,4
112181,9 PM or later,8
112182,5 PM - before 9 PM,8
112183,11 AM - before 2 PM,1
112183,9 AM - before 11 AM,2
112192,5 PM - before 9 PM,30
112192,Before 9 AM,30
112193,11 AM - before 2 PM,30
112193,5 PM - before 9 PM,30
112193,Before 9 AM,60
112196,5 PM - before 9 PM,4
112201,5 PM - before 9 PM,4
112210,5 PM - before 9 PM,4
112210,9 PM or later,1
112211,5 PM - before 9 PM,8
112222,11 AM - before 2 PM,3
112222,5 PM - before 9 PM,2
112222,Before 9 AM,5
112226,5 PM - before 9 PM,4
112227,5 PM - before 9 PM,16
112270,11 AM - before 2 PM,3
112270,5 PM - before 9 PM,5
112271,11 AM - before 2 PM,15
112271,Before 9 AM,15
112291,Before 9 AM,30
112293,5 PM - before 9 PM,3
112293,Before 9 AM,12
112294,11 AM - before 2 PM,2
112294,5 PM - before 9 PM,2
112296,5 PM - before 9 PM,4
112337,5 PM - before 9 PM,4
112338,2 PM - before 5 PM,4
112338,9 AM - before 11 AM,4
112339,2 PM - before 5 PM,6
112339,Before 9 AM,6
112340,5 PM - before 9 PM,4
112340,Before 9 AM,26
112341,5 PM - before 9 PM,6
112342,9 AM - before 11 AM,4
112343,2 PM - before 5 PM,2
112344,5 PM - before 9 PM,1
112344,9 AM - before 11 AM,2
112345,5 PM - before 9 PM,12
112346,9 AM - before 11 AM,4
112347,5 PM - before 9 PM,1
112347,9 AM - before 11 AM,3
112348,5 PM - before 9 PM,4
112436,5 PM - before 9 PM,4
112438,11 AM - before 2 PM,30
112441,5 PM - before 9 PM,4
112465,Before 9 AM,1
112466,5 PM - before 9 PM,5
112466,9 AM - before 11 AM,1
112466,Before 9 AM,2
112467,5 PM - before 9 PM,2
112467,9 PM or later,3
112467,Before 9 AM,3
112468,5 PM - before 9 PM,7
112468,9 AM - before 11 AM,6
112468,9 PM or later,10
112468,Before 9 AM,7
112511,5 PM - before 9 PM,5
112511,9 AM - before 11 AM,5
112512,5 PM - before 9 PM,2
112513,9 AM - before 11 AM,2
112514,9 AM - before 11 AM,2
112516,Before 9 AM,8
112517,9 PM or later,30
112518,Before 9 AM,8
112519,5 PM - before 9 PM,8
112519,Before 9 AM,2
112520,5 PM - before 9 PM,2
112521,5 PM - before 9 PM,3
112522,11 AM - before 2 PM,8
112522,5 PM - before 9 PM,4
112523,5 PM - before 9 PM,2
112524,5 PM - before 9 PM,4
112525,9 AM - before 11 AM,4
112526,Before 9 AM,2
112527,9 AM - before 11 AM,2
112528,5 PM - before 9 PM,1
112528,9 PM or later,1
112530,5 PM - before 9 PM,1
112530,9 PM or later,2
112530,Before 9 AM,1
112531,Before 9 AM,30
112532,Before 9 AM,3
112534,5 PM - before 9 PM,2
112534,Before 9 AM,1
112535,5 PM - before 9 PM,3
112535,Before 9 AM,5
112536,11 AM - before 2 PM,2
112536,5 PM - before 9 PM,2
112538,2 PM - before 5 PM,4
112539,Before 9 AM,6
112541,11 AM - before 2 PM,3
112542,5 PM - before 9 PM,1
112542,9 AM - before 11 AM,1
112542,Before 9 AM,2
112543,11 AM - before 2 PM,6
112544,5 PM - before 9 PM,2
112561,Before 9 AM,4
112562,Before 9 AM,4
112563,9 AM - before 11 AM,3
112564,9 AM - before 11 AM,4
112565,Before 9 AM,15
112566,9 AM - before 11 AM,4
112567,5 PM - before 9 PM,4
112568,5 PM - before 9 PM,3
112569,5 PM - before 9 PM,12
112570,5 PM - before 9 PM,2
112570,9 AM - before 11 AM,28
112572,5 PM - before 9 PM,16
112573,2 PM - before 5 PM,9
112582,9 AM - before 11 AM,2
112583,Before 9 AM,2
112586,5 PM - before 9 PM,4
112587,Before 9 AM,30
112588,Before 9 AM,4
112589,9 AM - before 11 AM,4
112590,5 PM - before 9 PM,4
112590,Before 9 AM,4
112592,11 AM - before 2 PM,2
112593,Before 9 AM,2
112715,Before 9 AM,30
112815,Before 9 AM,4
112817,5 PM - before 9 PM,2
112817,9 PM or later,1
112818,9 PM or later,1
112819,5 PM - before 9 PM,2
112819,Before 9 AM,2
112820,5 PM - before 9 PM,5
112820,9 PM or later,5
112822,2 PM - before 5 PM,3
112823,5 PM - before 9 PM,4
112922,5 PM - before 9 PM,5
112922,9 PM or later,5
113048,5 PM - before 9 PM,8
113049,5 PM - before 9 PM,3
113050,5 PM - before 9 PM,1
113050,9 AM - before 11 AM,3
113075,11 AM - before 2 PM,30
113075,Before 9 AM,30
113103,2 PM - before 5 PM,9
113105,9 AM - before 11 AM,6
113105,9 PM or later,2
113106,9 AM - before 11 AM,20
113110,9 AM - before 11 AM,4
113186,Before 9 AM,30
113187,5 PM - before 9 PM,10
113188,5 PM - before 9 PM,2
113188,9 AM - before 11 AM,3
113219,Before 9 AM,2
113242,Before 9 AM,10
113292,Before 9 AM,2
113397,Before 9 AM,8
113431,5 PM - before 9 PM,4
113432,5 PM - before 9 PM,8
113452,Before 9 AM,8
113580,11 AM - before 2 PM,1
113580,Before 9 AM,2
113581,11 AM - before 2 PM,8
113581,5 PM - before 9 PM,10
113581,9 PM or later,7
113581,Before 9 AM,5
113595,Before 9 AM,12
113629,11 AM - before 2 PM,40
113629,5 PM - before 9 PM,40
113629,Before 9 AM,40
113630,11 AM - before 2 PM,20
113630,5 PM - before 9 PM,20
113630,Before 9 AM,20
113631,11 AM - before 2 PM,40
113631,5 PM - before 9 PM,40
113631,Before 9 AM,40
113632,11 AM - before 2 PM,40
113632,5 PM - before 9 PM,40
113632,Before 9 AM,40
113633,11 AM - before 2 PM,60
113633,5 PM - before 9 PM,60
113633,Before 9 AM,60
113659,Before 9 AM,20
113660,Before 9 AM,10
113661,5 PM - before 9 PM,6
113661,9 PM or later,6
113940,11 AM - before 2 PM,6
113940,Before 9 AM,24
114267,Before 9 AM,2
114328,Before 9 AM,2
114430,Before 9 AM,4
114472,9 AM - before 11 AM,4
114595,5 PM - before 9 PM,2
114608,5 PM - before 9 PM,3
114609,5 PM - before 9 PM,3
114997,Before 9 AM,8
115062,Before 9 AM,10
115064,5 PM - before 9 PM,5
115064,Before 9 AM,5
115065,9 PM or later,4
115065,Before 9 AM,1
115109,5 PM - before 9 PM,4
115109,Before 9 AM,8
115145,11 AM - before 2 PM,3
115145,5 PM - before 9 PM,4
115145,Before 9 AM,2
115311,9 PM or later,5
115311,Before 9 AM,7
115342,11 AM - before 2 PM,15
115342,Before 9 AM,15
115343,Before 9 AM,30
115344,Before 9 AM,30
115345,11 AM - before 2 PM,30
115345,5 PM - before 9 PM,30
115345,Before 9 AM,30
115346,11 AM - before 2 PM,30
115346,5 PM - before 9 PM,30
115346,Before 9 AM,30
115347,5 PM - before 9 PM,10
115347,Before 9 AM,5
115348,5 PM - before 9 PM,15
115349,5 PM - before 9 PM,4
115363,5 PM - before 9 PM,9
115363,Before 9 AM,3
115413,11 AM - before 2 PM,3
115413,5 PM - before 9 PM,5
115497,5 PM - before 9 PM,10
115497,Before 9 AM,10
115498,5 PM - before 9 PM,2
115498,9 AM - before 11 AM,13
115902,Before 9 AM,10
115903,5 PM - before 9 PM,6
115903,9 AM - before 11 AM,4
115904,9 AM - before 11 AM,4
115905,11 AM - before 2 PM,30
115905,5 PM - before 9 PM,30
115919,Before 9 AM,30
115933,11 AM - before 2 PM,8
115933,Before 9 AM,12
115942,11 AM - before 2 PM,5
115942,5 PM - before 9 PM,7
115947,5 PM - before 9 PM,45
115947,Before 9 AM,15
115951,11 AM - before 2 PM,3
115951,Before 9 AM,5
115962,11 AM - before 2 PM,2
115962,5 PM - before 9 PM,2
115962,Before 9 AM,6
115982,11 AM - before 2 PM,2
115982,5 PM - before 9 PM,8
115982,9 AM - before 11 AM,3
115982,Before 9 AM,17
115984,Before 9 AM,2
115986,2 PM - before 5 PM,4
115990,5 PM - before 9 PM,30
115993,9 AM - before 11 AM,3
115999,2 PM - before 5 PM,15
115999,5 PM - before 9 PM,15
116000,Before 9 AM,30
116005,Before 9 AM,10
116007,11 AM - before 2 PM,6
116007,2 PM - before 5 PM,4
116012,9 PM or later,2
116013,Before 9 AM,30
116014,5 PM - before 9 PM,30
116015,9 PM or later,4
116016,5 PM - before 9 PM,3
116017,9 AM - before 11 AM,2
116018,5 PM - before 9 PM,8
116018,Before 9 AM,30
116019,Before 9 AM,10
116020,Before 9 AM,30
116021,9 AM - before 11 AM,60
116021,9 PM or later,60
116022,Before 9 AM,30
116023,2 PM - before 5 PM,30
116023,Before 9 AM,30
116024,11 AM - before 2 PM,2
116025,Before 9 AM,30
116026,Before 9 AM,25
116027,Before 9 AM,30
116028,11 AM - before 2 PM,30
116028,5 PM - before 9 PM,30
116028,Before 9 AM,30
116029,Before 9 AM,5
116030,5 PM - before 9 PM,2
116030,Before 9 AM,1
116031,Before 9 AM,15
116032,Before 9 AM,30
116034,Before 9 AM,30
116035,Before 9 AM,30
116036,2 PM - before 5 PM,3
116037,5 PM - before 9 PM,30
116037,Before 9 AM,30
116038,2 PM - before 5 PM,2
116039,5 PM - before 9 PM,30
116039,Before 9 AM,30
116040,Before 9 AM,30
116041,5 PM - before 9 PM,4
116042,11 AM - before 2 PM,30
116042,5 PM - before 9 PM,30
116042,Before 9 AM,30
116044,Before 9 AM,3
116047,9 PM or later,15
116047,Before 9 AM,15
116048,2 PM - before 5 PM,2
116050,Before 9 AM,3
116052,5 PM - before 9 PM,2
116052,Before 9 AM,2
116062,5 PM - before 9 PM,5
116062,Before 9 AM,5
116068,9 AM - before 11 AM,8
116071,9 AM - before 11 AM,4
116080,Before 9 AM,10
116083,9 AM - before 11 AM,5
116083,Before 9 AM,3
116105,Before 9 AM,30
116106,5 PM - before 9 PM,15
116106,Before 9 AM,15
116107,Before 9 AM,2
116108,Before 9 AM,2
116180,5 PM - before 9 PM,5
116187,11 AM - before 2 PM,30
116187,5 PM - before 9 PM,30
116187,Before 9 AM,30
116188,5 PM - before 9 PM,10
116189,11 AM - before 2 PM,30
116189,5 PM - before 9 PM,30
116189,Before 9 AM,30
116190,5 PM - before 9 PM,15
116629,5 PM - before 9 PM,30
116629,Before 9 AM,30
116632,5 PM - before 9 PM,30
116644,9 AM - before 11 AM,2
116665,11 AM - before 2 PM,10
116665,Before 9 AM,20
116676,Before 9 AM,30
116686,2 PM - before 5 PM,7
116686,5 PM - before 9 PM,7
116686,Before 9 AM,6
116692,11 AM - before 2 PM,20
116692,5 PM - before 9 PM,20
116692,Before 9 AM,20
116710,5 PM - before 9 PM,3
116739,11 AM - before 2 PM,5
116739,2 PM - before 5 PM,5
116739,5 PM - before 9 PM,10
116739,Before 9 AM,5
116743,11 AM - before 2 PM,30
116743,Before 9 AM,30
116764,5 PM - before 9 PM,8
116764,9 PM or later,7
116764,Before 9 AM,15
116791,2 PM - before 5 PM,30
116791,5 PM - before 9 PM,20
116791,9 PM or later,10
116791,Before 9 AM,60
116827,11 AM - before 2 PM,30
116827,5 PM - before 9 PM,30
116827,Before 9 AM,30
116829,11 AM - before 2 PM,10
116829,Before 9 AM,10
116903,11 AM - before 2 PM,2
116903,2 PM - before 5 PM,3
116903,9 AM - before 11 AM,3
116908,Before 9 AM,10
116946,2 PM - before 5 PM,15
116946,Before 9 AM,15
116952,9 AM - before 11 AM,4
117008,5 PM - before 9 PM,10
117036,5 PM - before 9 PM,30
117036,Before 9 AM,30
117037,5 PM - before 9 PM,2
117056,Before 9 AM,10
117059,5 PM - before 9 PM,4
117059,Before 9 AM,4
117062,5 PM - before 9 PM,20
117062,Before 9 AM,20
117063,Before 9 AM,4
117070,5 PM - before 9 PM,2
117070,Before 9 AM,2
117075,5 PM - before 9 PM,30
117075,Before 9 AM,30
117139,Before 9 AM,5
117140,5 PM - before 9 PM,30
117140,Before 9 AM,30
117154,5 PM - before 9 PM,10
117157,11 AM - before 2 PM,5
117157,9 AM - before 11 AM,5
117218,11 AM - before 2 PM,1
117218,9 AM - before 11 AM,1
117218,Before 9 AM,6
117219,11 AM - before 2 PM,30
117219,Before 9 AM,30
117220,Before 9 AM,30
117239,11 AM - before 2 PM,10
117239,5 PM - before 9 PM,10
117239,Before 9 AM,30
117269,Before 9 AM,4
117273,5 PM - before 9 PM,3
117350,Before 9 AM,30
117354,11 AM - before 2 PM,30
117354,5 PM - before 9 PM,30
117354,Before 9 AM,30
117355,11 AM - before 2 PM,30
117355,Before 9 AM,30
117357,2 PM - before 5 PM,2
117357,5 PM - before 9 PM,3
117357,Before 9 AM,5
117405,11 AM - before 2 PM,30
117405,5 PM - before 9 PM,30
117405,Before 9 AM,30
117406,5 PM - before 9 PM,8
117406,Before 9 AM,7
117427,9 AM - before 11 AM,4
117473,11 AM - before 2 PM,20
117473,Before 9 AM,20
117480,5 PM - before 9 PM,4
117480,9 AM - before 11 AM,4
117500,5 PM - before 9 PM,15
117500,Before 9 AM,15
117507,5 PM - before 9 PM,10
117507,9 PM or later,5
117507,Before 9 AM,5
117644,11 AM - before 2 PM,6
117644,5 PM - before 9 PM,6
117644,9 AM - before 11 AM,6
117644,9 PM or later,7
117644,Before 9 AM,5
117647,5 PM - before 9 PM,4
117647,9 PM or later,4
117647,Before 9 AM,2
117658,2 PM - before 5 PM,5
117658,5 PM - before 9 PM,5
117658,Before 9 AM,5
117677,11 AM - before 2 PM,5
117677,2 PM - before 5 PM,5
117677,5 PM - before 9 PM,10
117677,9 AM - before 11 AM,5
117677,Before 9 AM,5
117688,5 PM - before 9 PM,7
117688,Before 9 AM,8
117698,11 AM - before 2 PM,6
117698,2 PM - before 5 PM,6
117698,5 PM - before 9 PM,6
117698,9 AM - before 11 AM,6
117698,Before 9 AM,6
117703,11 AM - before 2 PM,2
117703,5 PM - before 9 PM,6
117706,5 PM - before 9 PM,2
117706,9 AM - before 11 AM,8
117706,Before 9 AM,10
117708,5 PM - before 9 PM,3
117708,Before 9 AM,3
117709,5 PM - before 9 PM,2
117709,9 PM or later,1
117710,2 PM - before 5 PM,2
117710,5 PM - before 9 PM,1
117711,9 AM - before 11 AM,2
117711,Before 9 AM,1
117712,Before 9 AM,4
117713,11 AM - before 2 PM,1
117713,5 PM - before 9 PM,1
117732,11 AM - before 2 PM,3
117732,2 PM - before 5 PM,4
117732,5 PM - before 9 PM,4
117732,9 AM - before 11 AM,5
117732,Before 9 AM,4
117772,11 AM - before 2 PM,10
117772,5 PM - before 9 PM,10
117796,11 AM - before 2 PM,4
117796,5 PM - before 9 PM,4
117798,11 AM - before 2 PM,2
117799,11 AM - before 2 PM,1
117799,Before 9 AM,1
117897,9 AM - before 11 AM,4
117918,Before 9 AM,4
117921,11 AM - before 2 PM,12
117921,5 PM - before 9 PM,4
117922,5 PM - before 9 PM,4
117922,Before 9 AM,20
117976,2 PM - before 5 PM,30
118021,2 PM - before 5 PM,4
118021,5 PM - before 9 PM,4
118021,9 AM - before 11 AM,2
118022,5 PM - before 9 PM,4
118022,9 AM - before 11 AM,4
118023,5 PM - before 9 PM,2
118024,5 PM - before 9 PM,4
118025,5 PM - before 9 PM,4
118026,5 PM - before 9 PM,2
118027,5 PM - before 9 PM,4
118028,5 PM - before 9 PM,4
118200,5 PM - before 9 PM,2
118200,9 PM or later,2
118214,5 PM - before 9 PM,20
118214,9 PM or later,10
118215,5 PM - before 9 PM,6
118215,9 AM - before 11 AM,4
118216,5 PM - before 9 PM,2
118217,Before 9 AM,2
118238,9 AM - before 11 AM,30
118239,Before 9 AM,2
118240,9 AM - before 11 AM,2
118244,9 AM - before 11 AM,2
118245,5 PM - before 9 PM,2
118245,9 AM - before 11 AM,2
118246,9 AM - before 11 AM,2
118247,9 AM - before 11 AM,3
118263,Before 9 AM,3
118264,11 AM - before 2 PM,1
118264,5 PM - before 9 PM,1
118264,9 AM - before 11 AM,1
118264,Before 9 AM,1
118265,5 PM - before 9 PM,1
118265,9 AM - before 11 AM,1
118266,11 AM - before 2 PM,6
118266,2 PM - before 5 PM,6
118266,5 PM - before 9 PM,6
118266,9 AM - before 11 AM,6
118266,Before 9 AM,6
118267,2 PM - before 5 PM,3
118267,9 AM - before 11 AM,1
118268,5 PM - before 9 PM,2
118268,9 AM - before 11 AM,1
118269,5 PM - before 9 PM,4
118270,5 PM - before 9 PM,16
118270,9 PM or later,14
118271,2 PM - before 5 PM,1
118271,Before 9 AM,2
118272,5 PM - before 9 PM,2
118273,2 PM - before 5 PM,2
118274,2 PM - before 5 PM,8
118277,5 PM - before 9 PM,2
118277,9 AM - before 11 AM,1
118278,11 AM - before 2 PM,20
118278,2 PM - before 5 PM,3
118278,9 AM - before 11 AM,7
118279,9 AM - before 11 AM,1
118280,9 AM - before 11 AM,1
118280,Before 9 AM,3
118281,5 PM - before 9 PM,2
118282,2 PM - before 5 PM,4
118282,5 PM - before 9 PM,4
118283,9 AM - before 11 AM,4
118283,Before 9 AM,4
118296,5 PM - before 9 PM,1
118296,Before 9 AM,2
118298,5 PM - before 9 PM,20
118298,Before 9 AM,3
118299,5 PM - before 9 PM,7
118341,5 PM - before 9 PM,20
118343,2 PM - before 5 PM,7
118343,9 AM - before 11 AM,1
118344,5 PM - before 9 PM,6
118393,5 PM - before 9 PM,2
118393,9 PM or later,1
118394,5 PM - before 9 PM,4
118395,2 PM - before 5 PM,2
118395,Before 9 AM,2
118396,2 PM - before 5 PM,5
118396,5 PM - before 9 PM,7
118396,9 AM - before 11 AM,5
118396,Before 9 AM,3
118397,5 PM - before 9 PM,2
118398,2 PM - before 5 PM,8
118398,5 PM - before 9 PM,12
118398,Before 9 AM,10
118400,2 PM - before 5 PM,2
118400,9 AM - before 11 AM,2
118401,5 PM - before 9 PM,2
118401,Before 9 AM,2
118402,5 PM - before 9 PM,2
118403,2 PM - before 5 PM,7
118403,5 PM - before 9 PM,7
118403,9 AM - before 11 AM,8
118403,Before 9 AM,8
118667,5 PM - before 9 PM,4
118717,11 AM - before 2 PM,5
118717,2 PM - before 5 PM,5
118717,5 PM - before 9 PM,5
118717,9 AM - before 11 AM,5
118717,9 PM or later,5
118717,Before 9 AM,5
118768,11 AM - before 2 PM,7
118768,5 PM - before 9 PM,5
118768,9 AM - before 11 AM,6
118768,9 PM or later,6
118768,Before 9 AM,6
118813,2 PM - before 5 PM,6
118813,5 PM - before 9 PM,6
118813,9 AM - before 11 AM,6
118813,9 PM or later,5
118813,Before 9 AM,7
118842,11 AM - before 2 PM,9
118842,2 PM - before 5 PM,5
118842,5 PM - before 9 PM,6
118842,Before 9 AM,10
118938,11 AM - before 2 PM,5
118938,2 PM - before 5 PM,7
118938,5 PM - before 9 PM,6
118938,9 AM - before 11 AM,6
118938,9 PM or later,6
119005,5 PM - before 9 PM,3
119005,Before 9 AM,5
119050,2 PM - before 5 PM,6
119050,9 AM - before 11 AM,8
119050,9 PM or later,7
119050,Before 9 AM,7
119108,5 PM - before 9 PM,30
119109,2 PM - before 5 PM,30
119109,Before 9 AM,30
119110,Before 9 AM,30
119111,Before 9 AM,30
119112,Before 9 AM,30
119113,Before 9 AM,30
119114,5 PM - before 9 PM,30
119114,Before 9 AM,30
119120,5 PM - before 9 PM,2
119120,Before 9 AM,10
119151,2 PM - before 5 PM,10
119151,5 PM - before 9 PM,5
119151,9 AM - before 11 AM,10
119160,5 PM - before 9 PM,11
119160,9 AM - before 11 AM,4
119166,Before 9 AM,4
119167,Before 9 AM,30
119168,Before 9 AM,30
119202,2 PM - before 5 PM,2
119202,9 AM - before 11 AM,2
119216,11 AM - before 2 PM,30
119216,5 PM - before 9 PM,30
119216,Before 9 AM,30
119274,5 PM - before 9 PM,8
119275,Before 9 AM,4
119276,5 PM - before 9 PM,4
119276,9 AM - before 11 AM,4
119277,2 PM - before 5 PM,8
119278,2 PM - before 5 PM,30
119278,Before 9 AM,30
119279,Before 9 AM,12
119287,2 PM - before 5 PM,2
119287,Before 9 AM,2
119330,5 PM - before 9 PM,7
119330,9 AM - before 11 AM,7
119330,Before 9 AM,6
119358,5 PM - before 9 PM,3
119369,5 PM - before 9 PM,6
119369,Before 9 AM,6
119379,Before 9 AM,30
119383,9 AM - before 11 AM,9
119383,9 PM or later,11
119383,Before 9 AM,10
119393,Before 9 AM,30
119406,5 PM - before 9 PM,10
119406,9 PM or later,10
119406,Before 9 AM,10
119427,9 AM - before 11 AM,4
119468,5 PM - before 9 PM,10
119468,Before 9 AM,20
119483,9 AM - before 11 AM,2
119483,Before 9 AM,3
119484,5 PM - before 9 PM,2
119484,9 PM or later,4
119485,11 AM - before 2 PM,3
119485,9 AM - before 11 AM,1
119486,2 PM - before 5 PM,5
119486,5 PM - before 9 PM,5
119486,Before 9 AM,20
119488,Before 9 AM,4
119489,5 PM - before 9 PM,2
119490,Before 9 AM,30
119540,5 PM - before 9 PM,4
119540,9 AM - before 11 AM,6
119546,5 PM - before 9 PM,12
119546,9 AM - before 11 AM,8
119546,Before 9 AM,10
119547,5 PM - before 9 PM,2
119548,5 PM - before 9 PM,2
119548,9 AM - before 11 AM,4
119548,Before 9 AM,2
119592,11 AM - before 2 PM,1
119592,Before 9 AM,2
119593,11 AM - before 2 PM,2
119593,Before 9 AM,2
119595,11 AM - before 2 PM,2
119595,5 PM - before 9 PM,2
119596,Before 9 AM,3
119597,11 AM - before 2 PM,1
119597,5 PM - before 9 PM,1
119598,11 AM - before 2 PM,10
119598,5 PM - before 9 PM,5
119598,9 AM - before 11 AM,10
119598,9 PM or later,5
119600,Before 9 AM,4
119601,5 PM - before 9 PM,4
119615,5 PM - before 9 PM,4
119616,11 AM - before 2 PM,3
119616,5 PM - before 9 PM,2
119616,Before 9 AM,3
119617,2 PM - before 5 PM,2
119617,5 PM - before 9 PM,4
119617,Before 9 AM,4
119618,11 AM - before 2 PM,9
119618,5 PM - before 9 PM,6
119618,Before 9 AM,15
119637,Before 9 AM,4
119676,5 PM - before 9 PM,4
119676,Before 9 AM,16
119690,5 PM - before 9 PM,4
119690,Before 9 AM,1
119691,Before 9 AM,4
119692,Before 9 AM,4
119802,11 AM - before 2 PM,5
119802,9 PM or later,5
119802,Before 9 AM,10
119803,5 PM - before 9 PM,2
119803,Before 9 AM,2
119982,5 PM - before 9 PM,5
119982,9 AM - before 11 AM,2
119982,9 PM or later,3
120004,9 AM - before 11 AM,2
120005,9 AM - before 11 AM,3
120006,5 PM - before 9 PM,2
120006,Before 9 AM,1
120007,9 PM or later,3
120007,Before 9 AM,1
120008,Before 9 AM,30
120009,Before 9 AM,2
120010,5 PM - before 9 PM,2
120011,9 PM or later,4
120012,5 PM - before 9 PM,2
120059,Before 9 AM,3
120060,2 PM - before 5 PM,2
120060,5 PM - before 9 PM,2
120060,9 AM - before 11 AM,2
120060,9 PM or later,2
120060,Before 9 AM,2
120063,5 PM - before 9 PM,2
120063,9 PM or later,2
120064,5 PM - before 9 PM,1
120064,9 PM or later,2
120065,9 AM - before 11 AM,4
120066,9 PM or later,2
120066,Before 9 AM,4
120067,Before 9 AM,2
120068,5 PM - before 9 PM,2
120069,5 PM - before 9 PM,2
120072,5 PM - before 9 PM,5
120072,Before 9 AM,3
120073,2 PM - before 5 PM,3
120073,Before 9 AM,5
120080,5 PM - before 9 PM,3
120083,5 PM - before 9 PM,3
120084,Before 9 AM,3
120086,Before 9 AM,20
120087,Before 9 AM,4
120088,Before 9 AM,3
120089,Before 9 AM,4
120091,Before 9 AM,4
120092,5 PM - before 9 PM,5
120092,Before 9 AM,25
120093,Before 9 AM,2
120094,Before 9 AM,28
120095,Before 9 AM,5
120096,Before 9 AM,3
120117,5 PM - before 9 PM,8
120118,5 PM - before 9 PM,6
120122,Before 9 AM,4
120123,5 PM - before 9 PM,4
120123,9 PM or later,4
120123,Before 9 AM,4
120124,2 PM - before 5 PM,12
120124,5 PM - before 9 PM,8
120124,9 AM - before 11 AM,10
120125,2 PM - before 5 PM,4
120126,5 PM - before 9 PM,8
120127,5 PM - before 9 PM,3
120128,2 PM - before 5 PM,6
120128,Before 9 AM,6
120129,11 AM - before 2 PM,2
120129,5 PM - before 9 PM,4
120129,9 AM - before 11 AM,2
120130,5 PM - before 9 PM,20
120130,Before 9 AM,10
120131,11 AM - before 2 PM,3
120131,5 PM - before 9 PM,5
120132,2 PM - before 5 PM,4
120133,5 PM - before 9 PM,4
120133,Before 9 AM,4
120134,Before 9 AM,20
120136,Before 9 AM,8
120138,Before 9 AM,20
120142,5 PM - before 9 PM,4
120142,Before 9 AM,6
120143,5 PM - before 9 PM,6
120166,9 AM - before 11 AM,4
120167,5 PM - before 9 PM,6
120167,9 AM - before 11 AM,4
120168,9 AM - before 11 AM,4
120169,9 AM - before 11 AM,4
120170,5 PM - before 9 PM,4
120171,5 PM - before 9 PM,8
120172,5 PM - before 9 PM,3
120186,Before 9 AM,4
120187,Before 9 AM,4
120202,5 PM - before 9 PM,16
120252,5 PM - before 9 PM,7
120252,Before 9 AM,8
120254,11 AM - before 2 PM,10
120254,5 PM - before 9 PM,10
120254,Before 9 AM,10
120264,Before 9 AM,8
120322,Before 9 AM,30
120323,Before 9 AM,30
120324,2 PM - before 5 PM,15
120324,Before 9 AM,15
120325,9 PM or later,2
120325,Before 9 AM,10
120399,9 AM - before 11 AM,8
120472,5 PM - before 9 PM,4
120472,9 AM - before 11 AM,4
120503,5 PM - before 9 PM,2
120503,Before 9 AM,28
120602,5 PM - before 9 PM,8
120604,11 AM - before 2 PM,5
120604,5 PM - before 9 PM,5
120604,9 PM or later,10
120604,Before 9 AM,10
120626,5 PM - before 9 PM,7
120626,9 AM - before 11 AM,8
120626,9 PM or later,7
120626,Before 9 AM,8
120631,2 PM - before 5 PM,6
120631,9 PM or later,5
120631,Before 9 AM,4
120632,5 PM - before 9 PM,7
120632,9 PM or later,3
120798,2 PM - before 5 PM,7
120798,5 PM - before 9 PM,6
120798,9 AM - before 11 AM,5
120798,9 PM or later,6
120798,Before 9 AM,6
120870,5 PM - before 9 PM,15
120870,Before 9 AM,15
120919,11 AM - before 2 PM,7
120919,2 PM - before 5 PM,8
120919,5 PM - before 9 PM,8
120919,Before 9 AM,7
120946,11 AM - before 2 PM,4
120952,5 PM - before 9 PM,15
120952,Before 9 AM,15
120953,Before 9 AM,10
121002,2 PM - before 5 PM,7
121002,5 PM - before 9 PM,8
121002,9 AM - before 11 AM,7
121002,9 PM or later,8
121007,5 PM - before 9 PM,8
121009,5 PM - before 9 PM,15
121010,5 PM - before 9 PM,15
121010,Before 9 AM,15
121011,11 AM - before 2 PM,15
121011,5 PM - before 9 PM,10
121011,Before 9 AM,15
121012,11 AM - before 2 PM,10
121012,5 PM - before 9 PM,10
121012,Before 9 AM,10
121015,Before 9 AM,20
121016,5 PM - before 9 PM,7
121016,Before 9 AM,8
121018,Before 9 AM,30
121019,2 PM - before 5 PM,2
121019,Before 9 AM,28
121020,5 PM - before 9 PM,8
121046,9 PM or later,2
121129,2 PM - before 5 PM,5
121129,5 PM - before 9 PM,5
121129,9 AM - before 11 AM,7
121129,Before 9 AM,7
121143,11 AM - before 2 PM,4
121143,5 PM - before 9 PM,4
121143,9 AM - before 11 AM,4
121149,Before 9 AM,30
121215,5 PM - before 9 PM,1
121215,9 PM or later,1
121216,5 PM - before 9 PM,2
121216,9 AM - before 11 AM,2
121217,11 AM - before 2 PM,2
121217,2 PM - before 5 PM,3
121217,5 PM - before 9 PM,3
121218,5 PM - before 9 PM,2
121219,5 PM - before 9 PM,1
121219,9 PM or later,1
121221,5 PM - before 9 PM,2
121222,2 PM - before 5 PM,2
121222,9 AM - before 11 AM,2
121224,5 PM - before 9 PM,2
121225,5 PM - before 9 PM,15
121225,Before 9 AM,15
121226,2 PM - before 5 PM,3
121227,5 PM - before 9 PM,10
121228,11 AM - before 2 PM,4
121228,5 PM - before 9 PM,6
121229,5 PM - before 9 PM,3
121230,5 PM - before 9 PM,4
121305,5 PM - before 9 PM,2
121308,Before 9 AM,30
121309,Before 9 AM,8
121310,Before 9 AM,12
121311,5 PM - before 9 PM,4
121311,9 AM - before 11 AM,4
121343,Before 9 AM,7
121391,5 PM - before 9 PM,2
121391,9 PM or later,2
121393,5 PM - before 9 PM,2
121393,9 PM or later,1
121394,5 PM - before 9 PM,4
121395,5 PM - before 9 PM,3
121412,11 AM - before 2 PM,5
121412,Before 9 AM,25
121413,5 PM - before 9 PM,2
121413,Before 9 AM,28
121414,5 PM - before 9 PM,4
121415,2 PM - before 5 PM,2
121415,Before 9 AM,28
121416,2 PM - before 5 PM,2
121416,Before 9 AM,28
121417,9 AM - before 11 AM,2
121417,Before 9 AM,2
121418,5 PM - before 9 PM,5
121418,Before 9 AM,5
121443,Before 9 AM,8
121481,Before 9 AM,2
121482,9 AM - before 11 AM,3
121483,5 PM - before 9 PM,2
121484,5 PM - before 9 PM,5
121484,Before 9 AM,5
121485,5 PM - before 9 PM,2
121489,2 PM - before 5 PM,8
121515,11 AM - before 2 PM,2
121515,5 PM - before 9 PM,1
121515,9 AM - before 11 AM,2
121531,11 AM - before 2 PM,2
121531,Before 9 AM,2
121532,2 PM - before 5 PM,2
121532,9 AM - before 11 AM,1
121533,5 PM - before 9 PM,3
121534,2 PM - before 5 PM,3
121534,9 AM - before 11 AM,2
121536,5 PM - before 9 PM,2
121536,9 AM - before 11 AM,1
121537,5 PM - before 9 PM,2
121537,Before 9 AM,1
121539,5 PM - before 9 PM,10
121539,Before 9 AM,20
121540,5 PM - before 9 PM,3
121541,5 PM - before 9 PM,3
121541,9 PM or later,1
121542,5 PM - before 9 PM,2
121543,11 AM - before 2 PM,1
121543,9 AM - before 11 AM,1
121544,Before 9 AM,10
121545,Before 9 AM,4
121546,11 AM - before 2 PM,4
121547,11 AM - before 2 PM,3
121548,Before 9 AM,30
121549,5 PM - before 9 PM,4
121550,5 PM - before 9 PM,16
121551,5 PM - before 9 PM,1
121551,9 PM or later,4
121553,5 PM - before 9 PM,2
121564,2 PM - before 5 PM,2
121567,2 PM - before 5 PM,1
121567,5 PM - before 9 PM,2
121568,5 PM - before 9 PM,2
121569,2 PM - before 5 PM,3
121569,5 PM - before 9 PM,4
121569,9 AM - before 11 AM,3
121570,2 PM - before 5 PM,1
121570,5 PM - before 9 PM,3
121571,2 PM - before 5 PM,2
121571,5 PM - before 9 PM,5
121571,9 PM or later,1
121572,2 PM - before 5 PM,3
121572,5 PM - before 9 PM,5
121573,5 PM - before 9 PM,4
121574,5 PM - before 9 PM,6
121574,9 AM - before 11 AM,2
121578,9 AM - before 11 AM,2
121578,Before 9 AM,2
121579,5 PM - before 9 PM,1
121579,9 AM - before 11 AM,1
121580,5 PM - before 9 PM,2
121580,9 AM - before 11 AM,1
121592,11 AM - before 2 PM,4
121593,Before 9 AM,4
121594,Before 9 AM,10
121595,Before 9 AM,4
121604,5 PM - before 9 PM,1
121604,9 AM - before 11 AM,1
121610,2 PM - before 5 PM,1
121610,9 AM - before 11 AM,1
121611,5 PM - before 9 PM,2
121612,2 PM - before 5 PM,3
121612,9 AM - before 11 AM,5
121613,5 PM - before 9 PM,2
121614,5 PM - before 9 PM,1
121614,9 AM - before 11 AM,1
121615,5 PM - before 9 PM,3
121615,9 AM - before 11 AM,1
121616,2 PM - before 5 PM,1
121616,9 AM - before 11 AM,1
121617,5 PM - before 9 PM,1
121617,9 AM - before 11 AM,3
121618,9 AM - before 11 AM,3
121619,2 PM - before 5 PM,1
121619,9 AM - before 11 AM,4
121619,Before 9 AM,3
121620,2 PM - before 5 PM,1
121620,9 AM - before 11 AM,2
121620,Before 9 AM,1
121622,2 PM - before 5 PM,2
121622,5 PM - before 9 PM,5
121622,9 AM - before 11 AM,2
121624,5 PM - before 9 PM,2
121624,9 AM - before 11 AM,2
121625,5 PM - before 9 PM,1
121625,9 AM - before 11 AM,2
121627,2 PM - before 5 PM,3
121627,5 PM - before 9 PM,3
121627,9 AM - before 11 AM,4
121628,2 PM - before 5 PM,2
121628,5 PM - before 9 PM,4
121628,9 AM - before 11 AM,2
121629,5 PM - before 9 PM,3
121629,9 AM - before 11 AM,1
121630,5 PM - before 9 PM,1
121630,9 AM - before 11 AM,3
121631,5 PM - before 9 PM,4
121632,5 PM - before 9 PM,4
121632,9 AM - before 11 AM,4
121635,5 PM - before 9 PM,3
121636,11 AM - before 2 PM,1
121636,5 PM - before 9 PM,3
121637,5 PM - before 9 PM,3
121638,11 AM - before 2 PM,3
121638,5 PM - before 9 PM,7
121638,9 AM - before 11 AM,2
121638,9 PM or later,4
121639,5 PM - before 9 PM,2
121641,11 AM - before 2 PM,3
121641,5 PM - before 9 PM,7
121642,11 AM - before 2 PM,1
121642,2 PM - before 5 PM,1
121643,5 PM - before 9 PM,2
121676,2 PM - before 5 PM,7
121676,Before 9 AM,5
121677,5 PM - before 9 PM,20
121677,9 AM - before 11 AM,10
121678,2 PM - before 5 PM,2
121679,5 PM - before 9 PM,2
121679,9 AM - before 11 AM,2
121680,5 PM - before 9 PM,4
121684,5 PM - before 9 PM,10
121684,9 AM - before 11 AM,5
121684,9 PM or later,5
121686,2 PM - before 5 PM,7
121686,5 PM - before 9 PM,6
121686,9 AM - before 11 AM,7
121686,9 PM or later,10
121687,5 PM - before 9 PM,6
121687,9 AM - before 11 AM,4
121688,11 AM - before 2 PM,5
121688,2 PM - before 5 PM,7
121688,5 PM - before 9 PM,6
121688,9 AM - before 11 AM,6
121688,9 PM or later,6
121689,5 PM - before 9 PM,2
121690,5 PM - before 9 PM,6
121691,2 PM - before 5 PM,7
121691,5 PM - before 9 PM,12
121691,9 AM - before 11 AM,5
121691,Before 9 AM,6
121696,Before 9 AM,4
121749,11 AM - before 2 PM,2
121867,11 AM - before 2 PM,3
121912,5 PM - before 9 PM,7
121912,Before 9 AM,5
121953,9 AM - before 11 AM,2
121953,Before 9 AM,2
122034,5 PM - before 9 PM,1
122034,9 PM or later,1
122036,2 PM - before 5 PM,1
122036,9 PM or later,2
122051,Before 9 AM,2
122071,2 PM - before 5 PM,2
122071,5 PM - before 9 PM,2
122071,9 AM - before 11 AM,2
122071,9 PM or later,2
122071,Before 9 AM,2
122072,5 PM - before 9 PM,1
122075,5 PM - before 9 PM,1
122076,5 PM - before 9 PM,2
122076,9 PM or later,2
122079,5 PM - before 9 PM,10
122079,9 PM or later,10
122084,2 PM - before 5 PM,1
122084,5 PM - before 9 PM,3
122090,9 AM - before 11 AM,2
122103,11 AM - before 2 PM,2
122104,Before 9 AM,2
122123,5 PM - before 9 PM,6
122123,Before 9 AM,3
122187,5 PM - before 9 PM,6
122187,Before 9 AM,2
122188,2 PM - before 5 PM,2
122188,Before 9 AM,3
122189,5 PM - before 9 PM,3
122190,2 PM - before 5 PM,2
122191,2 PM - before 5 PM,3
122191,5 PM - before 9 PM,3
122191,Before 9 AM,2
122192,5 PM - before 9 PM,2
122192,9 AM - before 11 AM,2
122193,2 PM - before 5 PM,3
122218,9 AM - before 11 AM,4
122218,Before 9 AM,6
122219,Before 9 AM,29
122220,Before 9 AM,30
122222,2 PM - before 5 PM,7
122222,9 AM - before 11 AM,10
122222,Before 9 AM,5
122229,5 PM - before 9 PM,8
122230,5 PM - before 9 PM,20
122230,Before 9 AM,10
122231,5 PM - before 9 PM,4
122240,5 PM - before 9 PM,4
122240,Before 9 AM,20
122241,Before 9 AM,16
122242,Before 9 AM,2
122246,5 PM - before 9 PM,2
122246,Before 9 AM,28
122247,5 PM - before 9 PM,3
122247,9 AM - before 11 AM,5
122248,Before 9 AM,7
122252,11 AM - before 2 PM,10
122252,5 PM - before 9 PM,10
122252,9 AM - before 11 AM,10
122254,Before 9 AM,30
122256,Before 9 AM,30
122320,5 PM - before 9 PM,4
122383,5 PM - before 9 PM,4
122439,5 PM - before 9 PM,4
122439,9 AM - before 11 AM,3
122439,9 PM or later,5
122457,9 PM or later,4
122589,5 PM - before 9 PM,5
122590,5 PM - before 9 PM,16
122591,5 PM - before 9 PM,4
122646,5 PM - before 9 PM,2
122646,Before 9 AM,28
122650,2 PM - before 5 PM,3
122704,2 PM - before 5 PM,4
122705,Before 9 AM,4
122706,5 PM - before 9 PM,4
122711,5 PM - before 9 PM,2
122711,9 PM or later,2
122712,2 PM - before 5 PM,1
122712,5 PM - before 9 PM,1
122817,Before 9 AM,4
122818,Before 9 AM,4
122825,Before 9 AM,4
122826,Before 9 AM,4
122859,5 PM - before 9 PM,4
122871,5 PM - before 9 PM,2
122872,5 PM - before 9 PM,4
122874,11 AM - before 2 PM,2
122875,11 AM - before 2 PM,3
122919,9 AM - before 11 AM,3
122921,5 PM - before 9 PM,2
122922,9 PM or later,2
122935,Before 9 AM,4
122941,11 AM - before 2 PM,3
122943,11 AM - before 2 PM,3
122946,5 PM - before 9 PM,2
122948,11 AM - before 2 PM,2
122969,11 AM - before 2 PM,3
122969,5 PM - before 9 PM,5
122970,11 AM - before 2 PM,2
122970,5 PM - before 9 PM,1
122971,5 PM - before 9 PM,2
122971,9 AM - before 11 AM,2
123098,5 PM - before 9 PM,2
123098,9 AM - before 11 AM,3
123109,Before 9 AM,30
123110,11 AM - before 2 PM,30
123111,Before 9 AM,30
123112,Before 9 AM,30
123113,Before 9 AM,30
123114,2 PM - before 5 PM,15
123114,Before 9 AM,15
123194,9 AM - before 11 AM,2
123206,5 PM - before 9 PM,3
123258,2 PM - before 5 PM,5
123258,5 PM - before 9 PM,5
123258,9 AM - before 11 AM,10
123293,9 AM - before 11 AM,4
123300,Before 9 AM,4
123303,Before 9 AM,30
123315,5 PM - before 9 PM,3
123371,9 AM - before 11 AM,1
123371,Before 9 AM,2
123372,11 AM - before 2 PM,3
123373,5 PM - before 9 PM,8
123374,2 PM - before 5 PM,2
123374,9 AM - before 11 AM,1
123375,5 PM - before 9 PM,1
123375,9 AM - before 11 AM,1
123376,11 AM - before 2 PM,1
123376,5 PM - before 9 PM,1
123377,2 PM - before 5 PM,2
123378,9 AM - before 11 AM,1
123378,Before 9 AM,3
123379,5 PM - before 9 PM,1
123379,9 PM or later,3
123380,5 PM - before 9 PM,2
123381,9 AM - before 11 AM,3
123381,Before 9 AM,1
123415,11 AM - before 2 PM,4
123415,5 PM - before 9 PM,4
123433,2 PM - before 5 PM,7
123433,9 AM - before 11 AM,15
123433,Before 9 AM,10
123542,Before 9 AM,2
123544,Before 9 AM,20
123545,5 PM - before 9 PM,10
123545,Before 9 AM,20
123546,2 PM - before 5 PM,20
123546,Before 9 AM,20
123547,5 PM - before 9 PM,10
123547,9 AM - before 11 AM,20
123548,Before 9 AM,4
123549,Before 9 AM,12
123550,2 PM - before 5 PM,2
123550,Before 9 AM,28
123551,2 PM - before 5 PM,2
123551,Before 9 AM,28
123552,Before 9 AM,8
123553,Before 9 AM,20
123554,5 PM - before 9 PM,4
123559,9 AM - before 11 AM,3
123568,Before 9 AM,4
123569,Before 9 AM,3
123570,Before 9 AM,30
123571,Before 9 AM,3
123572,Before 9 AM,4
123573,2 PM - before 5 PM,2
123573,Before 9 AM,13
123574,Before 9 AM,5
123575,2 PM - before 5 PM,3
123635,5 PM - before 9 PM,4
123636,Before 9 AM,30
123637,9 AM - before 11 AM,4
123638,5 PM - before 9 PM,4
123775,2 PM - before 5 PM,2
123776,Before 9 AM,4
123777,11 AM - before 2 PM,2
123778,9 AM - before 11 AM,2
123778,Before 9 AM,2
123779,11 AM - before 2 PM,2
123780,2 PM - before 5 PM,4
123859,11 AM - before 2 PM,30
123859,Before 9 AM,30
123860,5 PM - before 9 PM,1
123860,Before 9 AM,1
123861,5 PM - before 9 PM,1
123861,Before 9 AM,2
123862,5 PM - before 9 PM,2
123862,Before 9 AM,2
123863,5 PM - before 9 PM,2
123864,5 PM - before 9 PM,4
123864,Before 9 AM,4
123865,5 PM - before 9 PM,3
123866,5 PM - before 9 PM,2
123866,Before 9 AM,1
123867,5 PM - before 9 PM,8
123867,Before 9 AM,4
123880,2 PM - before 5 PM,1
123880,Before 9 AM,2
123883,Before 9 AM,2
123895,5 PM - before 9 PM,1
123895,9 AM - before 11 AM,1
123895,9 PM or later,1
123895,Before 9 AM,1
123897,5 PM - before 9 PM,4
123898,9 AM - before 11 AM,4
123899,5 PM - before 9 PM,4
123900,9 AM - before 11 AM,2
123901,11 AM - before 2 PM,2
123902,5 PM - before 9 PM,2
123904,5 PM - before 9 PM,2
123906,11 AM - before 2 PM,5
123907,9 AM - before 11 AM,5
123908,5 PM - before 9 PM,2
123910,5 PM - before 9 PM,3
123911,9 AM - before 11 AM,2
123912,5 PM - before 9 PM,2
123913,2 PM - before 5 PM,4
123914,11 AM - before 2 PM,10
123914,5 PM - before 9 PM,10
123915,5 PM - before 9 PM,2
123936,11 AM - before 2 PM,4
123936,Before 9 AM,8
123937,5 PM - before 9 PM,4
123938,Before 9 AM,4
123939,Before 9 AM,4
123940,5 PM - before 9 PM,4
123941,5 PM - before 9 PM,2
123942,9 AM - before 11 AM,4
123943,9 AM - before 11 AM,5
123943,Before 9 AM,5
123944,Before 9 AM,4
123945,5 PM - before 9 PM,6
123945,Before 9 AM,6
123946,5 PM - before 9 PM,4
123947,5 PM - before 9 PM,6
123947,Before 9 AM,24
123948,Before 9 AM,10
123949,Before 9 AM,30
123950,Before 9 AM,30
123951,5 PM - before 9 PM,6
123951,Before 9 AM,4
123952,5 PM - before 9 PM,4
123953,5 PM - before 9 PM,4
123954,Before 9 AM,4
124022,2 PM - before 5 PM,2
124022,Before 9 AM,1
124051,Before 9 AM,6
124052,5 PM - before 9 PM,4
124052,Before 9 AM,6
124053,5 PM - before 9 PM,4
124053,Before 9 AM,6
124054,Before 9 AM,30
124182,5 PM - before 9 PM,10
124182,Before 9 AM,20
124183,Before 9 AM,12
124185,5 PM - before 9 PM,4
124186,5 PM - before 9 PM,3
124187,9 AM - before 11 AM,3
124188,9 AM - before 11 AM,4
124189,Before 9 AM,4
124193,5 PM - before 9 PM,4
124193,Before 9 AM,4
124195,11 AM - before 2 PM,8
124195,5 PM - before 9 PM,7
124195,Before 9 AM,15
124197,5 PM - before 9 PM,3
124198,2 PM - before 5 PM,2
124199,11 AM - before 2 PM,5
124199,5 PM - before 9 PM,5
124199,Before 9 AM,20
124200,2 PM - before 5 PM,3
124200,5 PM - before 9 PM,3
124200,9 PM or later,4
124200,Before 9 AM,20
124201,2 PM - before 5 PM,2
124201,9 AM - before 11 AM,2
124202,2 PM - before 5 PM,4
124202,Before 9 AM,4
124220,5 PM - before 9 PM,3
124220,9 AM - before 11 AM,4
124220,Before 9 AM,8
124222,11 AM - before 2 PM,1
124222,2 PM - before 5 PM,2
124222,5 PM - before 9 PM,5
124223,11 AM - before 2 PM,7
124223,9 AM - before 11 AM,5
124223,Before 9 AM,4
124229,2 PM - before 5 PM,1
124229,5 PM - before 9 PM,2
124229,9 AM - before 11 AM,1
124230,2 PM - before 5 PM,9
124230,9 AM - before 11 AM,15
124231,9 AM - before 11 AM,1
124231,Before 9 AM,3
124232,Before 9 AM,30
124287,9 AM - before 11 AM,20
124301,5 PM - before 9 PM,4
124320,11 AM - before 2 PM,2
124320,9 AM - before 11 AM,2
124320,Before 9 AM,2
124321,2 PM - before 5 PM,1
124321,5 PM - before 9 PM,1
124419,11 AM - before 2 PM,20
124419,Before 9 AM,10
124420,5 PM - before 9 PM,1
124420,Before 9 AM,2
124421,Before 9 AM,4
124556,5 PM - before 9 PM,2
124557,11 AM - before 2 PM,6
124574,5 PM - before 9 PM,4
124577,5 PM - before 9 PM,2
124578,5 PM - before 9 PM,3
124580,5 PM - before 9 PM,4
124581,5 PM - before 9 PM,4
124582,5 PM - before 9 PM,3
124735,2 PM - before 5 PM,4
124735,5 PM - before 9 PM,4
124735,9 AM - before 11 AM,3
124740,Before 9 AM,30
124741,5 PM - before 9 PM,1
124741,Before 9 AM,1
124742,2 PM - before 5 PM,2
124742,5 PM - before 9 PM,2
124743,5 PM - before 9 PM,2
124743,Before 9 AM,2
124745,2 PM - before 5 PM,4
124752,Before 9 AM,30
124754,5 PM - before 9 PM,2
124755,5 PM - before 9 PM,4
124755,9 PM or later,4
124755,Before 9 AM,4
124756,5 PM - before 9 PM,4
124756,Before 9 AM,4
124831,11 AM - before 2 PM,2
124831,2 PM - before 5 PM,5
124831,5 PM - before 9 PM,5
124835,2 PM - before 5 PM,3
124835,5 PM - before 9 PM,3
124835,9 AM - before 11 AM,1
124835,Before 9 AM,3
124837,Before 9 AM,2
124838,5 PM - before 9 PM,15
124838,Before 9 AM,15
124839,11 AM - before 2 PM,2
124839,5 PM - before 9 PM,2
124840,2 PM - before 5 PM,4
124840,5 PM - before 9 PM,5
124840,Before 9 AM,3
124910,5 PM - before 9 PM,3
125025,5 PM - before 9 PM,3
125025,9 PM or later,1
125123,Before 9 AM,30
125208,Before 9 AM,30
125209,Before 9 AM,4
125211,5 PM - before 9 PM,2
125237,9 AM - before 11 AM,3
125280,9 PM or later,2
125319,9 AM - before 11 AM,10
125319,Before 9 AM,20
125323,Before 9 AM,20
125409,Before 9 AM,30
125410,Before 9 AM,3
125483,5 PM - before 9 PM,2
125485,5 PM - before 9 PM,2
125494,5 PM - before 9 PM,2
125495,5 PM - before 9 PM,4
125497,5 PM - before 9 PM,4
125498,5 PM - before 9 PM,8
125596,5 PM - before 9 PM,2
125683,5 PM - before 9 PM,8
125684,5 PM - before 9 PM,4
125685,Before 9 AM,4
125688,5 PM - before 9 PM,2
125689,Before 9 AM,8
125691,5 PM - before 9 PM,2
125692,Before 9 AM,4
125693,Before 9 AM,4
125698,5 PM - before 9 PM,5
125699,5 PM - before 9 PM,3
125699,9 PM or later,1
125718,Before 9 AM,30
125719,5 PM - before 9 PM,3
125720,5 PM - before 9 PM,2
125721,5 PM - before 9 PM,4
125722,Before 9 AM,2
125723,2 PM - before 5 PM,10
125723,9 AM - before 11 AM,25
125723,Before 9 AM,5
125724,2 PM - before 5 PM,2
125724,5 PM - before 9 PM,3
125724,Before 9 AM,5
125726,Before 9 AM,20
125727,2 PM - before 5 PM,10
125727,Before 9 AM,30
125728,5 PM - before 9 PM,2
125729,2 PM - before 5 PM,2
125729,5 PM - before 9 PM,6
125730,5 PM - before 9 PM,2
125730,Before 9 AM,4
125731,5 PM - before 9 PM,2
125731,9 AM - before 11 AM,2
125734,2 PM - before 5 PM,15
125734,5 PM - before 9 PM,15
125735,2 PM - before 5 PM,6
125736,9 AM - before 11 AM,4
125737,2 PM - before 5 PM,30
125741,Before 9 AM,4
125742,Before 9 AM,4
125743,11 AM - before 2 PM,5
125744,2 PM - before 5 PM,3
125745,2 PM - before 5 PM,4
125746,11 AM - before 2 PM,1
125746,2 PM - before 5 PM,4
125747,9 AM - before 11 AM,4
125795,Before 9 AM,10
125796,Before 9 AM,10
125797,9 AM - before 11 AM,2
125797,Before 9 AM,3
125803,9 AM - before 11 AM,2
125803,Before 9 AM,8
125804,Before 9 AM,30
125805,5 PM - before 9 PM,7
125805,Before 9 AM,5
125833,2 PM - before 5 PM,1
125834,5 PM - before 9 PM,3
125834,9 PM or later,1
125860,Before 9 AM,4
125861,5 PM - before 9 PM,4
125862,5 PM - before 9 PM,13
125862,9 AM - before 11 AM,15
125863,9 AM - before 11 AM,3
125891,9 AM - before 11 AM,4
125891,Before 9 AM,2
125892,Before 9 AM,4
125901,5 PM - before 9 PM,4
125902,Before 9 AM,4
125903,2 PM - before 5 PM,4
125904,5 PM - before 9 PM,10
125945,5 PM - before 9 PM,2
125945,9 AM - before 11 AM,2
125953,5 PM - before 9 PM,2
125953,9 PM or later,2
125955,5 PM - before 9 PM,5
125955,9 PM or later,5
125956,5 PM - before 9 PM,2
125957,5 PM - before 9 PM,2
125957,9 PM or later,2
126109,5 PM - before 9 PM,10
126109,Before 9 AM,20
126110,Before 9 AM,3
126111,9 PM or later,4
126111,Before 9 AM,4
126112,5 PM - before 9 PM,15
126112,Before 9 AM,15
126114,Before 9 AM,4
126115,5 PM - before 9 PM,2
126115,9 PM or later,2
126116,5 PM - before 9 PM,3
126117,5 PM - before 9 PM,5
126117,9 PM or later,5
126117,Before 9 AM,25
126157,9 AM - before 11 AM,2
126228,Before 9 AM,3
126278,5 PM - before 9 PM,2
126282,5 PM - before 9 PM,1
126282,9 AM - before 11 AM,3
126464,Before 9 AM,8
126465,2 PM - before 5 PM,2
126465,Before 9 AM,28
126466,2 PM - before 5 PM,2
126467,Before 9 AM,8
126468,Before 9 AM,2
126469,5 PM - before 9 PM,30
126469,Before 9 AM,30
126470,2 PM - before 5 PM,4
126471,Before 9 AM,4
126586,Before 9 AM,4
126587,Before 9 AM,4
126588,Before 9 AM,4
126589,Before 9 AM,10
126590,Before 9 AM,20
126744,Before 9 AM,6
126745,Before 9 AM,30
126754,5 PM - before 9 PM,4
126826,5 PM - before 9 PM,2
126909,Before 9 AM,30
126910,2 PM - before 5 PM,3
126911,Before 9 AM,30
126912,Before 9 AM,30
126913,Before 9 AM,30
126974,5 PM - before 9 PM,5
126974,Before 9 AM,30
126975,2 PM - before 5 PM,1
126975,Before 9 AM,1
126976,Before 9 AM,2
126980,Before 9 AM,6
127013,Before 9 AM,20
127014,Before 9 AM,4
127136,Before 9 AM,30
127137,Before 9 AM,30
127248,2 PM - before 5 PM,30
127248,Before 9 AM,30
127249,5 PM - before 9 PM,4
127250,2 PM - before 5 PM,2
127250,Before 9 AM,28
127251,11 AM - before 2 PM,2
127251,2 PM - before 5 PM,2
127251,5 PM - before 9 PM,4
127251,9 AM - before 11 AM,2
127251,Before 9 AM,10
127252,5 PM - before 9 PM,5
127252,9 AM - before 11 AM,5
127252,Before 9 AM,10
127298,9 AM - before 11 AM,4
127317,2 PM - before 5 PM,4
127317,5 PM - before 9 PM,8
127337,Before 9 AM,30
127354,Before 9 AM,30
127362,Before 9 AM,30
127363,5 PM - before 9 PM,5
127363,Before 9 AM,25
127364,Before 9 AM,30
127365,Before 9 AM,30
127366,Before 9 AM,30
127367,Before 9 AM,12
127368,Before 9 AM,12
127369,Before 9 AM,20
127376,Before 9 AM,30
127377,2 PM - before 5 PM,5
127377,Before 9 AM,30
127378,11 AM - before 2 PM,4
127378,Before 9 AM,8
127379,5 PM - before 9 PM,2
127379,Before 9 AM,8
127380,Before 9 AM,4
127382,Before 9 AM,6
127383,Before 9 AM,30
127414,9 AM - before 11 AM,2
127415,11 AM - before 2 PM,5
127415,9 AM - before 11 AM,5
127415,Before 9 AM,2
127416,11 AM - before 2 PM,5
127416,9 AM - before 11 AM,10
127417,9 AM - before 11 AM,3
127417,Before 9 AM,5
127419,11 AM - before 2 PM,7
127419,2 PM - before 5 PM,3
127420,9 AM - before 11 AM,10
127421,Before 9 AM,30
127596,5 PM - before 9 PM,5
127596,9 AM - before 11 AM,3
127597,9 AM - before 11 AM,3
127598,Before 9 AM,20
127599,5 PM - before 9 PM,2
127599,Before 9 AM,28
127600,5 PM - before 9 PM,4
127600,Before 9 AM,4
127601,5 PM - before 9 PM,10
127601,9 AM - before 11 AM,10
127601,Before 9 AM,10
127602,11 AM - before 2 PM,5
127602,2 PM - before 5 PM,7
127602,5 PM - before 9 PM,10
127602,9 AM - before 11 AM,8
127602,Before 9 AM,30
127603,2 PM - before 5 PM,8
127603,Before 9 AM,7
127604,9 AM - before 11 AM,8
127604,Before 9 AM,12
127677,Before 9 AM,26
127808,Before 9 AM,4
127833,Before 9 AM,3
127957,5 PM - before 9 PM,3
128537,11 AM - before 2 PM,1
128537,2 PM - before 5 PM,1
128537,5 PM - before 9 PM,1
128547,11 AM - before 2 PM,2
130167,9 AM - before 11 AM,4
130168,5 PM - before 9 PM,10
130168,Before 9 AM,20
130169,5 PM - before 9 PM,6
130629,Before 9 AM,25
130948,Before 9 AM,25
130956,5 PM - before 9 PM,3
130956,Before 9 AM,5
130957,11 AM - before 2 PM,4
130959,5 PM - before 9 PM,2
130959,Before 9 AM,2
130960,5 PM - before 9 PM,1
130960,9 AM - before 11 AM,1
131015,Before 9 AM,30
131047,Before 9 AM,4
131087,5 PM - before 9 PM,16
131088,Before 9 AM,4
131089,5 PM - before 9 PM,8
131090,Before 9 AM,30
131110,5 PM - before 9 PM,2
131110,Before 9 AM,8
131112,5 PM - before 9 PM,1
131112,Before 9 AM,3
131113,11 AM - before 2 PM,5
131113,Before 9 AM,25
131115,5 PM - before 9 PM,3
131115,Before 9 AM,1
131118,2 PM - before 5 PM,5
131118,Before 9 AM,5
131120,5 PM - before 9 PM,2
131120,Before 9 AM,28
131122,5 PM - before 9 PM,7
131122,Before 9 AM,5
131163,Before 9 AM,6
131284,5 PM - before 9 PM,2
131459,5 PM - before 9 PM,2
131460,5 PM - before 9 PM,8
131461,5 PM - before 9 PM,2
131462,5 PM - before 9 PM,4
131522,5 PM - before 9 PM,2
131541,Before 9 AM,3
131555,5 PM - before 9 PM,2
131556,2 PM - before 5 PM,5
131556,5 PM - before 9 PM,15
131556,Before 9 AM,10
131557,11 AM - before 2 PM,10
131557,5 PM - before 9 PM,10
131557,Before 9 AM,10
131558,5 PM - before 9 PM,15
131558,Before 9 AM,15
131559,5 PM - before 9 PM,20
131559,Before 9 AM,10
131560,5 PM - before 9 PM,2
131561,5 PM - before 9 PM,8
131562,Before 9 AM,7
131563,5 PM - before 9 PM,5
131563,Before 9 AM,3
131564,5 PM - before 9 PM,2
131566,5 PM - before 9 PM,3
131567,9 AM - before 11 AM,8
131567,9 PM or later,8
131568,2 PM - before 5 PM,3
131569,11 AM - before 2 PM,3
131590,5 PM - before 9 PM,5
131590,Before 9 AM,10
131591,9 AM - before 11 AM,10
131593,9 AM - before 11 AM,4
131633,5 PM - before 9 PM,2
131636,5 PM - before 9 PM,2
132159,9 PM or later,3
132160,5 PM - before 9 PM,4
132161,9 AM - before 11 AM,3
132162,5 PM - before 9 PM,4
132162,Before 9 AM,20
132163,5 PM - before 9 PM,4
132163,Before 9 AM,16
132177,Before 9 AM,3
132278,5 PM - before 9 PM,30
132278,Before 9 AM,30
132281,Before 9 AM,4
132282,9 AM - before 11 AM,6
132283,Before 9 AM,25
132401,Before 9 AM,2
132403,5 PM - before 9 PM,2
132404,5 PM - before 9 PM,3
132404,Before 9 AM,3
132406,5 PM - before 9 PM,15
132407,5 PM - before 9 PM,8
132408,5 PM - before 9 PM,4
132408,Before 9 AM,4
132410,11 AM - before 2 PM,20
132410,5 PM - before 9 PM,20
132410,Before 9 AM,20
132411,5 PM - before 9 PM,8
132470,5 PM - before 9 PM,30
132470,Before 9 AM,30
132471,5 PM - before 9 PM,22
132471,Before 9 AM,3
132472,5 PM - before 9 PM,13
132472,Before 9 AM,2
132474,5 PM - before 9 PM,7
132487,5 PM - before 9 PM,4
132558,Before 9 AM,30
132559,Before 9 AM,30
132560,Before 9 AM,30
132605,5 PM - before 9 PM,15
132605,Before 9 AM,15
132606,Before 9 AM,30
132607,5 PM - before 9 PM,10
132607,Before 9 AM,20
132623,5 PM - before 9 PM,1
132623,Before 9 AM,1
132625,11 AM - before 2 PM,2
132625,5 PM - before 9 PM,1
132626,11 AM - before 2 PM,5
132626,2 PM - before 5 PM,6
132626,5 PM - before 9 PM,8
132626,9 AM - before 11 AM,5
132626,9 PM or later,6
132627,11 AM - before 2 PM,4
132627,2 PM - before 5 PM,4
132627,Before 9 AM,4
132628,11 AM - before 2 PM,7
132628,5 PM - before 9 PM,7
132628,9 PM or later,8
132628,Before 9 AM,8
132630,11 AM - before 2 PM,1
132630,2 PM - before 5 PM,1
132632,11 AM - before 2 PM,3
132632,5 PM - before 9 PM,3
132632,9 AM - before 11 AM,3
132632,Before 9 AM,3
132692,5 PM - before 9 PM,4
132714,9 AM - before 11 AM,24
132715,11 AM - before 2 PM,3
132715,5 PM - before 9 PM,23
132715,Before 9 AM,4
132716,5 PM - before 9 PM,15
132717,5 PM - before 9 PM,10
132717,Before 9 AM,15
132768,Before 9 AM,2
132798,9 AM - before 11 AM,4
132799,Before 9 AM,30
132800,11 AM - before 2 PM,3
132889,5 PM - before 9 PM,3
132898,5 PM - before 9 PM,3
132899,11 AM - before 2 PM,2
132903,Before 9 AM,4
132904,5 PM - before 9 PM,4
132905,Before 9 AM,4
132906,5 PM - before 9 PM,2
132938,2 PM - before 5 PM,5
132938,5 PM - before 9 PM,7
132939,5 PM - before 9 PM,5
132939,Before 9 AM,7
132940,2 PM - before 5 PM,1
132940,Before 9 AM,2
132941,2 PM - before 5 PM,4
132941,Before 9 AM,26
132942,5 PM - before 9 PM,1
132942,Before 9 AM,1
132944,5 PM - before 9 PM,4
132944,9 PM or later,6
132944,Before 9 AM,10
132948,5 PM - before 9 PM,2
132949,11 AM - before 2 PM,8
132949,2 PM - before 5 PM,6
132949,5 PM - before 9 PM,7
132949,9 AM - before 11 AM,4
132949,Before 9 AM,5
132950,5 PM - before 9 PM,3
132951,11 AM - before 2 PM,1
132951,2 PM - before 5 PM,1
132952,11 AM - before 2 PM,10
132952,5 PM - before 9 PM,8
132952,Before 9 AM,12
132953,Before 9 AM,2
132954,5 PM - before 9 PM,1
132954,9 AM - before 11 AM,1
132955,2 PM - before 5 PM,6
132956,2 PM - before 5 PM,6
132956,Before 9 AM,24
132957,5 PM - before 9 PM,3
132958,11 AM - before 2 PM,4
132963,5 PM - before 9 PM,3
132964,5 PM - before 9 PM,5
132965,5 PM - before 9 PM,3
132966,5 PM - before 9 PM,3
132968,5 PM - before 9 PM,1
132970,5 PM - before 9 PM,2
132971,9 AM - before 11 AM,2
132972,2 PM - before 5 PM,15
132972,9 AM - before 11 AM,15
132973,9 AM - before 11 AM,10
132974,5 PM - before 9 PM,2
132977,5 PM - before 9 PM,2
132978,5 PM - before 9 PM,3
132979,5 PM - before 9 PM,2
132980,Before 9 AM,4
132981,9 AM - before 11 AM,3
132982,5 PM - before 9 PM,11
132982,Before 9 AM,4
132983,5 PM - before 9 PM,2
132984,Before 9 AM,2
133096,5 PM - before 9 PM,10
133096,Before 9 AM,20
133097,Before 9 AM,2
133098,2 PM - before 5 PM,10
133098,Before 9 AM,20
133099,Before 9 AM,4
133100,5 PM - before 9 PM,15
133100,Before 9 AM,15
133101,5 PM - before 9 PM,3
133129,11 AM - before 2 PM,1
133129,2 PM - before 5 PM,1
133130,5 PM - before 9 PM,1
133130,9 AM - before 11 AM,1
133131,11 AM - before 2 PM,2
133131,2 PM - before 5 PM,2
133132,5 PM - before 9 PM,1
133132,9 AM - before 11 AM,1
133134,2 PM - before 5 PM,1
133134,5 PM - before 9 PM,2
133243,Before 9 AM,22
133244,5 PM - before 9 PM,13
133244,Before 9 AM,10
133245,5 PM - before 9 PM,3
133245,Before 9 AM,1
133246,2 PM - before 5 PM,4
133247,2 PM - before 5 PM,17
133247,Before 9 AM,23
133275,Before 9 AM,30
133276,5 PM - before 9 PM,8
133325,5 PM - before 9 PM,10
133325,Before 9 AM,20
133327,5 PM - before 9 PM,10
133327,Before 9 AM,20
133329,5 PM - before 9 PM,3
133345,5 PM - before 9 PM,2
133345,Before 9 AM,18
133360,Before 9 AM,6
133377,5 PM - before 9 PM,3
133377,9 AM - before 11 AM,1
133378,9 AM - before 11 AM,12
133378,Before 9 AM,8
133379,5 PM - before 9 PM,2
133379,9 AM - before 11 AM,2
133381,9 AM - before 11 AM,19
133381,Before 9 AM,10
133382,Before 9 AM,30
133386,11 AM - before 2 PM,30
133386,5 PM - before 9 PM,30
133386,Before 9 AM,30
133387,5 PM - before 9 PM,15
133387,Before 9 AM,15
133388,5 PM - before 9 PM,15
133388,Before 9 AM,15
133389,Before 9 AM,30
133390,11 AM - before 2 PM,30
133390,Before 9 AM,30
133392,5 PM - before 9 PM,30
133392,Before 9 AM,30
133393,Before 9 AM,4
133394,11 AM - before 2 PM,30
133395,5 PM - before 9 PM,30
133395,Before 9 AM,30
133396,5 PM - before 9 PM,7
133397,Before 9 AM,30
133405,9 PM or later,10
133405,Before 9 AM,10
133409,9 AM - before 11 AM,30
133410,Before 9 AM,2
133411,2 PM - before 5 PM,2
133413,Before 9 AM,21
133446,11 AM - before 2 PM,5
133446,2 PM - before 5 PM,4
133446,Before 9 AM,4
133451,9 PM or later,15
133451,Before 9 AM,15
133453,Before 9 AM,4
133480,5 PM - before 9 PM,2
133480,9 AM - before 11 AM,1
133482,5 PM - before 9 PM,2
133482,9 AM - before 11 AM,2
133483,5 PM - before 9 PM,4
133484,5 PM - before 9 PM,4
133485,5 PM - before 9 PM,2
133520,9 AM - before 11 AM,4
133563,5 PM - before 9 PM,12
133564,5 PM - before 9 PM,6
133564,9 AM - before 11 AM,4
133570,Before 9 AM,25
133571,Before 9 AM,4
133572,Before 9 AM,4
133613,2 PM - before 5 PM,4
133613,9 AM - before 11 AM,6
133615,Before 9 AM,27
133616,Before 9 AM,6
133617,5 PM - before 9 PM,28
133618,11 AM - before 2 PM,15
133618,Before 9 AM,15
133619,Before 9 AM,7
133620,5 PM - before 9 PM,2
133637,2 PM - before 5 PM,5
133637,Before 9 AM,25
133638,11 AM - before 2 PM,3
133638,5 PM - before 9 PM,3
133638,Before 9 AM,14
133639,5 PM - before 9 PM,2
133640,5 PM - before 9 PM,2
133641,5 PM - before 9 PM,5
133641,Before 9 AM,7
133642,11 AM - before 2 PM,5
133642,Before 9 AM,25
133677,5 PM - before 9 PM,2
133681,9 AM - before 11 AM,2
133685,5 PM - before 9 PM,2
133732,5 PM - before 9 PM,4
133756,5 PM - before 9 PM,4
133757,5 PM - before 9 PM,3
133758,Before 9 AM,2
133759,9 AM - before 11 AM,2
133771,9 AM - before 11 AM,4
133778,5 PM - before 9 PM,4
133789,9 AM - before 11 AM,2
133867,9 AM - before 11 AM,20
133867,Before 9 AM,10
133868,9 AM - before 11 AM,4
133868,Before 9 AM,2
133869,5 PM - before 9 PM,6
133869,Before 9 AM,24
133884,11 AM - before 2 PM,5
133884,9 AM - before 11 AM,15
133885,11 AM - before 2 PM,28
133886,Before 9 AM,30
133887,Before 9 AM,4
133889,5 PM - before 9 PM,3
133890,5 PM - before 9 PM,26
133890,9 AM - before 11 AM,30
133891,11 AM - before 2 PM,15
133891,5 PM - before 9 PM,5
133891,Before 9 AM,30
133893,Before 9 AM,24
133894,Before 9 AM,10
133895,Before 9 AM,4
133896,9 AM - before 11 AM,10
133896,Before 9 AM,20
133898,5 PM - before 9 PM,5
133898,9 AM - before 11 AM,3
133899,Before 9 AM,3
133900,5 PM - before 9 PM,1
133900,9 AM - before 11 AM,3
133912,Before 9 AM,30
133913,Before 9 AM,4
133914,2 PM - before 5 PM,20
133915,5 PM - before 9 PM,12
133916,Before 9 AM,30
133917,5 PM - before 9 PM,8
133919,5 PM - before 9 PM,5
133921,5 PM - before 9 PM,2
133921,9 PM or later,2
133928,11 AM - before 2 PM,4
133928,2 PM - before 5 PM,4
133928,5 PM - before 9 PM,4
133928,9 AM - before 11 AM,4
133928,9 PM or later,4
133930,5 PM - before 9 PM,2
133932,5 PM - before 9 PM,4
133933,Before 9 AM,28
133934,5 PM - before 9 PM,10
133934,Before 9 AM,15
133935,2 PM - before 5 PM,2
133935,5 PM - before 9 PM,6
133938,5 PM - before 9 PM,12
133939,Before 9 AM,8
133940,Before 9 AM,35
133941,5 PM - before 9 PM,4
133942,Before 9 AM,30
133943,Before 9 AM,4
133947,5 PM - before 9 PM,1
133947,9 PM or later,3
133948,11 AM - before 2 PM,3
133948,5 PM - before 9 PM,7
133962,5 PM - before 9 PM,8
133990,2 PM - before 5 PM,5
133990,Before 9 AM,5
133995,2 PM - before 5 PM,4
133995,Before 9 AM,26
133996,2 PM - before 5 PM,4
133996,Before 9 AM,8
133997,Before 9 AM,4
133998,2 PM - before 5 PM,4
133998,Before 9 AM,26
133999,2 PM - before 5 PM,10
133999,Before 9 AM,20
134000,Before 9 AM,4
134005,5 PM - before 9 PM,8
134006,9 AM - before 11 AM,30
134007,9 AM - before 11 AM,30
134022,5 PM - before 9 PM,5
134022,Before 9 AM,5
134104,9 AM - before 11 AM,1
134104,Before 9 AM,4
134105,5 PM - before 9 PM,2
134105,Before 9 AM,28
134106,Before 9 AM,30
134107,5 PM - before 9 PM,5
134107,Before 9 AM,25
134108,Before 9 AM,5
134109,2 PM - before 5 PM,4
134110,Before 9 AM,4
134111,2 PM - before 5 PM,5
134111,5 PM - before 9 PM,10
134136,5 PM - before 9 PM,4
134137,Before 9 AM,3
134138,Before 9 AM,30
134139,9 AM - before 11 AM,7
134139,Before 9 AM,3
134140,Before 9 AM,28
134141,Before 9 AM,24
134142,5 PM - before 9 PM,10
134142,Before 9 AM,15
134143,5 PM - before 9 PM,17
134143,Before 9 AM,10
134144,Before 9 AM,26
134157,Before 9 AM,30
134170,Before 9 AM,30
134183,Before 9 AM,30
134184,Before 9 AM,4
134185,Before 9 AM,24
134186,2 PM - before 5 PM,10
134186,5 PM - before 9 PM,10
134187,Before 9 AM,30
134188,Before 9 AM,10
134190,5 PM - before 9 PM,30
134193,5 PM - before 9 PM,3
134193,Before 9 AM,7
134241,5 PM - before 9 PM,1
134241,Before 9 AM,24
134242,5 PM - before 9 PM,3
134242,Before 9 AM,1
134243,5 PM - before 9 PM,3
134243,Before 9 AM,12
134267,11 AM - before 2 PM,2
134267,2 PM - before 5 PM,2
134267,5 PM - before 9 PM,6
134267,9 AM - before 11 AM,4
134267,Before 9 AM,6
134269,11 AM - before 2 PM,2
134269,2 PM - before 5 PM,2
134269,5 PM - before 9 PM,3
134269,9 AM - before 11 AM,3
134269,Before 9 AM,10
134270,Before 9 AM,8
134271,2 PM - before 5 PM,10
134271,Before 9 AM,20
134272,11 AM - before 2 PM,30
134272,Before 9 AM,30
134273,5 PM - before 9 PM,4
134273,9 AM - before 11 AM,6
134321,5 PM - before 9 PM,5
134323,5 PM - before 9 PM,6
134325,5 PM - before 9 PM,4
134326,Before 9 AM,3
134332,5 PM - before 9 PM,3
134332,9 AM - before 11 AM,4
134333,5 PM - before 9 PM,3
134334,5 PM - before 9 PM,4
134335,5 PM - before 9 PM,3
134336,2 PM - before 5 PM,3
134336,5 PM - before 9 PM,1
134340,5 PM - before 9 PM,2
134340,9 AM - before 11 AM,10
134340,Before 9 AM,4
134342,5 PM - before 9 PM,4
134343,5 PM - before 9 PM,2
134344,2 PM - before 5 PM,4
134344,Before 9 AM,4
134345,5 PM - before 9 PM,8
134346,9 AM - before 11 AM,4
134347,2 PM - before 5 PM,4
134348,9 AM - before 11 AM,4
134349,5 PM - before 9 PM,4
134350,11 AM - before 2 PM,10
134350,5 PM - before 9 PM,10
134351,11 AM - before 2 PM,5
134351,5 PM - before 9 PM,7
134352,2 PM - before 5 PM,4
134352,5 PM - before 9 PM,6
134353,2 PM - before 5 PM,4
134353,5 PM - before 9 PM,4
134353,9 AM - before 11 AM,2
134354,5 PM - before 9 PM,4
134363,Before 9 AM,20
134364,9 AM - before 11 AM,4
134366,9 AM - before 11 AM,2
134367,9 AM - before 11 AM,2
134368,Before 9 AM,2
134369,9 AM - before 11 AM,2
134370,5 PM - before 9 PM,2
134371,9 AM - before 11 AM,4
134372,Before 9 AM,7
134373,Before 9 AM,28
134374,Before 9 AM,7
134375,9 AM - before 11 AM,4
134379,2 PM - before 5 PM,1
134379,5 PM - before 9 PM,2
134379,9 PM or later,1
134409,11 AM - before 2 PM,10
134409,5 PM - before 9 PM,10
134409,Before 9 AM,30
134410,Before 9 AM,20
134411,9 PM or later,4
134412,Before 9 AM,4
134418,Before 9 AM,4
134419,5 PM - before 9 PM,4
134419,9 PM or later,4
134420,5 PM - before 9 PM,1
134420,Before 9 AM,1
134421,2 PM - before 5 PM,1
134421,5 PM - before 9 PM,7
134422,2 PM - before 5 PM,1
134422,9 AM - before 11 AM,1
134423,Before 9 AM,3
134424,5 PM - before 9 PM,2
134424,Before 9 AM,1
134425,11 AM - before 2 PM,4
134439,5 PM - before 9 PM,1
134439,Before 9 AM,2
134440,9 AM - before 11 AM,3
134442,9 AM - before 11 AM,5
134442,Before 9 AM,5
134444,5 PM - before 9 PM,2
134444,9 PM or later,2
134445,5 PM - before 9 PM,2
134445,9 PM or later,2
134446,5 PM - before 9 PM,1
134447,5 PM - before 9 PM,1
134447,9 AM - before 11 AM,2
134449,Before 9 AM,4
134451,Before 9 AM,30
134458,5 PM - before 9 PM,1
134458,Before 9 AM,1
134470,Before 9 AM,3
134471,11 AM - before 2 PM,2
134471,9 AM - before 11 AM,1
134473,Before 9 AM,4
134474,11 AM - before 2 PM,3
134474,5 PM - before 9 PM,3
134474,Before 9 AM,3
134476,11 AM - before 2 PM,2
134476,5 PM - before 9 PM,2
134477,11 AM - before 2 PM,30
134477,Before 9 AM,30
134481,Before 9 AM,20
134483,2 PM - before 5 PM,1
134483,5 PM - before 9 PM,2
134484,11 AM - before 2 PM,1
134484,5 PM - before 9 PM,3
134485,5 PM - before 9 PM,2
134486,5 PM - before 9 PM,2
134486,9 AM - before 11 AM,2
134487,11 AM - before 2 PM,3
134487,2 PM - before 5 PM,3
134487,5 PM - before 9 PM,6
134487,9 AM - before 11 AM,3
134487,9 PM or later,5
134488,11 AM - before 2 PM,2
134488,2 PM - before 5 PM,3
134488,5 PM - before 9 PM,3
134488,9 AM - before 11 AM,2
134490,5 PM - before 9 PM,4
134491,9 AM - before 11 AM,3
134492,5 PM - before 9 PM,4
134493,5 PM - before 9 PM,4
134493,9 AM - before 11 AM,4
134494,5 PM - before 9 PM,8
134495,5 PM - before 9 PM,4
134496,Before 9 AM,4
134498,Before 9 AM,4
134519,Before 9 AM,2
134520,Before 9 AM,2
134521,Before 9 AM,3
134537,5 PM - before 9 PM,10
134537,9 AM - before 11 AM,10
134537,Before 9 AM,10
134538,2 PM - before 5 PM,4
134538,5 PM - before 9 PM,5
134538,9 AM - before 11 AM,1
134541,5 PM - before 9 PM,4
134542,5 PM - before 9 PM,10
134542,9 AM - before 11 AM,11
134542,Before 9 AM,9
134544,Before 9 AM,3
134545,2 PM - before 5 PM,5
134545,Before 9 AM,25
134549,Before 9 AM,2
134550,5 PM - before 9 PM,15
134550,Before 9 AM,15
134565,11 AM - before 2 PM,10
134567,5 PM - before 9 PM,4
134568,Before 9 AM,3
134569,5 PM - before 9 PM,8
134570,Before 9 AM,2
134571,Before 9 AM,3
134573,Before 9 AM,2
134574,5 PM - before 9 PM,1
134574,Before 9 AM,2
134575,5 PM - before 9 PM,3
134576,5 PM - before 9 PM,3
134577,Before 9 AM,8
134578,Before 9 AM,4
134579,5 PM - before 9 PM,1
134579,Before 9 AM,2
134580,5 PM - before 9 PM,2
134581,9 AM - before 11 AM,2
134582,Before 9 AM,16
134584,5 PM - before 9 PM,2
134617,2 PM - before 5 PM,5
134617,5 PM - before 9 PM,2
134617,Before 9 AM,3
134619,Before 9 AM,4
134621,Before 9 AM,30
134622,Before 9 AM,4
134623,Before 9 AM,4
134624,Before 9 AM,5
134625,Before 9 AM,4
134626,5 PM - before 9 PM,10
134627,Before 9 AM,30
134628,Before 9 AM,4
134630,Before 9 AM,4
134644,Before 9 AM,30
134646,Before 9 AM,5
134647,Before 9 AM,4
134654,11 AM - before 2 PM,9
134654,2 PM - before 5 PM,11
134654,Before 9 AM,10
134671,Before 9 AM,30
134672,Before 9 AM,30
134673,5 PM - before 9 PM,4
134714,Before 9 AM,15
134715,9 AM - before 11 AM,10
134716,9 AM - before 11 AM,2
134716,Before 9 AM,2
134717,11 AM - before 2 PM,5
134717,2 PM - before 5 PM,10
134717,Before 9 AM,5
134718,Before 9 AM,2
134720,5 PM - before 9 PM,1
134721,Before 9 AM,4
134722,5 PM - before 9 PM,3
134723,Before 9 AM,4
134725,11 AM - before 2 PM,10
134725,2 PM - before 5 PM,6
134725,9 AM - before 11 AM,7
134725,Before 9 AM,7
134729,2 PM - before 5 PM,7
134729,5 PM - before 9 PM,9
134729,9 AM - before 11 AM,7
134729,Before 9 AM,7
134730,Before 9 AM,30
134732,11 AM - before 2 PM,2
134733,Before 9 AM,2
134734,Before 9 AM,30
134735,5 PM - before 9 PM,2
134736,5 PM - before 9 PM,4
134737,Before 9 AM,30
134738,Before 9 AM,2
134739,2 PM - before 5 PM,11
134739,9 AM - before 11 AM,9
134739,Before 9 AM,10
134740,9 AM - before 11 AM,5
134741,Before 9 AM,30
134742,Before 9 AM,4
134743,11 AM - before 2 PM,7
134743,2 PM - before 5 PM,3
134743,9 AM - before 11 AM,10
134743,Before 9 AM,10
134744,11 AM - before 2 PM,3
134745,5 PM - before 9 PM,2
134745,9 AM - before 11 AM,2
134747,5 PM - before 9 PM,8
134747,Before 9 AM,22
134771,5 PM - before 9 PM,8
134771,9 AM - before 11 AM,11
134771,Before 9 AM,11
134772,11 AM - before 2 PM,5
134772,2 PM - before 5 PM,6
134772,5 PM - before 9 PM,6
134772,9 AM - before 11 AM,7
134772,Before 9 AM,6
134774,2 PM - before 5 PM,3
134775,Before 9 AM,30
134777,9 AM - before 11 AM,2
134777,Before 9 AM,8
134781,5 PM - before 9 PM,5
134781,Before 9 AM,3
134796,Before 9 AM,7
134797,5 PM - before 9 PM,15
134798,11 AM - before 2 PM,10
134798,9 AM - before 11 AM,10
134798,Before 9 AM,10
134799,5 PM - before 9 PM,10
134799,Before 9 AM,10
134802,11 AM - before 2 PM,6
134802,2 PM - before 5 PM,7
134802,Before 9 AM,17
134803,Before 9 AM,8
134808,11 AM - before 2 PM,7
134808,2 PM - before 5 PM,5
134808,5 PM - before 9 PM,6
134808,9 AM - before 11 AM,6
134808,Before 9 AM,6
134809,5 PM - before 9 PM,20
134809,Before 9 AM,10
134810,9 AM - before 11 AM,3
134810,Before 9 AM,7
134811,2 PM - before 5 PM,10
134811,9 AM - before 11 AM,10
134811,Before 9 AM,10
134814,5 PM - before 9 PM,8
134818,2 PM - before 5 PM,5
134818,Before 9 AM,25
134819,Before 9 AM,2
134820,9 AM - before 11 AM,6
134820,Before 9 AM,24
134822,2 PM - before 5 PM,8
134822,Before 9 AM,15
134823,5 PM - before 9 PM,4
134824,Before 9 AM,30
134825,2 PM - before 5 PM,6
134828,9 PM or later,5
134828,Before 9 AM,25
134831,11 AM - before 2 PM,2
134831,5 PM - before 9 PM,2
134831,Before 9 AM,2
134833,5 PM - before 9 PM,5
134833,9 AM - before 11 AM,10
134834,5 PM - before 9 PM,2
134834,Before 9 AM,2
134835,2 PM - before 5 PM,8
134835,5 PM - before 9 PM,7
134835,9 PM or later,7
134835,Before 9 AM,8
134836,11 AM - before 2 PM,4
134837,5 PM - before 9 PM,4
134838,Before 9 AM,28
134839,Before 9 AM,6
134840,5 PM - before 9 PM,27
134841,11 AM - before 2 PM,24
134843,5 PM - before 9 PM,15
134843,Before 9 AM,15
134844,5 PM - before 9 PM,5
134844,Before 9 AM,5
134846,Before 9 AM,8
134847,11 AM - before 2 PM,3
134850,11 AM - before 2 PM,15
134850,Before 9 AM,15
134851,11 AM - before 2 PM,6
134851,2 PM - before 5 PM,6
134851,5 PM - before 9 PM,6
134851,9 AM - before 11 AM,6
134851,Before 9 AM,6
134859,11 AM - before 2 PM,20
134859,2 PM - before 5 PM,10
134862,9 AM - before 11 AM,5
134862,Before 9 AM,30
134863,Before 9 AM,28
134864,Before 9 AM,5
134865,Before 9 AM,20
134866,9 AM - before 11 AM,7
134866,Before 9 AM,5
134867,5 PM - before 9 PM,2
134870,5 PM - before 9 PM,8
134871,Before 9 AM,3
134878,11 AM - before 2 PM,30
134878,Before 9 AM,30
134886,Before 9 AM,3
134887,5 PM - before 9 PM,10
134888,Before 9 AM,4
134889,Before 9 AM,4
134890,Before 9 AM,30
134891,Before 9 AM,3
134892,11 AM - before 2 PM,2
134892,Before 9 AM,4
134895,Before 9 AM,3
134897,Before 9 AM,8
134898,9 PM or later,10
134899,5 PM - before 9 PM,4
134907,5 PM - before 9 PM,10
134908,2 PM - before 5 PM,4
134908,5 PM - before 9 PM,4
134908,9 AM - before 11 AM,4
134909,5 PM - before 9 PM,6
134909,9 AM - before 11 AM,6
134910,5 PM - before 9 PM,12
134911,5 PM - before 9 PM,6
134911,Before 9 AM,6
134912,5 PM - before 9 PM,6
134912,9 AM - before 11 AM,6
134913,5 PM - before 9 PM,12
134914,5 PM - before 9 PM,4
134915,Before 9 AM,4
134916,5 PM - before 9 PM,20
134917,5 PM - before 9 PM,2
134918,5 PM - before 9 PM,2
134919,9 AM - before 11 AM,3
134920,5 PM - before 9 PM,8
134921,9 AM - before 11 AM,2
134922,Before 9 AM,30
134923,5 PM - before 9 PM,4
134924,5 PM - before 9 PM,2
134924,9 PM or later,2
134924,Before 9 AM,6
134925,9 PM or later,4
134927,11 AM - before 2 PM,5
134927,2 PM - before 5 PM,5
134927,Before 9 AM,10
134928,5 PM - before 9 PM,10
134929,5 PM - before 9 PM,2
134931,5 PM - before 9 PM,2
134933,5 PM - before 9 PM,2
134933,9 AM - before 11 AM,1
134934,2 PM - before 5 PM,4
134935,5 PM - before 9 PM,2
134937,5 PM - before 9 PM,2
134938,5 PM - before 9 PM,2
134939,5 PM - before 9 PM,3
134940,5 PM - before 9 PM,2
134940,9 AM - before 11 AM,2
134941,5 PM - before 9 PM,2
134942,5 PM - before 9 PM,3
134942,9 AM - before 11 AM,1
134943,5 PM - before 9 PM,2
134944,Before 9 AM,4
134945,2 PM - before 5 PM,1
134945,5 PM - before 9 PM,1
134947,5 PM - before 9 PM,2
134947,9 AM - before 11 AM,1
134947,Before 9 AM,1
134949,5 PM - before 9 PM,1
134949,9 AM - before 11 AM,3
134950,5 PM - before 9 PM,3
134950,9 AM - before 11 AM,1
134951,9 AM - before 11 AM,2
134951,Before 9 AM,2
134952,5 PM - before 9 PM,2
134953,5 PM - before 9 PM,4
134955,5 PM - before 9 PM,2
134956,5 PM - before 9 PM,4
134957,5 PM - before 9 PM,10
134957,9 AM - before 11 AM,4
134957,9 PM or later,6
134958,5 PM - before 9 PM,4
134959,5 PM - before 9 PM,2
134960,5 PM - before 9 PM,4
134961,5 PM - before 9 PM,2
134962,2 PM - before 5 PM,1
134962,5 PM - before 9 PM,2
134963,5 PM - before 9 PM,2
134964,2 PM - before 5 PM,3
134964,5 PM - before 9 PM,4
134964,9 AM - before 11 AM,1
134965,5 PM - before 9 PM,5
134965,9 AM - before 11 AM,3
134966,5 PM - before 9 PM,4
134967,5 PM - before 9 PM,6
134967,9 AM - before 11 AM,4
134968,2 PM - before 5 PM,15
134968,5 PM - before 9 PM,5
134968,9 AM - before 11 AM,10
134969,5 PM - before 9 PM,4
134970,5 PM - before 9 PM,2
134970,9 AM - before 11 AM,2
134971,5 PM - before 9 PM,2
134972,5 PM - before 9 PM,10
134974,5 PM - before 9 PM,8
134975,5 PM - before 9 PM,4
134977,Before 9 AM,4
134980,5 PM - before 9 PM,4
134982,5 PM - before 9 PM,4
134983,5 PM - before 9 PM,4
134984,5 PM - before 9 PM,2
134985,9 AM - before 11 AM,2
134987,5 PM - before 9 PM,8
134988,11 AM - before 2 PM,4
134991,9 AM - before 11 AM,3
134992,9 AM - before 11 AM,8
134993,Before 9 AM,30
134996,Before 9 AM,2
134998,5 PM - before 9 PM,2
134999,Before 9 AM,4
135001,5 PM - before 9 PM,2
135004,2 PM - before 5 PM,2
135004,5 PM - before 9 PM,3
135005,5 PM - before 9 PM,8
135005,Before 9 AM,17
135006,5 PM - before 9 PM,3
135007,9 AM - before 11 AM,8
135007,Before 9 AM,12
135008,2 PM - before 5 PM,3
135008,5 PM - before 9 PM,3
135009,5 PM - before 9 PM,5
135013,11 AM - before 2 PM,2
135013,5 PM - before 9 PM,2
135016,5 PM - before 9 PM,2
135016,9 AM - before 11 AM,2
135017,11 AM - before 2 PM,1
135017,5 PM - before 9 PM,3
135018,5 PM - before 9 PM,2
135029,5 PM - before 9 PM,10
135032,9 AM - before 11 AM,2
135035,11 AM - before 2 PM,4
135038,Before 9 AM,30
135039,5 PM - before 9 PM,20
135039,Before 9 AM,10
135040,5 PM - before 9 PM,2
135041,Before 9 AM,2
135042,5 PM - before 9 PM,15
135042,Before 9 AM,15
135043,Before 9 AM,9
135044,5 PM - before 9 PM,10
135044,Before 9 AM,20
135045,Before 9 AM,2
135046,5 PM - before 9 PM,2
135046,Before 9 AM,2
135047,Before 9 AM,4
135048,Before 9 AM,8
135051,5 PM - before 9 PM,2
135053,5 PM - before 9 PM,2
135054,5 PM - before 9 PM,1
135054,Before 9 AM,2
135055,5 PM - before 9 PM,2
135063,5 PM - before 9 PM,3
135065,11 AM - before 2 PM,3
135066,11 AM - before 2 PM,3
135067,5 PM - before 9 PM,4
135068,Before 9 AM,4
135072,5 PM - before 9 PM,3
135073,11 AM - before 2 PM,3
135074,5 PM - before 9 PM,4
135075,11 AM - before 2 PM,4
135076,11 AM - before 2 PM,3
135077,9 PM or later,3
135078,5 PM - before 9 PM,3
135079,Before 9 AM,3
135083,Before 9 AM,3
135084,11 AM - before 2 PM,1
135084,5 PM - before 9 PM,1
135085,5 PM - before 9 PM,2
135086,11 AM - before 2 PM,3
135086,2 PM - before 5 PM,3
135086,5 PM - before 9 PM,4
135086,9 AM - before 11 AM,2
135087,5 PM - before 9 PM,8
135087,9 PM or later,4
135088,11 AM - before 2 PM,1
135088,5 PM - before 9 PM,1
135089,Before 9 AM,4
135090,Before 9 AM,3
135091,Before 9 AM,30
135092,5 PM - before 9 PM,2
135092,Before 9 AM,28
135093,11 AM - before 2 PM,30
135094,11 AM - before 2 PM,4
135095,11 AM - before 2 PM,3
135095,Before 9 AM,5
135096,11 AM - before 2 PM,3
135096,5 PM - before 9 PM,2
135096,9 AM - before 11 AM,3
135097,11 AM - before 2 PM,2
135097,5 PM - before 9 PM,1
135100,11 AM - before 2 PM,7
135100,5 PM - before 9 PM,7
135100,Before 9 AM,10
135101,2 PM - before 5 PM,1
135101,9 AM - before 11 AM,2
135102,5 PM - before 9 PM,4
135102,9 AM - before 11 AM,3
135102,9 PM or later,9
135103,11 AM - before 2 PM,1
135103,5 PM - before 9 PM,1
135103,Before 9 AM,1
135129,5 PM - before 9 PM,3
135131,11 AM - before 2 PM,1
135131,2 PM - before 5 PM,1
135148,2 PM - before 5 PM,1
135148,5 PM - before 9 PM,1
135149,2 PM - before 5 PM,5
135149,5 PM - before 9 PM,7
135153,2 PM - before 5 PM,2
135153,9 AM - before 11 AM,2
135154,5 PM - before 9 PM,2
135155,5 PM - before 9 PM,2
135155,Before 9 AM,2
135163,Before 9 AM,30
135164,Before 9 AM,4
135165,Before 9 AM,2
135167,2 PM - before 5 PM,5
135167,5 PM - before 9 PM,5
135171,2 PM - before 5 PM,3
135172,5 PM - before 9 PM,4
135173,9 AM - before 11 AM,4
135174,11 AM - before 2 PM,4
135175,5 PM - before 9 PM,4
135176,5 PM - before 9 PM,4
135177,5 PM - before 9 PM,3
135178,5 PM - before 9 PM,3
135179,2 PM - before 5 PM,7
135179,5 PM - before 9 PM,10
135179,9 AM - before 11 AM,8
135180,5 PM - before 9 PM,5
135181,9 AM - before 11 AM,5
135181,Before 9 AM,25
135182,11 AM - before 2 PM,10
135182,5 PM - before 9 PM,10
135182,9 AM - before 11 AM,10
135185,9 AM - before 11 AM,4
135186,5 PM - before 9 PM,3
135187,5 PM - before 9 PM,2
135198,9 AM - before 11 AM,10
135198,Before 9 AM,20
135200,2 PM - before 5 PM,10
135200,5 PM - before 9 PM,10
135200,Before 9 AM,10
135201,5 PM - before 9 PM,7
135201,9 AM - before 11 AM,6
135201,Before 9 AM,7
135202,2 PM - before 5 PM,6
135202,5 PM - before 9 PM,6
135203,5 PM - before 9 PM,10
135213,9 AM - before 11 AM,4
135213,Before 9 AM,8
135232,11 AM - before 2 PM,16
135232,5 PM - before 9 PM,4
135233,11 AM - before 2 PM,1
135233,Before 9 AM,1
135234,11 AM - before 2 PM,2
135234,9 PM or later,1
135234,Before 9 AM,1
135239,Before 9 AM,30
135242,Before 9 AM,4
135253,5 PM - before 9 PM,30
135253,Before 9 AM,30
135254,5 PM - before 9 PM,3
135256,11 AM - before 2 PM,7
135256,5 PM - before 9 PM,10
135256,Before 9 AM,13
135257,11 AM - before 2 PM,5
135257,2 PM - before 5 PM,5
135257,5 PM - before 9 PM,5
135257,9 AM - before 11 AM,5
135257,Before 9 AM,10
135280,9 AM - before 11 AM,2
135281,9 AM - before 11 AM,4
135284,5 PM - before 9 PM,10
135285,2 PM - before 5 PM,10
135285,9 AM - before 11 AM,10
135285,Before 9 AM,10
135289,9 AM - before 11 AM,10
135289,Before 9 AM,20
135290,5 PM - before 9 PM,15
135290,Before 9 AM,15
135293,5 PM - before 9 PM,4
135293,9 AM - before 11 AM,4
135295,5 PM - before 9 PM,1
135295,9 AM - before 11 AM,2
135296,5 PM - before 9 PM,2
135296,Before 9 AM,6
135297,5 PM - before 9 PM,1
135297,Before 9 AM,3
135298,5 PM - before 9 PM,1
135298,Before 9 AM,3
135299,2 PM - before 5 PM,10
135299,Before 9 AM,20
135300,5 PM - before 9 PM,2
135301,Before 9 AM,8
135302,Before 9 AM,2
135303,5 PM - before 9 PM,4
135303,Before 9 AM,4
135304,11 AM - before 2 PM,9
135304,2 PM - before 5 PM,10
135304,Before 9 AM,11
135344,5 PM - before 9 PM,10
135348,9 AM - before 11 AM,2
135348,Before 9 AM,10
135352,Before 9 AM,10
135353,11 AM - before 2 PM,9
135353,9 AM - before 11 AM,5
135353,Before 9 AM,10
135354,11 AM - before 2 PM,5
135354,2 PM - before 5 PM,5
135355,Before 9 AM,2
135356,5 PM - before 9 PM,4
135356,9 AM - before 11 AM,3
135356,9 PM or later,1
135357,5 PM - before 9 PM,2
135357,9 AM - before 11 AM,1
135357,Before 9 AM,1
135358,2 PM - before 5 PM,2
135362,2 PM - before 5 PM,3
135362,5 PM - before 9 PM,3
135362,Before 9 AM,2
135363,11 AM - before 2 PM,2
135363,5 PM - before 9 PM,3
135363,9 AM - before 11 AM,3
135364,5 PM - before 9 PM,2
135364,9 AM - before 11 AM,3
135364,9 PM or later,3
135365,5 PM - before 9 PM,27
135365,9 AM - before 11 AM,3
135366,5 PM - before 9 PM,6
135366,Before 9 AM,2
135367,5 PM - before 9 PM,2
135368,2 PM - before 5 PM,4
135369,2 PM - before 5 PM,2
135370,5 PM - before 9 PM,6
135370,Before 9 AM,2
135371,2 PM - before 5 PM,4
135371,5 PM - before 9 PM,4
135371,Before 9 AM,4
135372,5 PM - before 9 PM,2
135373,2 PM - before 5 PM,4
135373,9 AM - before 11 AM,2
135373,Before 9 AM,2
135374,2 PM - before 5 PM,2
135374,5 PM - before 9 PM,2
135375,2 PM - before 5 PM,4
135375,9 AM - before 11 AM,4
135376,2 PM - before 5 PM,15
135376,5 PM - before 9 PM,10
135376,Before 9 AM,5
135377,2 PM - before 5 PM,1
135377,5 PM - before 9 PM,3
135378,11 AM - before 2 PM,10
135378,5 PM - before 9 PM,20
135379,5 PM - before 9 PM,4
135379,9 AM - before 11 AM,2
135379,9 PM or later,3
135379,Before 9 AM,3
135381,5 PM - before 9 PM,4
135382,5 PM - before 9 PM,2
135383,5 PM - before 9 PM,2
135442,11 AM - before 2 PM,10
135442,9 AM - before 11 AM,10
135442,Before 9 AM,10
135448,Before 9 AM,4
135449,5 PM - before 9 PM,5
135449,Before 9 AM,6
135452,9 AM - before 11 AM,2
135452,Before 9 AM,2
135454,5 PM - before 9 PM,4
135459,5 PM - before 9 PM,15
135459,Before 9 AM,15
135460,2 PM - before 5 PM,8
135460,5 PM - before 9 PM,7
135460,9 AM - before 11 AM,8
135460,Before 9 AM,7
135461,Before 9 AM,4
135470,2 PM - before 5 PM,1
135470,Before 9 AM,3
135473,2 PM - before 5 PM,6
135473,5 PM - before 9 PM,2
135485,2 PM - before 5 PM,5
135485,9 AM - before 11 AM,10
135485,Before 9 AM,10
135487,Before 9 AM,4
135488,Before 9 AM,7
135489,2 PM - before 5 PM,10
135489,9 AM - before 11 AM,10
135499,Before 9 AM,3
135501,11 AM - before 2 PM,10
135501,2 PM - before 5 PM,10
135501,Before 9 AM,10
135503,Before 9 AM,30
135504,Before 9 AM,4
135505,Before 9 AM,30
135506,Before 9 AM,10
135507,Before 9 AM,30
135511,Before 9 AM,30
135512,Before 9 AM,30
135513,5 PM - before 9 PM,30
135513,Before 9 AM,30
135518,2 PM - before 5 PM,10
135518,5 PM - before 9 PM,10
135518,Before 9 AM,10
135519,2 PM - before 5 PM,10
135520,5 PM - before 9 PM,10
135520,9 AM - before 11 AM,10
135520,9 PM or later,5
135520,Before 9 AM,5
135523,Before 9 AM,4
135526,5 PM - before 9 PM,15
135526,Before 9 AM,15
135530,11 AM - before 2 PM,10
135530,2 PM - before 5 PM,10
135530,Before 9 AM,10
135533,5 PM - before 9 PM,10
135533,Before 9 AM,20
135538,11 AM - before 2 PM,30
135538,5 PM - before 9 PM,30
135539,5 PM - before 9 PM,8
135539,Before 9 AM,7
135540,5 PM - before 9 PM,8
135541,Before 9 AM,30
135542,5 PM - before 9 PM,30
135542,Before 9 AM,30
135543,5 PM - before 9 PM,15
135544,5 PM - before 9 PM,4
135545,11 AM - before 2 PM,30
135545,5 PM - before 9 PM,30
135545,Before 9 AM,30
135554,9 AM - before 11 AM,10
135554,Before 9 AM,20
135555,2 PM - before 5 PM,5
135555,5 PM - before 9 PM,3
135555,Before 9 AM,4
135556,5 PM - before 9 PM,2
135560,11 AM - before 2 PM,5
135560,9 AM - before 11 AM,15
135560,Before 9 AM,10
135567,5 PM - before 9 PM,2
135567,Before 9 AM,2
135589,9 AM - before 11 AM,7
135589,Before 9 AM,8
135590,5 PM - before 9 PM,6
135590,Before 9 AM,24
135591,Before 9 AM,30
135592,Before 9 AM,30
135593,Before 9 AM,4
135594,Before 9 AM,4
135607,5 PM - before 9 PM,10
135608,2 PM - before 5 PM,2
135608,5 PM - before 9 PM,2
135625,Before 9 AM,30
135644,9 AM - before 11 AM,2
135645,11 AM - before 2 PM,3
135646,11 AM - before 2 PM,3
135722,5 PM - before 9 PM,2
135757,11 AM - before 2 PM,2
135757,5 PM - before 9 PM,1
135765,Before 9 AM,30
135766,Before 9 AM,4
135767,Before 9 AM,8
135768,Before 9 AM,30
135769,Before 9 AM,8
135770,5 PM - before 9 PM,4
135770,Before 9 AM,6
135771,11 AM - before 2 PM,20
135771,5 PM - before 9 PM,20
135771,Before 9 AM,20
135772,Before 9 AM,30
135789,2 PM - before 5 PM,16
135833,5 PM - before 9 PM,3
135833,9 PM or later,3
135834,5 PM - before 9 PM,2
135841,2 PM - before 5 PM,2
135864,Before 9 AM,30
135865,Before 9 AM,8
135866,2 PM - before 5 PM,30
135866,Before 9 AM,30
135867,Before 9 AM,30
135868,Before 9 AM,12
135869,5 PM - before 9 PM,4
135870,Before 9 AM,30
135871,Before 9 AM,30
135872,Before 9 AM,20
135873,Before 9 AM,8
135874,11 AM - before 2 PM,30
135874,Before 9 AM,30
135891,5 PM - before 9 PM,10
135891,Before 9 AM,10
135892,Before 9 AM,35
135893,Before 9 AM,30
135894,5 PM - before 9 PM,5
135894,9 AM - before 11 AM,5
135896,11 AM - before 2 PM,10
135896,Before 9 AM,40
135901,11 AM - before 2 PM,2
135901,5 PM - before 9 PM,2
135901,Before 9 AM,2
135903,Before 9 AM,30
135904,5 PM - before 9 PM,5
135904,9 AM - before 11 AM,5
135904,Before 9 AM,20
135905,9 AM - before 11 AM,30
135912,2 PM - before 5 PM,12
135976,5 PM - before 9 PM,3
135976,9 AM - before 11 AM,1
135976,Before 9 AM,4
135977,5 PM - before 9 PM,3
135987,5 PM - before 9 PM,4
135987,Before 9 AM,6
136007,2 PM - before 5 PM,1
136007,5 PM - before 9 PM,1
136028,Before 9 AM,12
136030,5 PM - before 9 PM,10
136030,Before 9 AM,10
136057,Before 9 AM,4
136059,5 PM - before 9 PM,9
136060,Before 9 AM,30
136061,5 PM - before 9 PM,10
136061,Before 9 AM,20
136062,Before 9 AM,30
136063,5 PM - before 9 PM,30
136064,Before 9 AM,12
136067,5 PM - before 9 PM,12
136068,Before 9 AM,24
136069,5 PM - before 9 PM,8
136070,5 PM - before 9 PM,24
136071,5 PM - before 9 PM,30
136072,5 PM - before 9 PM,4
136073,5 PM - before 9 PM,16
136074,Before 9 AM,30
136076,Before 9 AM,30
136103,5 PM - before 9 PM,2
136127,Before 9 AM,28
136128,11 AM - before 2 PM,30
136128,Before 9 AM,30
136135,Before 9 AM,4
136138,5 PM - before 9 PM,4
136139,9 AM - before 11 AM,2
136140,5 PM - before 9 PM,4
136140,Before 9 AM,26
136141,Before 9 AM,8
136143,Before 9 AM,8
136154,Before 9 AM,30
136155,Before 9 AM,4
136156,Before 9 AM,30
136157,Before 9 AM,30
136158,Before 9 AM,10
136159,Before 9 AM,6
136160,Before 9 AM,10
136162,2 PM - before 5 PM,2
136163,11 AM - before 2 PM,2
136173,5 PM - before 9 PM,1
136213,5 PM - before 9 PM,4
136216,5 PM - before 9 PM,2
136249,Before 9 AM,30
136250,Before 9 AM,30
136267,Before 9 AM,30
136268,2 PM - before 5 PM,3
136269,Before 9 AM,10
136291,5 PM - before 9 PM,1
136291,Before 9 AM,2
136313,5 PM - before 9 PM,2
136314,Before 9 AM,25
136318,11 AM - before 2 PM,2
136346,9 AM - before 11 AM,4
136350,5 PM - before 9 PM,4
136351,Before 9 AM,4
136381,5 PM - before 9 PM,2
136385,Before 9 AM,30
136386,Before 9 AM,30
136387,2 PM - before 5 PM,10
136387,5 PM - before 9 PM,10
136387,Before 9 AM,30
136388,2 PM - before 5 PM,2
136388,5 PM - before 9 PM,5
136388,Before 9 AM,3
136389,5 PM - before 9 PM,5
136390,Before 9 AM,30
136391,5 PM - before 9 PM,3
136396,5 PM - before 9 PM,2
136400,5 PM - before 9 PM,2
136411,5 PM - before 9 PM,3
136413,5 PM - before 9 PM,2
136415,9 AM - before 11 AM,2
136424,11 AM - before 2 PM,3
136425,11 AM - before 2 PM,2
136426,5 PM - before 9 PM,2
136428,11 AM - before 2 PM,3
136429,5 PM - before 9 PM,3
136430,5 PM - before 9 PM,2
136431,5 PM - before 9 PM,1
136431,9 AM - before 11 AM,2
136432,5 PM - before 9 PM,2
136433,5 PM - before 9 PM,4
136434,2 PM - before 5 PM,3
136435,2 PM - before 5 PM,2
136436,11 AM - before 2 PM,4
136438,2 PM - before 5 PM,2
136438,5 PM - before 9 PM,2
136439,2 PM - before 5 PM,2
136439,5 PM - before 9 PM,2
136498,9 AM - before 11 AM,3
136520,5 PM - before 9 PM,8
136520,Before 9 AM,8
136522,5 PM - before 9 PM,6
136522,9 AM - before 11 AM,6
136523,5 PM - before 9 PM,10
136523,9 PM or later,6
136524,5 PM - before 9 PM,12
136529,Before 9 AM,35
136560,2 PM - before 5 PM,2
136560,Before 9 AM,28
136595,5 PM - before 9 PM,2
136595,Before 9 AM,2
136608,5 PM - before 9 PM,3
136608,Before 9 AM,9
136649,Before 9 AM,20
136650,Before 9 AM,8
136651,Before 9 AM,30
136710,5 PM - before 9 PM,10
136710,Before 9 AM,10
137493,Before 9 AM,3
137494,5 PM - before 9 PM,2
137494,Before 9 AM,8
137495,11 AM - before 2 PM,11
137495,5 PM - before 9 PM,4
137495,Before 9 AM,25
137621,5 PM - before 9 PM,4
137752,Before 9 AM,4
137801,5 PM - before 9 PM,2
137801,Before 9 AM,1
137846,11 AM - before 2 PM,1
137846,5 PM - before 9 PM,1
137846,Before 9 AM,1
137847,2 PM - before 5 PM,1
137847,5 PM - before 9 PM,1
137847,9 AM - before 11 AM,2
137848,5 PM - before 9 PM,10
137848,Before 9 AM,2
137849,2 PM - before 5 PM,10
137849,5 PM - before 9 PM,3
137849,Before 9 AM,27
137850,11 AM - before 2 PM,1
137850,5 PM - before 9 PM,2
137850,9 PM or later,7
137850,Before 9 AM,10
137851,Before 9 AM,2
137856,2 PM - before 5 PM,4
137856,Before 9 AM,30
137857,9 AM - before 11 AM,30
137858,2 PM - before 5 PM,10
137858,9 AM - before 11 AM,10
137858,Before 9 AM,20
137859,9 AM - before 11 AM,5
137859,Before 9 AM,3
137860,2 PM - before 5 PM,5
137860,9 AM - before 11 AM,3
137861,Before 9 AM,30
137862,9 AM - before 11 AM,2
137862,Before 9 AM,28
137863,5 PM - before 9 PM,2
137863,Before 9 AM,10
137864,11 AM - before 2 PM,3
137864,5 PM - before 9 PM,2
137864,9 AM - before 11 AM,3
137865,11 AM - before 2 PM,2
137865,5 PM - before 9 PM,4
137865,Before 9 AM,3
137866,11 AM - before 2 PM,6
137866,9 PM or later,6
137866,Before 9 AM,4
137867,11 AM - before 2 PM,1
137867,5 PM - before 9 PM,2
137867,Before 9 AM,1
137868,11 AM - before 2 PM,7
137868,5 PM - before 9 PM,7
137868,9 AM - before 11 AM,6
137869,5 PM - before 9 PM,2
137869,Before 9 AM,2
137870,2 PM - before 5 PM,4
137870,9 AM - before 11 AM,4
137871,11 AM - before 2 PM,3
137871,9 PM or later,3
137871,Before 9 AM,3
137872,Before 9 AM,3
137873,Before 9 AM,6
137874,Before 9 AM,25
137875,9 AM - before 11 AM,4
137875,Before 9 AM,3
137890,11 AM - before 2 PM,5
137890,5 PM - before 9 PM,5
137890,Before 9 AM,20
137945,Before 9 AM,4
137948,11 AM - before 2 PM,5
137948,5 PM - before 9 PM,5
137948,Before 9 AM,6
137950,5 PM - before 9 PM,6
137950,9 AM - before 11 AM,6
137951,9 AM - before 11 AM,6
137951,Before 9 AM,2
137952,5 PM - before 9 PM,4
137952,Before 9 AM,2
137953,9 AM - before 11 AM,3
137953,Before 9 AM,5
137954,11 AM - before 2 PM,3
137954,5 PM - before 9 PM,3
137954,Before 9 AM,6
137957,11 AM - before 2 PM,4
137957,5 PM - before 9 PM,4
137957,Before 9 AM,4
137958,2 PM - before 5 PM,10
137958,Before 9 AM,20
137959,2 PM - before 5 PM,5
137959,Before 9 AM,25
137960,2 PM - before 5 PM,10
137960,Before 9 AM,20
137961,2 PM - before 5 PM,15
137961,Before 9 AM,15
137962,2 PM - before 5 PM,8
137962,5 PM - before 9 PM,7
137962,Before 9 AM,15
137963,5 PM - before 9 PM,3
137963,Before 9 AM,5
137968,Before 9 AM,30
137969,5 PM - before 9 PM,4
137981,11 AM - before 2 PM,10
137981,9 AM - before 11 AM,10
137981,Before 9 AM,10
138097,2 PM - before 5 PM,3
138097,5 PM - before 9 PM,6
138098,5 PM - before 9 PM,3
138098,9 PM or later,1
138099,2 PM - before 5 PM,3
138099,5 PM - before 9 PM,4
138099,Before 9 AM,3
138100,2 PM - before 5 PM,2
138100,5 PM - before 9 PM,2
138101,2 PM - before 5 PM,10
138101,5 PM - before 9 PM,10
138101,9 AM - before 11 AM,10
138101,Before 9 AM,10
138102,5 PM - before 9 PM,10
138102,Before 9 AM,5
138103,2 PM - before 5 PM,2
138103,5 PM - before 9 PM,8
138103,9 PM or later,2
138104,2 PM - before 5 PM,6
138104,5 PM - before 9 PM,8
138104,9 AM - before 11 AM,8
138104,Before 9 AM,8
138105,5 PM - before 9 PM,6
138105,9 PM or later,7
138105,Before 9 AM,9
138106,2 PM - before 5 PM,2
138106,5 PM - before 9 PM,2
138107,2 PM - before 5 PM,2
138107,5 PM - before 9 PM,2
138109,11 AM - before 2 PM,2
138109,Before 9 AM,28
138110,5 PM - before 9 PM,2
138110,Before 9 AM,10
138111,11 AM - before 2 PM,2
138111,5 PM - before 9 PM,6
138111,Before 9 AM,4
138112,11 AM - before 2 PM,4
138112,Before 9 AM,16
138113,5 PM - before 9 PM,6
138113,9 AM - before 11 AM,1
138114,11 AM - before 2 PM,20
138114,5 PM - before 9 PM,4
138114,9 PM or later,6
138114,Before 9 AM,30
138115,11 AM - before 2 PM,6
138115,5 PM - before 9 PM,4
138115,Before 9 AM,20
138116,11 AM - before 2 PM,3
138116,Before 9 AM,6
138117,11 AM - before 2 PM,8
138117,5 PM - before 9 PM,8
138118,11 AM - before 2 PM,1
138118,Before 9 AM,3
138119,11 AM - before 2 PM,8
138119,5 PM - before 9 PM,8
138120,2 PM - before 5 PM,5
138120,9 PM or later,3
138121,11 AM - before 2 PM,1
138121,5 PM - before 9 PM,1
138121,Before 9 AM,1
138122,11 AM - before 2 PM,6
138122,2 PM - before 5 PM,5
138122,5 PM - before 9 PM,7
138122,Before 9 AM,6
138123,11 AM - before 2 PM,2
138123,9 PM or later,2
138123,Before 9 AM,4
138132,11 AM - before 2 PM,10
138132,5 PM - before 9 PM,11
138132,Before 9 AM,10
138133,11 AM - before 2 PM,28
138133,2 PM - before 5 PM,28
138133,5 PM - before 9 PM,6
138133,Before 9 AM,28
138134,11 AM - before 2 PM,30
138134,5 PM - before 9 PM,20
138134,Before 9 AM,30
138135,2 PM - before 5 PM,1
138135,9 AM - before 11 AM,2
138136,11 AM - before 2 PM,30
138136,5 PM - before 9 PM,30
138136,Before 9 AM,30
138137,11 AM - before 2 PM,30
138137,5 PM - before 9 PM,30
138137,Before 9 AM,30
138148,5 PM - before 9 PM,5
138148,Before 9 AM,5
138149,2 PM - before 5 PM,1
138149,5 PM - before 9 PM,2
138150,5 PM - before 9 PM,9
138150,9 AM - before 11 AM,9
138150,9 PM or later,4
138150,Before 9 AM,8
138158,2 PM - before 5 PM,5
138158,Before 9 AM,25
138159,Before 9 AM,30
138160,Before 9 AM,8
138161,11 AM - before 2 PM,10
138161,Before 9 AM,30
138162,9 AM - before 11 AM,4
138162,Before 9 AM,8
138166,Before 9 AM,38
138168,9 AM - before 11 AM,10
138169,2 PM - before 5 PM,5
138169,5 PM - before 9 PM,5
138169,Before 9 AM,10
138180,2 PM - before 5 PM,3
138180,9 AM - before 11 AM,2
138181,Before 9 AM,30
138182,5 PM - before 9 PM,4
138183,5 PM - before 9 PM,3
138185,5 PM - before 9 PM,12
138186,Before 9 AM,30
138187,2 PM - before 5 PM,4
138188,Before 9 AM,30
138189,Before 9 AM,10
138197,2 PM - before 5 PM,2
138197,Before 9 AM,6
138198,2 PM - before 5 PM,2
138198,Before 9 AM,18
138212,5 PM - before 9 PM,2
138212,9 PM or later,1
138213,5 PM - before 9 PM,2
138213,Before 9 AM,2
138257,9 AM - before 11 AM,2
138257,Before 9 AM,8
138258,11 AM - before 2 PM,4
138258,9 AM - before 11 AM,3
138258,Before 9 AM,2
138259,9 AM - before 11 AM,3
138259,Before 9 AM,7
138260,Before 9 AM,30
138282,11 AM - before 2 PM,10
138282,2 PM - before 5 PM,10
138282,5 PM - before 9 PM,10
138282,9 AM - before 11 AM,10
138282,Before 9 AM,10
138283,5 PM - before 9 PM,4
138285,11 AM - before 2 PM,6
138285,9 AM - before 11 AM,10
138285,Before 9 AM,14
138286,Before 9 AM,2
138287,Before 9 AM,2
138288,2 PM - before 5 PM,2
138288,Before 9 AM,28
138289,5 PM - before 9 PM,2
138289,Before 9 AM,2
138290,9 AM - before 11 AM,4
138291,5 PM - before 9 PM,2
138292,2 PM - before 5 PM,5
138292,Before 9 AM,25
138294,5 PM - before 9 PM,4
138295,5 PM - before 9 PM,4
138296,11 AM - before 2 PM,2
138296,5 PM - before 9 PM,2
138297,11 AM - before 2 PM,8
138298,11 AM - before 2 PM,5
138298,5 PM - before 9 PM,4
138299,9 AM - before 11 AM,4
138300,5 PM - before 9 PM,4
138301,5 PM - before 9 PM,4
138302,9 AM - before 11 AM,4
138303,5 PM - before 9 PM,3
138304,9 AM - before 11 AM,4
138305,9 AM - before 11 AM,12
138306,9 AM - before 11 AM,4
138307,9 AM - before 11 AM,3
138308,9 AM - before 11 AM,12
138309,9 AM - before 11 AM,10
138310,11 AM - before 2 PM,4
138314,11 AM - before 2 PM,4
138314,5 PM - before 9 PM,4
138314,Before 9 AM,10
138315,5 PM - before 9 PM,2
138317,9 AM - before 11 AM,2
138332,11 AM - before 2 PM,1
138332,5 PM - before 9 PM,3
138333,2 PM - before 5 PM,1
138333,5 PM - before 9 PM,1
138334,5 PM - before 9 PM,2
138335,11 AM - before 2 PM,1
138335,5 PM - before 9 PM,1
138336,11 AM - before 2 PM,2
138336,5 PM - before 9 PM,4
138336,9 PM or later,3
138336,Before 9 AM,3
138337,11 AM - before 2 PM,3
138337,2 PM - before 5 PM,3
138337,5 PM - before 9 PM,8
138337,9 PM or later,7
138337,Before 9 AM,4
138338,11 AM - before 2 PM,1
138338,5 PM - before 9 PM,2
138345,5 PM - before 9 PM,2
138345,Before 9 AM,2
138350,5 PM - before 9 PM,28
138351,5 PM - before 9 PM,8
138352,5 PM - before 9 PM,4
138353,9 PM or later,24
138353,Before 9 AM,6
138355,2 PM - before 5 PM,8
138355,Before 9 AM,22
138374,Before 9 AM,3
138375,2 PM - before 5 PM,10
138375,Before 9 AM,30
138376,5 PM - before 9 PM,8
138376,Before 9 AM,4
138377,2 PM - before 5 PM,3
138377,Before 9 AM,5
138378,Before 9 AM,30
138379,2 PM - before 5 PM,3
138379,5 PM - before 9 PM,5
138379,9 AM - before 11 AM,4
138380,Before 9 AM,30
138381,2 PM - before 5 PM,4
138381,Before 9 AM,26
138382,Before 9 AM,28
138383,5 PM - before 9 PM,5
138383,9 AM - before 11 AM,5
138383,Before 9 AM,20
138384,Before 9 AM,3
138385,Before 9 AM,28
138386,2 PM - before 5 PM,2
138386,5 PM - before 9 PM,1
138387,5 PM - before 9 PM,4
138388,5 PM - before 9 PM,30
138389,5 PM - before 9 PM,2
138391,2 PM - before 5 PM,1
138391,5 PM - before 9 PM,1
138400,5 PM - before 9 PM,8
138404,5 PM - before 9 PM,2
138404,9 AM - before 11 AM,2
138408,5 PM - before 9 PM,4
138408,Before 9 AM,12
138409,5 PM - before 9 PM,4
138409,Before 9 AM,26
138410,Before 9 AM,30
138411,Before 9 AM,8
138413,Before 9 AM,30
138414,5 PM - before 9 PM,10
138416,5 PM - before 9 PM,2
138417,2 PM - before 5 PM,5
138417,5 PM - before 9 PM,5
138417,Before 9 AM,2
138418,2 PM - before 5 PM,2
138418,9 PM or later,2
138420,2 PM - before 5 PM,2
138420,9 PM or later,2
138421,5 PM - before 9 PM,2
138422,2 PM - before 5 PM,4
138422,9 AM - before 11 AM,4
138423,11 AM - before 2 PM,2
138423,5 PM - before 9 PM,4
138423,9 AM - before 11 AM,2
138425,5 PM - before 9 PM,2
138433,11 AM - before 2 PM,6
138433,9 PM or later,5
138433,Before 9 AM,5
138446,9 AM - before 11 AM,2
138446,9 PM or later,6
138447,Before 9 AM,4
138448,5 PM - before 9 PM,10
138449,2 PM - before 5 PM,3
138449,5 PM - before 9 PM,3
138449,9 PM or later,2
138450,11 AM - before 2 PM,2
138451,2 PM - before 5 PM,8
138451,9 PM or later,2
138457,5 PM - before 9 PM,25
138457,Before 9 AM,5
138458,Before 9 AM,4
138459,Before 9 AM,30
138460,Before 9 AM,8
138471,9 AM - before 11 AM,2
138476,Before 9 AM,30
138477,Before 9 AM,8
138479,5 PM - before 9 PM,6
138479,9 AM - before 11 AM,4
138480,Before 9 AM,30
138482,Before 9 AM,2
138483,2 PM - before 5 PM,2
138483,9 PM or later,4
138483,Before 9 AM,2
138484,2 PM - before 5 PM,5
138484,5 PM - before 9 PM,5
138484,9 PM or later,5
138485,5 PM - before 9 PM,4
138486,9 PM or later,4
138487,5 PM - before 9 PM,3
138487,Before 9 AM,2
138488,Before 9 AM,16
138489,2 PM - before 5 PM,30
138489,Before 9 AM,30
138490,9 AM - before 11 AM,5
138491,Before 9 AM,30
138492,Before 9 AM,10
138493,2 PM - before 5 PM,4
138493,9 AM - before 11 AM,4
138494,9 AM - before 11 AM,6
138495,Before 9 AM,30
138496,Before 9 AM,8
138504,Before 9 AM,10
138505,5 PM - before 9 PM,2
138505,9 AM - before 11 AM,2
138506,5 PM - before 9 PM,1
138506,9 AM - before 11 AM,3
138507,2 PM - before 5 PM,4
138507,9 AM - before 11 AM,4
138507,Before 9 AM,4
138509,5 PM - before 9 PM,1
138509,9 AM - before 11 AM,2
138509,Before 9 AM,1
138510,2 PM - before 5 PM,2
138510,9 AM - before 11 AM,2
138511,2 PM - before 5 PM,2
138511,5 PM - before 9 PM,6
138511,9 AM - before 11 AM,4
138512,5 PM - before 9 PM,2
138513,2 PM - before 5 PM,3
138513,5 PM - before 9 PM,5
138514,2 PM - before 5 PM,2
138514,5 PM - before 9 PM,6
138515,9 AM - before 11 AM,2
138516,5 PM - before 9 PM,1
138516,9 AM - before 11 AM,1
138526,5 PM - before 9 PM,2
138527,2 PM - before 5 PM,1
138527,5 PM - before 9 PM,1
138527,9 AM - before 11 AM,2
138528,11 AM - before 2 PM,1
138528,5 PM - before 9 PM,1
138528,9 AM - before 11 AM,2
138529,11 AM - before 2 PM,4
138529,2 PM - before 5 PM,4
138529,5 PM - before 9 PM,4
138529,9 PM or later,4
138530,11 AM - before 2 PM,2
138530,5 PM - before 9 PM,2
138531,11 AM - before 2 PM,2
138531,5 PM - before 9 PM,2
138531,Before 9 AM,3
138532,2 PM - before 5 PM,1
138532,5 PM - before 9 PM,1
138532,9 AM - before 11 AM,2
138533,5 PM - before 9 PM,3
138533,9 AM - before 11 AM,1
138534,2 PM - before 5 PM,12
138534,9 AM - before 11 AM,8
138535,5 PM - before 9 PM,3
138537,Before 9 AM,30
138538,11 AM - before 2 PM,14
138538,Before 9 AM,10
138540,2 PM - before 5 PM,4
138541,Before 9 AM,4
138542,2 PM - before 5 PM,2
138543,2 PM - before 5 PM,6
138544,Before 9 AM,12
138545,Before 9 AM,30
138546,Before 9 AM,30
138547,Before 9 AM,4
138548,Before 9 AM,4
138550,Before 9 AM,30
138551,Before 9 AM,30
138552,2 PM - before 5 PM,10
138552,Before 9 AM,20
138553,Before 9 AM,2
138554,2 PM - before 5 PM,10
138554,Before 9 AM,20
138555,Before 9 AM,30
138562,9 AM - before 11 AM,4
138571,5 PM - before 9 PM,2
138580,2 PM - before 5 PM,10
138580,5 PM - before 9 PM,10
138581,2 PM - before 5 PM,4
138582,5 PM - before 9 PM,4
138583,5 PM - before 9 PM,4
138583,9 PM or later,4
138584,2 PM - before 5 PM,3
138584,5 PM - before 9 PM,3
138584,9 PM or later,3
138584,Before 9 AM,3
138585,5 PM - before 9 PM,5
138585,9 PM or later,5
138586,Before 9 AM,2
138587,5 PM - before 9 PM,6
138587,9 PM or later,6
138588,5 PM - before 9 PM,4
138589,5 PM - before 9 PM,10
138589,9 PM or later,2
138590,5 PM - before 9 PM,2
138591,9 AM - before 11 AM,3
138592,9 AM - before 11 AM,3
138593,5 PM - before 9 PM,4
138593,Before 9 AM,4
138594,11 AM - before 2 PM,5
138594,2 PM - before 5 PM,5
138594,5 PM - before 9 PM,5
138594,9 AM - before 11 AM,5
138595,Before 9 AM,31
138596,5 PM - before 9 PM,5
138596,Before 9 AM,3
138597,2 PM - before 5 PM,2
138597,Before 9 AM,2
138598,11 AM - before 2 PM,2
138598,5 PM - before 9 PM,2
138599,5 PM - before 9 PM,6
138599,Before 9 AM,4
138600,11 AM - before 2 PM,2
138600,2 PM - before 5 PM,4
138600,5 PM - before 9 PM,3
138600,Before 9 AM,3
138601,11 AM - before 2 PM,4
138601,2 PM - before 5 PM,4
138601,5 PM - before 9 PM,4
138601,9 PM or later,4
138601,Before 9 AM,4
138602,5 PM - before 9 PM,3
138602,9 AM - before 11 AM,3
138602,Before 9 AM,2
138603,5 PM - before 9 PM,4
138603,9 PM or later,2
138603,Before 9 AM,4
138604,Before 9 AM,4
138605,9 AM - before 11 AM,4
138606,Before 9 AM,4
138607,Before 9 AM,4
138608,11 AM - before 2 PM,4
138609,9 AM - before 11 AM,4
138610,9 AM - before 11 AM,4
138611,Before 9 AM,4
138612,11 AM - before 2 PM,8
138613,Before 9 AM,4
138614,Before 9 AM,4
138615,11 AM - before 2 PM,4
138616,9 AM - before 11 AM,4
138617,Before 9 AM,4
138618,9 AM - before 11 AM,4
138619,9 AM - before 11 AM,4
138621,11 AM - before 2 PM,6
138621,5 PM - before 9 PM,5
138621,Before 9 AM,5
138624,5 PM - before 9 PM,3
138624,9 AM - before 11 AM,2
138625,11 AM - before 2 PM,2
138625,5 PM - before 9 PM,2
138626,5 PM - before 9 PM,2
138627,2 PM - before 5 PM,5
138627,9 AM - before 11 AM,3
138628,5 PM - before 9 PM,4
138628,9 AM - before 11 AM,4
138628,Before 9 AM,4
138631,5 PM - before 9 PM,4
138632,2 PM - before 5 PM,2
138632,5 PM - before 9 PM,1
138632,9 AM - before 11 AM,5
138633,2 PM - before 5 PM,5
138633,5 PM - before 9 PM,3
138633,Before 9 AM,8
138635,5 PM - before 9 PM,4
138635,Before 9 AM,8
138636,5 PM - before 9 PM,9
138636,9 AM - before 11 AM,7
138637,2 PM - before 5 PM,1
138637,9 AM - before 11 AM,2
138638,11 AM - before 2 PM,3
138638,5 PM - before 9 PM,3
138638,Before 9 AM,2
138639,5 PM - before 9 PM,2
138639,9 AM - before 11 AM,2
138640,5 PM - before 9 PM,2
138642,Before 9 AM,4
138646,5 PM - before 9 PM,5
138646,Before 9 AM,30
138647,9 AM - before 11 AM,2
138647,Before 9 AM,28
138651,2 PM - before 5 PM,10
138652,Before 9 AM,4
138653,Before 9 AM,10
138654,9 AM - before 11 AM,4
138655,Before 9 AM,4
138656,9 AM - before 11 AM,10
138657,5 PM - before 9 PM,8
138658,9 AM - before 11 AM,4
138660,2 PM - before 5 PM,15
138660,Before 9 AM,15
138662,5 PM - before 9 PM,4
138663,5 PM - before 9 PM,4
138664,5 PM - before 9 PM,5
138664,9 AM - before 11 AM,3
138665,5 PM - before 9 PM,4
138666,5 PM - before 9 PM,4
138667,5 PM - before 9 PM,8
138668,2 PM - before 5 PM,2
138668,5 PM - before 9 PM,4
138668,9 AM - before 11 AM,2
138669,5 PM - before 9 PM,4
138676,Before 9 AM,4
138677,Before 9 AM,4
138689,9 AM - before 11 AM,4
138690,9 AM - before 11 AM,4
138691,Before 9 AM,4
138692,9 AM - before 11 AM,4
138693,11 AM - before 2 PM,4
138694,Before 9 AM,4
138698,Before 9 AM,30
138699,Before 9 AM,6
138702,Before 9 AM,8
138703,11 AM - before 2 PM,8
138703,5 PM - before 9 PM,9
138703,Before 9 AM,8
138705,5 PM - before 9 PM,6
138705,Before 9 AM,6
138706,5 PM - before 9 PM,5
138706,Before 9 AM,5
138707,5 PM - before 9 PM,4
138708,9 PM or later,4
138713,5 PM - before 9 PM,4
138714,5 PM - before 9 PM,4
138714,9 AM - before 11 AM,6
138715,5 PM - before 9 PM,4
138716,11 AM - before 2 PM,4
138716,5 PM - before 9 PM,3
138716,9 AM - before 11 AM,4
138716,9 PM or later,7
138717,5 PM - before 9 PM,8
138717,9 AM - before 11 AM,12
138718,5 PM - before 9 PM,4
138719,2 PM - before 5 PM,3
138719,5 PM - before 9 PM,3
138719,9 AM - before 11 AM,4
138720,2 PM - before 5 PM,5
138720,5 PM - before 9 PM,5
138720,9 AM - before 11 AM,5
138721,2 PM - before 5 PM,3
138721,5 PM - before 9 PM,3
138721,9 AM - before 11 AM,4
138724,2 PM - before 5 PM,30
138724,Before 9 AM,30
138725,5 PM - before 9 PM,4
138725,Before 9 AM,4
138726,2 PM - before 5 PM,10
138726,9 AM - before 11 AM,10
138727,Before 9 AM,12
138728,Before 9 AM,30
138729,5 PM - before 9 PM,2
138729,9 AM - before 11 AM,1
138730,2 PM - before 5 PM,1
138730,5 PM - before 9 PM,5
138730,9 AM - before 11 AM,2
138733,5 PM - before 9 PM,22
138733,Before 9 AM,8
138734,Before 9 AM,12
138735,5 PM - before 9 PM,12
138740,Before 9 AM,30
138741,5 PM - before 9 PM,16
138742,5 PM - before 9 PM,4
138743,Before 9 AM,30
138744,Before 9 AM,8
138745,5 PM - before 9 PM,8
138746,Before 9 AM,30
138747,Before 9 AM,30
138748,5 PM - before 9 PM,4
138750,11 AM - before 2 PM,7
138750,2 PM - before 5 PM,4
138750,5 PM - before 9 PM,4
138750,9 AM - before 11 AM,5
138750,9 PM or later,4
138750,Before 9 AM,4
138751,2 PM - before 5 PM,1
138751,5 PM - before 9 PM,1
138752,11 AM - before 2 PM,2
138752,5 PM - before 9 PM,2
138753,11 AM - before 2 PM,4
138753,2 PM - before 5 PM,4
138753,5 PM - before 9 PM,7
138753,9 PM or later,6
138754,11 AM - before 2 PM,1
138754,5 PM - before 9 PM,1
138755,11 AM - before 2 PM,2
138755,5 PM - before 9 PM,4
138755,9 PM or later,2
138756,11 AM - before 2 PM,5
138756,2 PM - before 5 PM,5
138756,5 PM - before 9 PM,5
138756,9 AM - before 11 AM,5
138756,9 PM or later,4
138757,5 PM - before 9 PM,1
138757,9 AM - before 11 AM,1
138758,2 PM - before 5 PM,3
138758,5 PM - before 9 PM,2
138758,Before 9 AM,25
138759,5 PM - before 9 PM,4
138759,Before 9 AM,6
138760,2 PM - before 5 PM,4
138760,5 PM - before 9 PM,4
138760,Before 9 AM,4
138761,2 PM - before 5 PM,2
138761,Before 9 AM,28
138762,5 PM - before 9 PM,4
138762,Before 9 AM,4
138763,9 AM - before 11 AM,4
138764,5 PM - before 9 PM,2
138764,9 AM - before 11 AM,1
138767,5 PM - before 9 PM,7
138767,9 PM or later,3
138768,5 PM - before 9 PM,2
138769,5 PM - before 9 PM,3
138769,9 PM or later,1
138770,11 AM - before 2 PM,2
138770,5 PM - before 9 PM,2
138771,5 PM - before 9 PM,2
138772,5 PM - before 9 PM,4
138773,2 PM - before 5 PM,1
138773,5 PM - before 9 PM,3
138775,11 AM - before 2 PM,26
138796,11 AM - before 2 PM,20
138796,5 PM - before 9 PM,10
138796,Before 9 AM,30
138797,11 AM - before 2 PM,5
138797,2 PM - before 5 PM,2
138797,5 PM - before 9 PM,3
138797,Before 9 AM,20
138798,5 PM - before 9 PM,2
138798,Before 9 AM,4
138799,5 PM - before 9 PM,1
138799,Before 9 AM,29
138800,5 PM - before 9 PM,2
138800,Before 9 AM,28
138804,9 PM or later,4
138813,5 PM - before 9 PM,7
138814,5 PM - before 9 PM,10
138814,Before 9 AM,10
138815,5 PM - before 9 PM,30
138815,Before 9 AM,30
138825,2 PM - before 5 PM,2
138825,5 PM - before 9 PM,3
138826,5 PM - before 9 PM,1
138826,Before 9 AM,1
138827,2 PM - before 5 PM,4
138827,5 PM - before 9 PM,7
138827,9 AM - before 11 AM,2
138828,2 PM - before 5 PM,10
138828,5 PM - before 9 PM,10
138828,Before 9 AM,5
138829,9 AM - before 11 AM,8
138830,9 AM - before 11 AM,30
138831,9 AM - before 11 AM,30
138838,2 PM - before 5 PM,4
138838,5 PM - before 9 PM,4
138838,9 AM - before 11 AM,8
138840,5 PM - before 9 PM,8
138840,9 AM - before 11 AM,8
138841,5 PM - before 9 PM,4
138841,9 AM - before 11 AM,4
138842,2 PM - before 5 PM,6
138842,9 AM - before 11 AM,6
138843,2 PM - before 5 PM,5
138843,9 AM - before 11 AM,7
138845,2 PM - before 5 PM,1
138845,5 PM - before 9 PM,1
138845,9 AM - before 11 AM,2
138846,5 PM - before 9 PM,7
138846,Before 9 AM,5
138847,2 PM - before 5 PM,3
138847,5 PM - before 9 PM,9
138848,11 AM - before 2 PM,2
138848,5 PM - before 9 PM,4
138848,9 AM - before 11 AM,2
138849,5 PM - before 9 PM,4
138850,5 PM - before 9 PM,7
138850,Before 9 AM,5
138851,2 PM - before 5 PM,3
138851,5 PM - before 9 PM,9
138855,Before 9 AM,4
138861,Before 9 AM,8
138864,11 AM - before 2 PM,3
138864,5 PM - before 9 PM,3
138864,9 PM or later,3
138864,Before 9 AM,5
138865,5 PM - before 9 PM,2
138865,9 AM - before 11 AM,2
138866,5 PM - before 9 PM,12
138866,9 AM - before 11 AM,8
138867,2 PM - before 5 PM,2
138867,9 AM - before 11 AM,3
138867,9 PM or later,3
138868,5 PM - before 9 PM,2
138868,9 AM - before 11 AM,2
138869,5 PM - before 9 PM,5
138869,Before 9 AM,5
138873,11 AM - before 2 PM,4
138873,2 PM - before 5 PM,2
138873,5 PM - before 9 PM,4
138873,9 AM - before 11 AM,2
138873,9 PM or later,2
138873,Before 9 AM,6
138879,2 PM - before 5 PM,3
138879,5 PM - before 9 PM,5
138880,2 PM - before 5 PM,5
138880,5 PM - before 9 PM,5
138880,9 AM - before 11 AM,5
138882,2 PM - before 5 PM,4
138882,5 PM - before 9 PM,6
138882,9 AM - before 11 AM,5
138883,5 PM - before 9 PM,4
138883,9 AM - before 11 AM,4
138907,11 AM - before 2 PM,4
138907,5 PM - before 9 PM,5
138907,9 PM or later,5
138907,Before 9 AM,4
138908,11 AM - before 2 PM,2
138908,2 PM - before 5 PM,3
138908,5 PM - before 9 PM,5
138909,11 AM - before 2 PM,1
138909,5 PM - before 9 PM,2
138910,11 AM - before 2 PM,2
138910,5 PM - before 9 PM,2
138911,5 PM - before 9 PM,3
138911,9 PM or later,1
138912,5 PM - before 9 PM,3
138913,11 AM - before 2 PM,5
138913,2 PM - before 5 PM,4
138913,5 PM - before 9 PM,9
138913,9 PM or later,5
138913,Before 9 AM,7
138917,5 PM - before 9 PM,2
138918,2 PM - before 5 PM,1
138918,5 PM - before 9 PM,3
138919,11 AM - before 2 PM,1
138919,2 PM - before 5 PM,1
138919,5 PM - before 9 PM,2
138920,5 PM - before 9 PM,2
138920,9 AM - before 11 AM,1
138920,Before 9 AM,1
138921,11 AM - before 2 PM,1
138921,5 PM - before 9 PM,2
138921,9 PM or later,1
138922,2 PM - before 5 PM,3
138922,5 PM - before 9 PM,3
138922,9 AM - before 11 AM,3
138932,2 PM - before 5 PM,30
138932,Before 9 AM,60
138933,11 AM - before 2 PM,2
138933,5 PM - before 9 PM,6
138934,5 PM - before 9 PM,4
138934,Before 9 AM,26
138935,Before 9 AM,12
138936,Before 9 AM,30
138937,Before 9 AM,30
138940,11 AM - before 2 PM,5
138940,2 PM - before 5 PM,5
138940,Before 9 AM,20
138941,Before 9 AM,30
138942,Before 9 AM,30
138943,Before 9 AM,8
138944,Before 9 AM,4
138945,11 AM - before 2 PM,5
138945,Before 9 AM,25
138951,5 PM - before 9 PM,2
138951,9 PM or later,2
138968,9 AM - before 11 AM,2
138969,5 PM - before 9 PM,10
138969,Before 9 AM,20
138970,Before 9 AM,4
138971,5 PM - before 9 PM,5
138971,Before 9 AM,5
138973,Before 9 AM,8
138974,5 PM - before 9 PM,7
138974,Before 9 AM,23
138975,2 PM - before 5 PM,1
138975,5 PM - before 9 PM,1
138976,2 PM - before 5 PM,1
138976,5 PM - before 9 PM,1
138977,5 PM - before 9 PM,1
138977,9 AM - before 11 AM,1
138978,2 PM - before 5 PM,2
138978,Before 9 AM,28
138979,2 PM - before 5 PM,1
138979,5 PM - before 9 PM,2
138980,5 PM - before 9 PM,5
138980,Before 9 AM,25
138983,Before 9 AM,4
138984,5 PM - before 9 PM,2
138984,Before 9 AM,6
138985,5 PM - before 9 PM,5
138985,Before 9 AM,25
138987,Before 9 AM,2
138989,Before 9 AM,3
138990,5 PM - before 9 PM,5
138991,5 PM - before 9 PM,4
138991,Before 9 AM,4
138994,11 AM - before 2 PM,2
138994,2 PM - before 5 PM,4
138996,11 AM - before 2 PM,5
138996,9 AM - before 11 AM,4
138999,9 AM - before 11 AM,2
139000,11 AM - before 2 PM,2
139000,9 AM - before 11 AM,2
139001,9 AM - before 11 AM,3
139001,Before 9 AM,1
139004,2 PM - before 5 PM,2
139004,Before 9 AM,2
139005,5 PM - before 9 PM,2
139005,Before 9 AM,2
139006,11 AM - before 2 PM,6
139006,5 PM - before 9 PM,8
139006,9 PM or later,4
139006,Before 9 AM,12
139007,2 PM - before 5 PM,4
139007,5 PM - before 9 PM,4
139007,9 AM - before 11 AM,4
139007,Before 9 AM,2
139008,5 PM - before 9 PM,3
139008,Before 9 AM,5
139009,11 AM - before 2 PM,2
139009,5 PM - before 9 PM,1
139011,5 PM - before 9 PM,4
139012,2 PM - before 5 PM,1
139012,Before 9 AM,1
139013,5 PM - before 9 PM,8
139014,9 AM - before 11 AM,15
139014,Before 9 AM,15
139015,5 PM - before 9 PM,4
139017,5 PM - before 9 PM,1
139017,9 AM - before 11 AM,2
139018,Before 9 AM,4
139019,5 PM - before 9 PM,12
139020,5 PM - before 9 PM,4
139021,Before 9 AM,31
139022,5 PM - before 9 PM,4
139022,Before 9 AM,26
139023,Before 9 AM,30
139024,5 PM - before 9 PM,4
139025,5 PM - before 9 PM,2
139026,5 PM - before 9 PM,4
139026,9 PM or later,2
139027,9 AM - before 11 AM,2
139028,5 PM - before 9 PM,10
139028,Before 9 AM,10
139029,Before 9 AM,30
139030,9 AM - before 11 AM,4
139030,Before 9 AM,3
139031,9 AM - before 11 AM,2
139031,Before 9 AM,6
139032,Before 9 AM,28
139033,9 AM - before 11 AM,5
139033,Before 9 AM,15
139034,9 AM - before 11 AM,4
139036,11 AM - before 2 PM,3
139036,2 PM - before 5 PM,5
139036,5 PM - before 9 PM,5
139036,9 PM or later,3
139036,Before 9 AM,4
139037,5 PM - before 9 PM,4
139037,9 AM - before 11 AM,4
139039,11 AM - before 2 PM,10
139039,Before 9 AM,20
139041,11 AM - before 2 PM,2
139041,2 PM - before 5 PM,1
139042,Before 9 AM,30
139043,5 PM - before 9 PM,5
139043,Before 9 AM,25
139045,9 AM - before 11 AM,4
139046,5 PM - before 9 PM,4
139052,9 AM - before 11 AM,1
139052,Before 9 AM,2
139053,2 PM - before 5 PM,15
139053,5 PM - before 9 PM,5
139054,2 PM - before 5 PM,3
139054,9 AM - before 11 AM,5
139055,11 AM - before 2 PM,10
139055,Before 9 AM,20
139056,11 AM - before 2 PM,4
139056,2 PM - before 5 PM,3
139062,5 PM - before 9 PM,12
139063,5 PM - before 9 PM,8
139064,5 PM - before 9 PM,30
139065,Before 9 AM,12
139069,Before 9 AM,30
139070,Before 9 AM,30
139071,Before 9 AM,4
139072,Before 9 AM,2
139080,5 PM - before 9 PM,2
139081,Before 9 AM,2
139082,Before 9 AM,30
139083,5 PM - before 9 PM,6
139083,Before 9 AM,30
139085,Before 9 AM,30
139086,5 PM - before 9 PM,4
139086,Before 9 AM,28
139087,2 PM - before 5 PM,2
139087,Before 9 AM,28
139088,Before 9 AM,4
139089,5 PM - before 9 PM,4
139096,9 AM - before 11 AM,5
139097,9 AM - before 11 AM,2
139097,Before 9 AM,2
139098,2 PM - before 5 PM,4
139098,9 AM - before 11 AM,4
139099,2 PM - before 5 PM,7
139099,9 AM - before 11 AM,2
139100,Before 9 AM,10
139101,Before 9 AM,8
139102,Before 9 AM,30
139103,2 PM - before 5 PM,3
139103,5 PM - before 9 PM,6
139103,9 AM - before 11 AM,3
139136,2 PM - before 5 PM,2
139137,Before 9 AM,30
139144,2 PM - before 5 PM,4
139145,9 AM - before 11 AM,2
139160,Before 9 AM,4
139164,Before 9 AM,28
139170,11 AM - before 2 PM,3
139170,2 PM - before 5 PM,3
139170,5 PM - before 9 PM,6
139170,9 AM - before 11 AM,3
139170,Before 9 AM,5
139171,Before 9 AM,10
139172,5 PM - before 9 PM,10
139172,9 AM - before 11 AM,10
139172,Before 9 AM,30
139173,9 AM - before 11 AM,2
139173,Before 9 AM,4
139174,Before 9 AM,30
139175,5 PM - before 9 PM,5
139175,Before 9 AM,15
139176,Before 9 AM,4
139177,Before 9 AM,20
139178,5 PM - before 9 PM,2
139178,Before 9 AM,8
139179,Before 9 AM,30
139180,5 PM - before 9 PM,4
139180,Before 9 AM,4
139181,Before 9 AM,8
139182,Before 9 AM,12
139183,2 PM - before 5 PM,10
139183,5 PM - before 9 PM,10
139183,Before 9 AM,10
139192,11 AM - before 2 PM,10
139192,Before 9 AM,10
139208,Before 9 AM,4
139209,5 PM - before 9 PM,20
139210,2 PM - before 5 PM,8
139210,Before 9 AM,8
139211,9 AM - before 11 AM,4
139212,Before 9 AM,30
139227,Before 9 AM,4
139228,Before 9 AM,30
139229,5 PM - before 9 PM,4
139229,Before 9 AM,30
139230,Before 9 AM,4
139231,Before 9 AM,30
139232,5 PM - before 9 PM,2
139233,Before 9 AM,4
139240,2 PM - before 5 PM,5
139240,9 AM - before 11 AM,25
139241,5 PM - before 9 PM,4
139242,5 PM - before 9 PM,15
139242,Before 9 AM,15
139243,5 PM - before 9 PM,8
139243,Before 9 AM,8
139299,Before 9 AM,30
139300,9 AM - before 11 AM,4
139301,5 PM - before 9 PM,18
139301,9 AM - before 11 AM,5
139301,Before 9 AM,7
139302,Before 9 AM,8
139309,5 PM - before 9 PM,8
139310,5 PM - before 9 PM,4
139311,Before 9 AM,30
139312,9 AM - before 11 AM,4
139313,5 PM - before 9 PM,10
139313,Before 9 AM,20
139314,5 PM - before 9 PM,3
139314,Before 9 AM,4
139315,5 PM - before 9 PM,20
139315,Before 9 AM,20
139317,Before 9 AM,30
139318,5 PM - before 9 PM,10
139318,Before 9 AM,20
139619,9 AM - before 11 AM,8
139620,Before 9 AM,4
139781,5 PM - before 9 PM,4
139781,9 AM - before 11 AM,4
139782,5 PM - before 9 PM,8
139783,2 PM - before 5 PM,5
139783,5 PM - before 9 PM,3
139784,5 PM - before 9 PM,4
139784,9 AM - before 11 AM,4
139785,Before 9 AM,8
139878,5 PM - before 9 PM,4
139879,2 PM - before 5 PM,5
139879,5 PM - before 9 PM,3
139880,5 PM - before 9 PM,4
139881,5 PM - before 9 PM,3
139881,9 AM - before 11 AM,1
139914,11 AM - before 2 PM,4
139914,2 PM - before 5 PM,4
139914,5 PM - before 9 PM,4
139914,9 AM - before 11 AM,4
139914,Before 9 AM,4
139915,5 PM - before 9 PM,3
139916,11 AM - before 2 PM,4
139916,5 PM - before 9 PM,5
139916,Before 9 AM,3
139917,5 PM - before 9 PM,5
139917,Before 9 AM,5
139918,5 PM - before 9 PM,6
139920,5 PM - before 9 PM,5
139920,9 PM or later,1
139920,Before 9 AM,6
139949,5 PM - before 9 PM,4
139950,11 AM - before 2 PM,2
139950,5 PM - before 9 PM,6
139951,11 AM - before 2 PM,2
139951,5 PM - before 9 PM,2
139952,11 AM - before 2 PM,1
139952,5 PM - before 9 PM,2
139953,2 PM - before 5 PM,1
139953,5 PM - before 9 PM,1
139956,5 PM - before 9 PM,2
139956,Before 9 AM,2
139957,5 PM - before 9 PM,2
139957,9 AM - before 11 AM,2
139958,2 PM - before 5 PM,2
139958,5 PM - before 9 PM,2
139959,2 PM - before 5 PM,2
139959,5 PM - before 9 PM,5
139959,9 AM - before 11 AM,3
139959,9 PM or later,5
139960,5 PM - before 9 PM,4
139960,Before 9 AM,4
139961,2 PM - before 5 PM,4
139961,5 PM - before 9 PM,4
139962,5 PM - before 9 PM,7
139962,9 AM - before 11 AM,5
139965,5 PM - before 9 PM,1
139965,9 AM - before 11 AM,2
139966,5 PM - before 9 PM,4
139971,5 PM - before 9 PM,4
139987,5 PM - before 9 PM,2
139988,11 AM - before 2 PM,2
139988,5 PM - before 9 PM,4
139988,9 PM or later,2
139989,5 PM - before 9 PM,2
139989,9 PM or later,1
139991,11 AM - before 2 PM,5
139991,2 PM - before 5 PM,3
139991,5 PM - before 9 PM,7
139991,9 AM - before 11 AM,5
139991,9 PM or later,3
139991,Before 9 AM,7
139992,5 PM - before 9 PM,3
139994,11 AM - before 2 PM,2
139994,5 PM - before 9 PM,2
139995,5 PM - before 9 PM,1
139995,9 AM - before 11 AM,1
139996,11 AM - before 2 PM,5
139996,5 PM - before 9 PM,5
139996,Before 9 AM,6
139997,5 PM - before 9 PM,5
139997,Before 9 AM,5
140007,5 PM - before 9 PM,3
140007,9 AM - before 11 AM,1
140008,5 PM - before 9 PM,2
140009,2 PM - before 5 PM,1
140009,9 AM - before 11 AM,3
140010,5 PM - before 9 PM,3
140019,5 PM - before 9 PM,4
140029,2 PM - before 5 PM,1
140029,5 PM - before 9 PM,3
140030,11 AM - before 2 PM,1
140030,2 PM - before 5 PM,1
140030,5 PM - before 9 PM,2
140031,2 PM - before 5 PM,1
140031,5 PM - before 9 PM,1
140032,11 AM - before 2 PM,2
140032,2 PM - before 5 PM,2
140032,5 PM - before 9 PM,4
140032,9 PM or later,4
140033,11 AM - before 2 PM,2
140033,2 PM - before 5 PM,2
140033,5 PM - before 9 PM,4
140034,11 AM - before 2 PM,2
140034,2 PM - before 5 PM,2
140034,5 PM - before 9 PM,5
140034,9 AM - before 11 AM,2
140034,9 PM or later,3
140034,Before 9 AM,2
140035,5 PM - before 9 PM,4
140057,5 PM - before 9 PM,5
140057,9 AM - before 11 AM,5
140057,9 PM or later,5
140058,5 PM - before 9 PM,4
140059,2 PM - before 5 PM,5
140059,5 PM - before 9 PM,10
140059,9 AM - before 11 AM,5
140059,9 PM or later,10
140060,2 PM - before 5 PM,10
140060,5 PM - before 9 PM,10
140060,Before 9 AM,10
140061,5 PM - before 9 PM,4
140061,9 AM - before 11 AM,2
140062,5 PM - before 9 PM,7
140062,9 PM or later,3
140063,5 PM - before 9 PM,3
140063,9 PM or later,1
140064,5 PM - before 9 PM,4
140095,11 AM - before 2 PM,1
140095,5 PM - before 9 PM,2
140095,Before 9 AM,1
140096,11 AM - before 2 PM,2
140096,5 PM - before 9 PM,2
140097,5 PM - before 9 PM,1
140097,9 PM or later,1
140098,5 PM - before 9 PM,3
140098,9 PM or later,1
140099,11 AM - before 2 PM,1
140099,5 PM - before 9 PM,2
140099,9 PM or later,1
140100,5 PM - before 9 PM,2
140101,11 AM - before 2 PM,2
140101,5 PM - before 9 PM,5
140101,9 PM or later,3
140102,11 AM - before 2 PM,1
140102,5 PM - before 9 PM,1
140103,11 AM - before 2 PM,4
140103,5 PM - before 9 PM,7
140103,9 PM or later,4
140129,2 PM - before 5 PM,3
140129,5 PM - before 9 PM,6
140129,9 AM - before 11 AM,3
140130,5 PM - before 9 PM,4
140130,9 AM - before 11 AM,2
140131,5 PM - before 9 PM,7
140131,9 AM - before 11 AM,5
140132,5 PM - before 9 PM,2
140135,5 PM - before 9 PM,4
140135,Before 9 AM,4
140136,Before 9 AM,4
140137,5 PM - before 9 PM,4
140138,2 PM - before 5 PM,6
140138,5 PM - before 9 PM,6
140139,5 PM - before 9 PM,4
140140,2 PM - before 5 PM,6
140140,5 PM - before 9 PM,3
140140,9 AM - before 11 AM,3
140141,5 PM - before 9 PM,4
140141,Before 9 AM,4
140142,5 PM - before 9 PM,2
140142,Before 9 AM,2
140143,5 PM - before 9 PM,4
140143,Before 9 AM,4
140144,11 AM - before 2 PM,3
140144,5 PM - before 9 PM,4
140144,Before 9 AM,3
140145,5 PM - before 9 PM,8
140145,Before 9 AM,8
140146,5 PM - before 9 PM,16
140147,5 PM - before 9 PM,4
140149,2 PM - before 5 PM,1
140149,5 PM - before 9 PM,4
140149,9 AM - before 11 AM,3
140167,5 PM - before 9 PM,7
140167,9 AM - before 11 AM,5
140221,5 PM - before 9 PM,4
140222,2 PM - before 5 PM,3
140222,5 PM - before 9 PM,5
140223,2 PM - before 5 PM,3
140223,5 PM - before 9 PM,5
140224,11 AM - before 2 PM,2
140224,2 PM - before 5 PM,1
140225,2 PM - before 5 PM,1
140225,5 PM - before 9 PM,3
140226,2 PM - before 5 PM,2
140226,9 AM - before 11 AM,2
140226,Before 9 AM,4
140227,2 PM - before 5 PM,4
140227,5 PM - before 9 PM,6
140227,9 AM - before 11 AM,2
140230,9 PM or later,4
140230,Before 9 AM,8
140231,5 PM - before 9 PM,10
140231,9 AM - before 11 AM,5
140231,9 PM or later,10
140231,Before 9 AM,5
140232,2 PM - before 5 PM,5
140232,5 PM - before 9 PM,15
140232,9 AM - before 11 AM,5
140232,9 PM or later,0
140232,Before 9 AM,5
140233,5 PM - before 9 PM,2
140235,2 PM - before 5 PM,5
140235,5 PM - before 9 PM,5
140235,9 AM - before 11 AM,5
140235,Before 9 AM,5
140236,11 AM - before 2 PM,1
140236,5 PM - before 9 PM,3
140237,11 AM - before 2 PM,1
140237,5 PM - before 9 PM,3
140238,11 AM - before 2 PM,6
140238,2 PM - before 5 PM,6
140238,5 PM - before 9 PM,5
140238,9 AM - before 11 AM,6
140238,9 PM or later,5
140239,5 PM - before 9 PM,4
140240,11 AM - before 2 PM,5
140240,2 PM - before 5 PM,3
140240,5 PM - before 9 PM,10
140240,9 AM - before 11 AM,5
140240,9 PM or later,7
140248,5 PM - before 9 PM,2
140253,9 AM - before 11 AM,30
140254,5 PM - before 9 PM,4
140264,2 PM - before 5 PM,3
140264,5 PM - before 9 PM,4
140264,9 AM - before 11 AM,3
140265,2 PM - before 5 PM,2
140266,5 PM - before 9 PM,3
140266,9 AM - before 11 AM,2
140267,5 PM - before 9 PM,1
140267,Before 9 AM,1
140279,5 PM - before 9 PM,2
140280,11 AM - before 2 PM,3
140280,2 PM - before 5 PM,3
140280,5 PM - before 9 PM,3
140280,9 PM or later,3
140291,11 AM - before 2 PM,1
140291,5 PM - before 9 PM,1
140292,11 AM - before 2 PM,3
140292,2 PM - before 5 PM,6
140292,5 PM - before 9 PM,10
140292,9 PM or later,5
140292,Before 9 AM,6
140293,5 PM - before 9 PM,2
140294,5 PM - before 9 PM,3
140295,11 AM - before 2 PM,2
140295,5 PM - before 9 PM,5
140295,9 PM or later,3
140296,11 AM - before 2 PM,2
140296,5 PM - before 9 PM,2
140297,5 PM - before 9 PM,3
140297,9 PM or later,1
140303,5 PM - before 9 PM,7
140303,9 PM or later,3
140304,2 PM - before 5 PM,3
140304,5 PM - before 9 PM,3
140306,5 PM - before 9 PM,2
140309,5 PM - before 9 PM,5
140309,Before 9 AM,5
140310,5 PM - before 9 PM,5
140310,9 AM - before 11 AM,3
140310,9 PM or later,2
140311,5 PM - before 9 PM,5
140311,9 AM - before 11 AM,3
140312,5 PM - before 9 PM,6
140312,9 AM - before 11 AM,4
140313,5 PM - before 9 PM,4
140314,5 PM - before 9 PM,2
140315,5 PM - before 9 PM,6
140315,9 AM - before 11 AM,2
140315,9 PM or later,2
140316,2 PM - before 5 PM,3
140316,5 PM - before 9 PM,4
140316,9 AM - before 11 AM,5
140317,5 PM - before 9 PM,3
140317,9 PM or later,1
140318,2 PM - before 5 PM,3
140318,5 PM - before 9 PM,3
140318,9 AM - before 11 AM,2
140319,2 PM - before 5 PM,7
140319,5 PM - before 9 PM,7
140319,Before 9 AM,6
140320,5 PM - before 9 PM,4
140320,9 AM - before 11 AM,6
140321,5 PM - before 9 PM,3
140321,9 AM - before 11 AM,3
140321,9 PM or later,2
140326,5 PM - before 9 PM,4
140327,11 AM - before 2 PM,5
140327,5 PM - before 9 PM,5
140327,Before 9 AM,4
140328,Before 9 AM,4
140329,2 PM - before 5 PM,4
140330,2 PM - before 5 PM,2
140331,5 PM - before 9 PM,2
140332,5 PM - before 9 PM,4
140332,Before 9 AM,4
140333,9 AM - before 11 AM,4
140334,5 PM - before 9 PM,7
140334,9 AM - before 11 AM,5
140335,2 PM - before 5 PM,1
140335,5 PM - before 9 PM,1
140336,5 PM - before 9 PM,4
140337,5 PM - before 9 PM,4
140338,5 PM - before 9 PM,4
140341,2 PM - before 5 PM,6
140341,5 PM - before 9 PM,6
140342,2 PM - before 5 PM,5
140342,5 PM - before 9 PM,10
140342,9 AM - before 11 AM,5
140342,9 PM or later,5
140342,Before 9 AM,5
140343,11 AM - before 2 PM,4
140344,5 PM - before 9 PM,4
140345,Before 9 AM,4
140346,11 AM - before 2 PM,4
140347,Before 9 AM,4
140348,Before 9 AM,4
140349,11 AM - before 2 PM,4
140350,Before 9 AM,8
140351,Before 9 AM,4
140352,Before 9 AM,4
140353,11 AM - before 2 PM,4
140354,Before 9 AM,4
140355,11 AM - before 2 PM,4
140356,Before 9 AM,4
140357,5 PM - before 9 PM,4
140358,5 PM - before 9 PM,4
140359,11 AM - before 2 PM,8
140360,Before 9 AM,3
140361,2 PM - before 5 PM,2
140361,5 PM - before 9 PM,2
140389,5 PM - before 9 PM,2
140390,5 PM - before 9 PM,2
140391,5 PM - before 9 PM,20
140391,9 AM - before 11 AM,10
140392,5 PM - before 9 PM,3
140393,2 PM - before 5 PM,2
140393,Before 9 AM,2
140394,5 PM - before 9 PM,2
140395,11 AM - before 2 PM,2
140395,5 PM - before 9 PM,3
140395,9 AM - before 11 AM,3
140396,5 PM - before 9 PM,2
140396,Before 9 AM,2
140397,5 PM - before 9 PM,22
140397,9 AM - before 11 AM,5
140397,Before 9 AM,3
140398,5 PM - before 9 PM,2
140399,5 PM - before 9 PM,25
140399,Before 9 AM,5
140400,2 PM - before 5 PM,2
140401,5 PM - before 9 PM,2
140401,9 AM - before 11 AM,2
140402,5 PM - before 9 PM,2
140402,9 AM - before 11 AM,2
140407,5 PM - before 9 PM,4
140408,5 PM - before 9 PM,6
140408,Before 9 AM,2
140409,5 PM - before 9 PM,2
140426,5 PM - before 9 PM,2
140426,9 AM - before 11 AM,2
140432,5 PM - before 9 PM,10
140432,Before 9 AM,10
140441,5 PM - before 9 PM,10
140441,Before 9 AM,20
140480,2 PM - before 5 PM,3
140480,5 PM - before 9 PM,7
140480,9 AM - before 11 AM,2
140481,2 PM - before 5 PM,3
140481,5 PM - before 9 PM,9
140482,5 PM - before 9 PM,4
140483,11 AM - before 2 PM,4
140484,Before 9 AM,4
140485,Before 9 AM,4
140494,5 PM - before 9 PM,20
140494,Before 9 AM,10
140509,Before 9 AM,4
140510,Before 9 AM,4
140511,Before 9 AM,4
140563,2 PM - before 5 PM,1
140563,5 PM - before 9 PM,1
140582,2 PM - before 5 PM,4
140582,5 PM - before 9 PM,4
140583,5 PM - before 9 PM,3
140583,9 AM - before 11 AM,1
140584,11 AM - before 2 PM,2
140584,2 PM - before 5 PM,2
140584,5 PM - before 9 PM,4
140584,9 PM or later,2
140603,5 PM - before 9 PM,4
140604,Before 9 AM,8
140605,Before 9 AM,3
140634,5 PM - before 9 PM,10
140634,Before 9 AM,20
140644,11 AM - before 2 PM,2
140644,5 PM - before 9 PM,3
140644,9 PM or later,3
140659,5 PM - before 9 PM,5
140659,Before 9 AM,5
140668,5 PM - before 9 PM,3
140668,9 AM - before 11 AM,1
140669,2 PM - before 5 PM,2
140669,Before 9 AM,2
140670,2 PM - before 5 PM,3
140670,5 PM - before 9 PM,1
140672,5 PM - before 9 PM,4
140673,5 PM - before 9 PM,6
140673,9 PM or later,2
140674,5 PM - before 9 PM,4
140675,5 PM - before 9 PM,4
140676,5 PM - before 9 PM,5
140676,9 AM - before 11 AM,3
140677,5 PM - before 9 PM,5
140677,9 AM - before 11 AM,3
140678,5 PM - before 9 PM,4
140681,5 PM - before 9 PM,2
140683,5 PM - before 9 PM,2
140684,2 PM - before 5 PM,1
140684,5 PM - before 9 PM,3
140685,5 PM - before 9 PM,3
140685,9 AM - before 11 AM,3
140685,Before 9 AM,2
140686,2 PM - before 5 PM,4
140686,9 AM - before 11 AM,2
140686,Before 9 AM,2
140687,Before 9 AM,4
140688,9 AM - before 11 AM,4
140689,9 AM - before 11 AM,3
140690,11 AM - before 2 PM,4
140691,Before 9 AM,4
140692,11 AM - before 2 PM,4
140693,9 AM - before 11 AM,3
140694,5 PM - before 9 PM,3
140695,Before 9 AM,4
140696,9 AM - before 11 AM,4
140697,9 AM - before 11 AM,3
140698,11 AM - before 2 PM,4
140699,9 PM or later,4
140700,11 AM - before 2 PM,4
140701,Before 9 AM,4
140702,Before 9 AM,8
140703,Before 9 AM,2
140704,Before 9 AM,8
140705,Before 9 AM,4
140706,11 AM - before 2 PM,3
140707,Before 9 AM,2
140709,5 PM - before 9 PM,3
140709,9 AM - before 11 AM,1
140714,5 PM - before 9 PM,4
140715,2 PM - before 5 PM,5
140715,5 PM - before 9 PM,5
140717,2 PM - before 5 PM,2
140717,5 PM - before 9 PM,2
140717,9 AM - before 11 AM,1
140732,11 AM - before 2 PM,4
140732,5 PM - before 9 PM,4
140732,Before 9 AM,4
140733,5 PM - before 9 PM,4
140734,2 PM - before 5 PM,5
140734,9 AM - before 11 AM,5
140735,2 PM - before 5 PM,5
140735,5 PM - before 9 PM,5
140735,9 AM - before 11 AM,5
140735,Before 9 AM,5
140736,5 PM - before 9 PM,4
140737,2 PM - before 5 PM,3
140737,5 PM - before 9 PM,5
140743,5 PM - before 9 PM,5
140743,9 AM - before 11 AM,3
140744,5 PM - before 9 PM,5
140744,9 AM - before 11 AM,3
140745,2 PM - before 5 PM,4
140745,5 PM - before 9 PM,4
140746,5 PM - before 9 PM,4
140747,5 PM - before 9 PM,5
140747,9 AM - before 11 AM,3
140755,5 PM - before 9 PM,3
140755,Before 9 AM,1
140771,2 PM - before 5 PM,4
140772,11 AM - before 2 PM,5
140772,5 PM - before 9 PM,4
140772,Before 9 AM,3
140776,5 PM - before 9 PM,7
140776,Before 9 AM,3
140795,5 PM - before 9 PM,5
140845,2 PM - before 5 PM,2
140845,5 PM - before 9 PM,3
140845,9 AM - before 11 AM,3
140862,2 PM - before 5 PM,4
140862,5 PM - before 9 PM,4
140862,9 AM - before 11 AM,4
140862,9 PM or later,4
141002,11 AM - before 2 PM,3
141141,5 PM - before 9 PM,8
141143,5 PM - before 9 PM,8
141233,Before 9 AM,3
141269,5 PM - before 9 PM,10
141270,Before 9 AM,4
141271,9 AM - before 11 AM,10
141272,9 AM - before 11 AM,4
141273,Before 9 AM,3
141274,Before 9 AM,3
141275,11 AM - before 2 PM,3
141281,5 PM - before 9 PM,8
141282,5 PM - before 9 PM,3
141282,9 PM or later,1
141285,2 PM - before 5 PM,4
141286,2 PM - before 5 PM,10
141288,5 PM - before 9 PM,4
141289,5 PM - before 9 PM,4
141289,Before 9 AM,4
141290,2 PM - before 5 PM,2
141290,9 AM - before 11 AM,4
141290,Before 9 AM,4
141291,5 PM - before 9 PM,4
141291,9 AM - before 11 AM,4
141291,Before 9 AM,4
141292,5 PM - before 9 PM,4
141292,9 PM or later,4
141292,Before 9 AM,4
141293,5 PM - before 9 PM,3
141294,2 PM - before 5 PM,1
141294,5 PM - before 9 PM,3
141296,5 PM - before 9 PM,8
141296,Before 9 AM,4
141297,2 PM - before 5 PM,2
141297,5 PM - before 9 PM,6
141298,5 PM - before 9 PM,10
141298,Before 9 AM,20
141299,5 PM - before 9 PM,10
141300,5 PM - before 9 PM,3
141301,5 PM - before 9 PM,2
141302,5 PM - before 9 PM,3
141303,2 PM - before 5 PM,2
141303,5 PM - before 9 PM,4
141305,5 PM - before 9 PM,10
141305,9 AM - before 11 AM,8
141305,Before 9 AM,10
141306,5 PM - before 9 PM,8
141307,9 AM - before 11 AM,10
141307,Before 9 AM,18
141308,2 PM - before 5 PM,11
141308,9 AM - before 11 AM,9
141308,Before 9 AM,10
141309,5 PM - before 9 PM,3
141310,9 AM - before 11 AM,5
141310,Before 9 AM,3
141312,5 PM - before 9 PM,8
141313,5 PM - before 9 PM,6
141317,5 PM - before 9 PM,8
141329,5 PM - before 9 PM,5
141329,9 AM - before 11 AM,5
141400,11 AM - before 2 PM,2
141400,5 PM - before 9 PM,2
141401,5 PM - before 9 PM,3
141401,Before 9 AM,6
141432,Before 9 AM,30
141436,9 AM - before 11 AM,30
141437,5 PM - before 9 PM,8
141437,9 AM - before 11 AM,7
141472,5 PM - before 9 PM,4
141472,Before 9 AM,26
141597,9 AM - before 11 AM,7
141597,Before 9 AM,3
141679,5 PM - before 9 PM,4
142479,5 PM - before 9 PM,2
344108,Before 9 AM,40
344465,5 PM - before 9 PM,4
344532,5 PM - before 9 PM,1
344533,5 PM - before 9 PM,1
344534,5 PM - before 9 PM,4
344625,Before 9 AM,24
344634,11 AM - before 2 PM,8
344634,2 PM - before 5 PM,16
344634,Before 9 AM,22
344635,Before 9 AM,12
344636,9 AM - before 11 AM,2
344638,5 PM - before 9 PM,0
344639,5 PM - before 9 PM,3
344641,9 AM - before 11 AM,2
344641,Before 9 AM,2
344642,Before 9 AM,4
344643,5 PM - before 9 PM,20
344644,5 PM - before 9 PM,5
345343,Before 9 AM,20
345853,9 AM - before 11 AM,0
345938,Before 9 AM,24
346076,5 PM - before 9 PM,0
346249,Before 9 AM,25
346359,5 PM - before 9 PM,10
346366,5 PM - before 9 PM,0
346725,Before 9 AM,25
346833,2 PM - before 5 PM,1
346833,5 PM - before 9 PM,1
346833,Before 9 AM,22
346924,11 AM - before 2 PM,7
346924,5 PM - before 9 PM,9
346924,Before 9 AM,7
346925,2 PM - before 5 PM,4
346925,9 AM - before 11 AM,10
346925,Before 9 AM,10
347591,2 PM - before 5 PM,0
347591,5 PM - before 9 PM,13
347591,9 AM - before 11 AM,1
347591,Before 9 AM,10
347592,2 PM - before 5 PM,8
347592,5 PM - before 9 PM,2
347592,Before 9 AM,16
347593,5 PM - before 9 PM,10
347593,Before 9 AM,14
347594,11 AM - before 2 PM,1
347594,5 PM - before 9 PM,1
347594,Before 9 AM,22
348220,5 PM - before 9 PM,12
348220,Before 9 AM,12
348221,5 PM - before 9 PM,24
348222,5 PM - before 9 PM,25
348223,5 PM - before 9 PM,34
348224,5 PM - before 9 PM,5
348224,9 AM - before 11 AM,5
348225,5 PM - before 9 PM,25
348225,Before 9 AM,25
348226,5 PM - before 9 PM,6
348226,9 AM - before 11 AM,6
348305,5 PM - before 9 PM,4
348306,Before 9 AM,26
348307,Before 9 AM,26
348308,Before 9 AM,9
348309,Before 9 AM,26
348310,Before 9 AM,3
348311,5 PM - before 9 PM,0
348312,5 PM - before 9 PM,26
348321,Before 9 AM,24
348322,11 AM - before 2 PM,2
348322,2 PM - before 5 PM,2
348327,Before 9 AM,24
348328,Before 9 AM,0
348398,5 PM - before 9 PM,11
348398,Before 9 AM,11
348399,Before 9 AM,5
348400,11 AM - before 2 PM,10
348401,Before 9 AM,6
348403,2 PM - before 5 PM,2
348403,5 PM - before 9 PM,2
349532,2 PM - before 5 PM,2
349532,5 PM - before 9 PM,2
349551,11 AM - before 2 PM,2
349551,2 PM - before 5 PM,2
349551,5 PM - before 9 PM,2
349552,11 AM - before 2 PM,1
349552,2 PM - before 5 PM,1
349553,2 PM - before 5 PM,0
349553,5 PM - before 9 PM,5
349553,9 PM or later,1
349764,11 AM - before 2 PM,4
349874,11 AM - before 2 PM,9
349874,5 PM - before 9 PM,9
349874,Before 9 AM,6
349957,11 AM - before 2 PM,3
349957,5 PM - before 9 PM,5
350072,5 PM - before 9 PM,1
350090,Before 9 AM,17
350141,9 AM - before 11 AM,4
350148,Before 9 AM,2
350491,2 PM - before 5 PM,0
350491,5 PM - before 9 PM,1
350491,9 AM - before 11 AM,1
350576,5 PM - before 9 PM,4
350723,11 AM - before 2 PM,1
350723,5 PM - before 9 PM,3
350723,Before 9 AM,13
350822,Before 9 AM,12
351103,5 PM - before 9 PM,0
351104,5 PM - before 9 PM,0
351105,9 AM - before 11 AM,13
351105,Before 9 AM,13
351106,9 AM - before 11 AM,4
351107,9 AM - before 11 AM,4
351108,5 PM - before 9 PM,0
351108,Before 9 AM,8
351109,9 AM - before 11 AM,10
351110,9 AM - before 11 AM,0
351111,11 AM - before 2 PM,24
351112,9 AM - before 11 AM,24
351113,9 AM - before 11 AM,4
351114,9 AM - before 11 AM,24
351115,9 AM - before 11 AM,0
351116,9 AM - before 11 AM,4
351117,9 AM - before 11 AM,2
351651,2 PM - before 5 PM,2
351651,5 PM - before 9 PM,2
351651,Before 9 AM,2
351905,2 PM - before 5 PM,2
351905,5 PM - before 9 PM,3
351905,Before 9 AM,3
352059,5 PM - before 9 PM,1
352059,Before 9 AM,6
352060,5 PM - before 9 PM,8
352060,9 AM - before 11 AM,4
352980,5 PM - before 9 PM,3
352980,Before 9 AM,3
352981,11 AM - before 2 PM,5
352981,5 PM - before 9 PM,2
352983,Before 9 AM,0
352984,5 PM - before 9 PM,7
352984,Before 9 AM,17
353154,11 AM - before 2 PM,4
353396,Before 9 AM,6
353397,Before 9 AM,12
353398,5 PM - before 9 PM,2
353398,Before 9 AM,6
353401,2 PM - before 5 PM,1
353401,5 PM - before 9 PM,1
353401,Before 9 AM,0
353417,11 AM - before 2 PM,1
353417,5 PM - before 9 PM,2
353417,9 PM or later,1
353418,5 PM - before 9 PM,1
353618,5 PM - before 9 PM,4
353618,9 AM - before 11 AM,0
353619,5 PM - before 9 PM,3
353619,Before 9 AM,22
353620,5 PM - before 9 PM,6
353621,5 PM - before 9 PM,1
353621,9 AM - before 11 AM,2
353622,5 PM - before 9 PM,4
353622,Before 9 AM,21
353623,5 PM - before 9 PM,2
353623,9 AM - before 11 AM,2
355530,5 PM - before 9 PM,4
356847,11 AM - before 2 PM,24
356847,5 PM - before 9 PM,24
356847,Before 9 AM,24
357024,Before 9 AM,12
357090,11 AM - before 2 PM,2
357090,Before 9 AM,0
357091,5 PM - before 9 PM,1
357092,Before 9 AM,4
357093,9 PM or later,4
357258,5 PM - before 9 PM,4
357530,5 PM - before 9 PM,1
357530,9 AM - before 11 AM,4
357580,Before 9 AM,24
357745,11 AM - before 2 PM,0
357745,5 PM - before 9 PM,0
357745,9 AM - before 11 AM,3
357867,5 PM - before 9 PM,6
357867,9 PM or later,3
358029,11 AM - before 2 PM,6
358029,5 PM - before 9 PM,7
358030,Before 9 AM,24
358031,5 PM - before 9 PM,7
358031,9 AM - before 11 AM,7
358095,Before 9 AM,24
358230,Before 9 AM,24
358404,5 PM - before 9 PM,24
358405,5 PM - before 9 PM,7
358482,5 PM - before 9 PM,3
358482,9 PM or later,9
358483,2 PM - before 5 PM,0
358483,5 PM - before 9 PM,3
358484,5 PM - before 9 PM,1
358484,9 AM - before 11 AM,0
358485,5 PM - before 9 PM,2
358485,9 AM - before 11 AM,7
358485,9 PM or later,5
358486,9 AM - before 11 AM,3
358631,2 PM - before 5 PM,3
358631,9 PM or later,1
358633,11 AM - before 2 PM,3
358633,5 PM - before 9 PM,3
358634,2 PM - before 5 PM,3
358634,5 PM - before 9 PM,2
358634,9 AM - before 11 AM,2
358634,9 PM or later,3
358635,11 AM - before 2 PM,0
358635,5 PM - before 9 PM,2
358808,Before 9 AM,15
358809,Before 9 AM,25
358930,11 AM - before 2 PM,5
358930,5 PM - before 9 PM,5
358930,Before 9 AM,14
358960,5 PM - before 9 PM,3
358960,Before 9 AM,21
358962,5 PM - before 9 PM,1
358962,9 AM - before 11 AM,4
358962,Before 9 AM,19
358963,2 PM - before 5 PM,5
358963,5 PM - before 9 PM,3
358963,9 AM - before 11 AM,4
358963,Before 9 AM,12
359041,Before 9 AM,25
359144,11 AM - before 2 PM,6
359144,2 PM - before 5 PM,4
359144,Before 9 AM,14
359149,11 AM - before 2 PM,7
359149,5 PM - before 9 PM,4
359149,Before 9 AM,13
359150,11 AM - before 2 PM,5
359150,2 PM - before 5 PM,8
359150,Before 9 AM,11
359151,11 AM - before 2 PM,4
359151,2 PM - before 5 PM,4
359151,5 PM - before 9 PM,3
359151,Before 9 AM,13
359183,Before 9 AM,28
359245,5 PM - before 9 PM,8
359383,9 AM - before 11 AM,7
359383,Before 9 AM,17
359399,5 PM - before 9 PM,1
359399,9 PM or later,1
359492,2 PM - before 5 PM,4
359492,5 PM - before 9 PM,0
359492,9 AM - before 11 AM,4
359492,Before 9 AM,4
359563,Before 9 AM,25
359564,Before 9 AM,25
359566,5 PM - before 9 PM,5
359566,Before 9 AM,24
359632,5 PM - before 9 PM,2
359632,9 PM or later,2
359683,11 AM - before 2 PM,3
359683,2 PM - before 5 PM,5
359683,Before 9 AM,17
359718,5 PM - before 9 PM,10
359847,5 PM - before 9 PM,7
359874,5 PM - before 9 PM,2
359874,9 AM - before 11 AM,2
359875,5 PM - before 9 PM,0
359876,2 PM - before 5 PM,2
359876,5 PM - before 9 PM,4
359876,9 AM - before 11 AM,0
359883,5 PM - before 9 PM,3
359884,2 PM - before 5 PM,1
359884,5 PM - before 9 PM,3
359885,2 PM - before 5 PM,1
359885,5 PM - before 9 PM,2
359885,9 AM - before 11 AM,5
359941,5 PM - before 9 PM,3
359941,9 PM or later,4
359945,5 PM - before 9 PM,2
359946,11 AM - before 2 PM,4
359946,5 PM - before 9 PM,5
359947,5 PM - before 9 PM,1
359983,5 PM - before 9 PM,11
359984,5 PM - before 9 PM,12
359985,11 AM - before 2 PM,4
359985,5 PM - before 9 PM,6
360020,Before 9 AM,2
360089,5 PM - before 9 PM,0
360106,Before 9 AM,25
360211,5 PM - before 9 PM,4
360220,5 PM - before 9 PM,2
360220,9 PM or later,2
360220,Before 9 AM,1
360355,Before 9 AM,24
360397,5 PM - before 9 PM,10
360398,5 PM - before 9 PM,6
360443,11 AM - before 2 PM,3
360443,5 PM - before 9 PM,3
360511,5 PM - before 9 PM,2
360511,9 PM or later,2
360512,5 PM - before 9 PM,4
360512,9 AM - before 11 AM,3
360513,11 AM - before 2 PM,0
360513,5 PM - before 9 PM,1
360513,9 AM - before 11 AM,0
360517,5 PM - before 9 PM,0
360517,Before 9 AM,1
360518,5 PM - before 9 PM,0
360525,5 PM - before 9 PM,2
360525,9 AM - before 11 AM,3
360526,5 PM - before 9 PM,3
360526,9 AM - before 11 AM,2
360588,11 AM - before 2 PM,7
360588,2 PM - before 5 PM,6
360588,Before 9 AM,11
360704,5 PM - before 9 PM,0
360729,5 PM - before 9 PM,6
360729,Before 9 AM,6
360730,Before 9 AM,18
360731,Before 9 AM,26
360732,Before 9 AM,20
360733,5 PM - before 9 PM,2
360733,Before 9 AM,4
360734,5 PM - before 9 PM,9
360734,Before 9 AM,16
360735,Before 9 AM,4
360736,5 PM - before 9 PM,3
360736,Before 9 AM,5
360737,Before 9 AM,24
360831,11 AM - before 2 PM,24
360831,Before 9 AM,28
360921,5 PM - before 9 PM,1
360921,Before 9 AM,4
361006,11 AM - before 2 PM,4
361006,Before 9 AM,20
361053,5 PM - before 9 PM,2
361054,Before 9 AM,0
361181,Before 9 AM,10
361212,2 PM - before 5 PM,4
361456,Before 9 AM,4
361473,5 PM - before 9 PM,1
361473,9 AM - before 11 AM,1
361482,11 AM - before 2 PM,7
361482,5 PM - before 9 PM,8
361483,2 PM - before 5 PM,6
361483,5 PM - before 9 PM,6
361484,5 PM - before 9 PM,7
361515,11 AM - before 2 PM,2
361515,9 AM - before 11 AM,0
361518,9 AM - before 11 AM,5
361518,Before 9 AM,19
361519,Before 9 AM,24
361560,5 PM - before 9 PM,4
361753,5 PM - before 9 PM,17
361768,5 PM - before 9 PM,1
361768,9 PM or later,3
361768,Before 9 AM,1
361791,Before 9 AM,24
361793,Before 9 AM,24
361794,Before 9 AM,24
361811,11 AM - before 2 PM,0
361811,5 PM - before 9 PM,1
361811,9 AM - before 11 AM,3
361905,Before 9 AM,4
362007,Before 9 AM,24
362008,Before 9 AM,24
362165,2 PM - before 5 PM,3
362165,9 AM - before 11 AM,4
362165,Before 9 AM,5
362216,5 PM - before 9 PM,0
362216,9 AM - before 11 AM,1
362269,9 AM - before 11 AM,4
362270,Before 9 AM,4
362412,2 PM - before 5 PM,4
362412,5 PM - before 9 PM,6
362412,9 AM - before 11 AM,10
362512,Before 9 AM,24
362667,Before 9 AM,25
362676,5 PM - before 9 PM,0
362676,9 AM - before 11 AM,1
362711,2 PM - before 5 PM,10
362711,Before 9 AM,14
362829,11 AM - before 2 PM,2
362829,9 AM - before 11 AM,0
362977,2 PM - before 5 PM,2
362977,5 PM - before 9 PM,4
362977,9 AM - before 11 AM,3
362978,5 PM - before 9 PM,20
362979,Before 9 AM,6
363114,5 PM - before 9 PM,3
363114,9 AM - before 11 AM,2
363115,5 PM - before 9 PM,0
363116,5 PM - before 9 PM,3
363117,2 PM - before 5 PM,3
363117,5 PM - before 9 PM,3
363279,Before 9 AM,24
363326,2 PM - before 5 PM,2
363406,Before 9 AM,25
363454,5 PM - before 9 PM,0
363454,Before 9 AM,4
363631,5 PM - before 9 PM,20
363656,Before 9 AM,4
363785,Before 9 AM,8
363813,11 AM - before 2 PM,1
363813,5 PM - before 9 PM,3
363813,9 AM - before 11 AM,4
363943,Before 9 AM,4
364039,5 PM - before 9 PM,6
364102,5 PM - before 9 PM,10
364345,11 AM - before 2 PM,0
364345,2 PM - before 5 PM,0
364345,5 PM - before 9 PM,4
364345,9 AM - before 11 AM,5
364511,11 AM - before 2 PM,0
364511,5 PM - before 9 PM,2
364513,11 AM - before 2 PM,2
364513,2 PM - before 5 PM,5
364513,5 PM - before 9 PM,3
364513,9 AM - before 11 AM,3
364514,11 AM - before 2 PM,2
364514,2 PM - before 5 PM,2
364677,5 PM - before 9 PM,2
364678,5 PM - before 9 PM,1
364678,9 PM or later,0
364680,9 AM - before 11 AM,15
365076,Before 9 AM,3
365304,Before 9 AM,24
365472,2 PM - before 5 PM,0
365525,11 AM - before 2 PM,6
365525,Before 9 AM,6
365526,5 PM - before 9 PM,3
365526,Before 9 AM,1
365657,5 PM - before 9 PM,3
365681,2 PM - before 5 PM,0
365681,Before 9 AM,0
365682,5 PM - before 9 PM,0
365682,9 AM - before 11 AM,1
365717,5 PM - before 9 PM,0
365717,Before 9 AM,4
365734,Before 9 AM,12
365735,5 PM - before 9 PM,2
365735,Before 9 AM,2
365736,5 PM - before 9 PM,5
365737,5 PM - before 9 PM,8
365737,Before 9 AM,14
365738,11 AM - before 2 PM,3
365738,9 PM or later,5
365738,Before 9 AM,4
365739,Before 9 AM,16
365740,11 AM - before 2 PM,12
365740,5 PM - before 9 PM,6
365740,Before 9 AM,12
365741,5 PM - before 9 PM,21
365742,5 PM - before 9 PM,5
365744,Before 9 AM,25
365745,5 PM - before 9 PM,1
365745,Before 9 AM,4
365746,5 PM - before 9 PM,12
365747,5 PM - before 9 PM,6
365748,11 AM - before 2 PM,12
365748,5 PM - before 9 PM,21
365748,Before 9 AM,16
365845,Before 9 AM,2
366024,Before 9 AM,24
366071,11 AM - before 2 PM,1
366071,5 PM - before 9 PM,0
366071,9 AM - before 11 AM,3
366212,Before 9 AM,24
366266,5 PM - before 9 PM,0
366266,9 AM - before 11 AM,0
366360,5 PM - before 9 PM,6
366395,Before 9 AM,24
366420,Before 9 AM,30
366447,9 AM - before 11 AM,8
366447,Before 9 AM,16
366448,Before 9 AM,24
366450,9 AM - before 11 AM,9
366450,Before 9 AM,15
366452,5 PM - before 9 PM,4
366452,Before 9 AM,20
366453,5 PM - before 9 PM,10
366453,Before 9 AM,14
366454,9 AM - before 11 AM,2
366454,Before 9 AM,22
366455,Before 9 AM,24
366456,Before 9 AM,24
366458,Before 9 AM,24
366483,5 PM - before 9 PM,22
366483,9 AM - before 11 AM,4
366505,11 AM - before 2 PM,1
366505,Before 9 AM,1
366520,Before 9 AM,6
366562,Before 9 AM,25
366595,5 PM - before 9 PM,2
366595,Before 9 AM,2
366693,Before 9 AM,4
366767,5 PM - before 9 PM,10
366767,Before 9 AM,10
366774,Before 9 AM,8
366855,9 AM - before 11 AM,1
366855,Before 9 AM,1
366880,11 AM - before 2 PM,1
366880,5 PM - before 9 PM,1
366883,11 AM - before 2 PM,0
366884,2 PM - before 5 PM,2
366884,5 PM - before 9 PM,4
366884,9 PM or later,2
366889,5 PM - before 9 PM,2
366889,Before 9 AM,2
366936,Before 9 AM,24
367081,Before 9 AM,25
367082,5 PM - before 9 PM,7
367083,5 PM - before 9 PM,6
367084,Before 9 AM,25
367085,Before 9 AM,25
367132,Before 9 AM,24
367174,11 AM - before 2 PM,8
367174,Before 9 AM,21
367178,9 AM - before 11 AM,2
367179,5 PM - before 9 PM,0
367182,5 PM - before 9 PM,0
367187,5 PM - before 9 PM,1
367187,Before 9 AM,8
367222,2 PM - before 5 PM,4
367316,5 PM - before 9 PM,3
367316,Before 9 AM,12
367324,5 PM - before 9 PM,8
367324,Before 9 AM,17
367348,5 PM - before 9 PM,2
367348,9 PM or later,2
367353,2 PM - before 5 PM,1
367353,Before 9 AM,2
367354,2 PM - before 5 PM,4
367354,Before 9 AM,18
367355,2 PM - before 5 PM,0
367355,Before 9 AM,1
367357,11 AM - before 2 PM,8
367358,2 PM - before 5 PM,2
367358,5 PM - before 9 PM,1
367358,Before 9 AM,5
367359,2 PM - before 5 PM,3
367359,Before 9 AM,4
367361,11 AM - before 2 PM,4
367361,2 PM - before 5 PM,2
367363,5 PM - before 9 PM,2
367363,Before 9 AM,1
367367,9 AM - before 11 AM,8
367450,Before 9 AM,0
367455,Before 9 AM,4
367595,Before 9 AM,4
367647,Before 9 AM,28
367674,Before 9 AM,0
367742,5 PM - before 9 PM,14
367742,Before 9 AM,12
367769,11 AM - before 2 PM,4
367769,2 PM - before 5 PM,1
367781,Before 9 AM,24
367796,5 PM - before 9 PM,13
367796,Before 9 AM,10
367797,2 PM - before 5 PM,2
367797,5 PM - before 9 PM,3
367856,5 PM - before 9 PM,4
367856,9 AM - before 11 AM,3
367856,Before 9 AM,10
367857,Before 9 AM,0
367858,5 PM - before 9 PM,1
367858,Before 9 AM,0
367859,Before 9 AM,0
367860,5 PM - before 9 PM,5
367861,5 PM - before 9 PM,0
367863,Before 9 AM,0
367864,5 PM - before 9 PM,6
367997,9 AM - before 11 AM,0
367997,Before 9 AM,6
368104,Before 9 AM,2
368122,Before 9 AM,2
368126,5 PM - before 9 PM,10
368127,5 PM - before 9 PM,10
368128,5 PM - before 9 PM,10
368129,5 PM - before 9 PM,10
368130,5 PM - before 9 PM,10
368132,5 PM - before 9 PM,8
368200,5 PM - before 9 PM,4
368201,9 AM - before 11 AM,0
368241,5 PM - before 9 PM,6
368244,5 PM - before 9 PM,4
368244,9 PM or later,2
368245,5 PM - before 9 PM,2
368245,9 PM or later,3
368246,11 AM - before 2 PM,3
368246,5 PM - before 9 PM,3
368247,5 PM - before 9 PM,3
368247,9 AM - before 11 AM,5
368248,5 PM - before 9 PM,5
368249,2 PM - before 5 PM,2
368249,5 PM - before 9 PM,3
368256,Before 9 AM,24
368267,Before 9 AM,24
368349,Before 9 AM,24
368350,Before 9 AM,8
368351,Before 9 AM,24
368352,Before 9 AM,8
368354,Before 9 AM,16
368355,Before 9 AM,4
368356,Before 9 AM,20
368379,9 AM - before 11 AM,2
368380,5 PM - before 9 PM,6
368380,Before 9 AM,6
368410,5 PM - before 9 PM,0
368411,Before 9 AM,4
368415,5 PM - before 9 PM,1
368416,5 PM - before 9 PM,5
368417,5 PM - before 9 PM,9
368417,Before 9 AM,5
368418,5 PM - before 9 PM,1
368418,Before 9 AM,3
368419,5 PM - before 9 PM,2
368419,Before 9 AM,2
368425,5 PM - before 9 PM,1
368426,5 PM - before 9 PM,0
368426,Before 9 AM,2
368428,5 PM - before 9 PM,2
368428,Before 9 AM,16
368429,11 AM - before 2 PM,1
368429,5 PM - before 9 PM,1
368429,Before 9 AM,1
368436,11 AM - before 2 PM,10
368436,5 PM - before 9 PM,0
368436,Before 9 AM,14
368448,5 PM - before 9 PM,14
368448,Before 9 AM,9
368449,11 AM - before 2 PM,4
368449,5 PM - before 9 PM,4
368449,Before 9 AM,3
368450,11 AM - before 2 PM,3
368450,Before 9 AM,5
368451,11 AM - before 2 PM,2
368451,5 PM - before 9 PM,2
368451,Before 9 AM,20
368460,11 AM - before 2 PM,0
368460,Before 9 AM,1
368468,11 AM - before 2 PM,1
368468,5 PM - before 9 PM,1
368469,5 PM - before 9 PM,1
368469,9 AM - before 11 AM,1
368472,Before 9 AM,26
368473,Before 9 AM,2
368481,11 AM - before 2 PM,1
368481,2 PM - before 5 PM,0
368552,Before 9 AM,3
368553,9 AM - before 11 AM,12
368563,5 PM - before 9 PM,2
368577,Before 9 AM,18
368600,5 PM - before 9 PM,0
368601,5 PM - before 9 PM,0
368602,5 PM - before 9 PM,2
368647,9 AM - before 11 AM,3
368647,Before 9 AM,6
368653,5 PM - before 9 PM,2
368654,5 PM - before 9 PM,1
368654,Before 9 AM,24
368655,9 AM - before 11 AM,0
368655,Before 9 AM,4
368656,Before 9 AM,2
368657,5 PM - before 9 PM,1
368657,Before 9 AM,0
368658,2 PM - before 5 PM,1
368658,5 PM - before 9 PM,2
368658,Before 9 AM,21
368659,Before 9 AM,2
368660,5 PM - before 9 PM,2
368661,9 AM - before 11 AM,1
368661,Before 9 AM,2
368681,11 AM - before 2 PM,0
368681,2 PM - before 5 PM,0
368681,Before 9 AM,5
368694,9 AM - before 11 AM,0
368694,Before 9 AM,2
368731,11 AM - before 2 PM,12
368731,Before 9 AM,26
368846,5 PM - before 9 PM,0
368849,5 PM - before 9 PM,5
368849,9 AM - before 11 AM,3
368960,5 PM - before 9 PM,3
368960,Before 9 AM,2
368988,Before 9 AM,8
369137,11 AM - before 2 PM,4
369138,9 AM - before 11 AM,4
369140,2 PM - before 5 PM,4
369141,9 AM - before 11 AM,2
369142,9 AM - before 11 AM,4
369143,9 AM - before 11 AM,6
369144,9 AM - before 11 AM,3
369145,11 AM - before 2 PM,0
369156,11 AM - before 2 PM,2
369156,5 PM - before 9 PM,6
369157,5 PM - before 9 PM,1
369157,Before 9 AM,6
369159,11 AM - before 2 PM,2
369159,5 PM - before 9 PM,3
369159,Before 9 AM,1
369160,9 AM - before 11 AM,1
369160,Before 9 AM,1
369161,5 PM - before 9 PM,2
369161,9 AM - before 11 AM,0
369161,9 PM or later,0
369161,Before 9 AM,2
369217,9 AM - before 11 AM,20
369246,Before 9 AM,4
369258,11 AM - before 2 PM,1
369258,Before 9 AM,9
369279,5 PM - before 9 PM,0
369279,9 AM - before 11 AM,5
369281,5 PM - before 9 PM,4
369376,5 PM - before 9 PM,1
369377,9 AM - before 11 AM,3
369404,5 PM - before 9 PM,1
369404,9 PM or later,1
369422,Before 9 AM,4
369434,5 PM - before 9 PM,4
369434,Before 9 AM,8
369435,Before 9 AM,0
369436,5 PM - before 9 PM,0
369436,Before 9 AM,4
369437,Before 9 AM,0
369495,9 AM - before 11 AM,3
369495,Before 9 AM,2
369496,11 AM - before 2 PM,4
369496,9 AM - before 11 AM,6
369501,Before 9 AM,4
369513,5 PM - before 9 PM,4
369514,11 AM - before 2 PM,3
369514,Before 9 AM,21
369533,5 PM - before 9 PM,2
369533,9 PM or later,3
369533,Before 9 AM,2
369545,2 PM - before 5 PM,1
369545,9 AM - before 11 AM,1
369545,Before 9 AM,1
369557,Before 9 AM,25
369581,5 PM - before 9 PM,3
369590,5 PM - before 9 PM,1
369611,11 AM - before 2 PM,2
369611,5 PM - before 9 PM,5
369611,Before 9 AM,24
369685,11 AM - before 2 PM,1
369685,5 PM - before 9 PM,3
369685,9 PM or later,4
369709,Before 9 AM,24
369766,Before 9 AM,10
369778,5 PM - before 9 PM,6
369778,Before 9 AM,26
369847,5 PM - before 9 PM,2
369847,9 PM or later,2
369847,Before 9 AM,1
369862,9 PM or later,5
370069,2 PM - before 5 PM,2
370069,5 PM - before 9 PM,2
370069,9 PM or later,2
370078,Before 9 AM,26
370111,5 PM - before 9 PM,1
370111,Before 9 AM,24
370147,Before 9 AM,3
370239,Before 9 AM,8
370345,11 AM - before 2 PM,5
370345,5 PM - before 9 PM,3
370346,5 PM - before 9 PM,5
370422,9 AM - before 11 AM,0
370457,5 PM - before 9 PM,4
370458,Before 9 AM,24
370459,Before 9 AM,24
370790,11 AM - before 2 PM,1
370790,5 PM - before 9 PM,1
370790,Before 9 AM,24
370833,Before 9 AM,25
370839,5 PM - before 9 PM,5
370845,5 PM - before 9 PM,2
370866,5 PM - before 9 PM,1
370866,9 AM - before 11 AM,1
370866,9 PM or later,1
370869,5 PM - before 9 PM,0
370869,9 PM or later,0
370869,Before 9 AM,1
370870,11 AM - before 2 PM,0
370870,5 PM - before 9 PM,2
370870,Before 9 AM,10
370872,5 PM - before 9 PM,1
370872,Before 9 AM,4
370873,11 AM - before 2 PM,4
370873,5 PM - before 9 PM,0
370874,5 PM - before 9 PM,4
370897,5 PM - before 9 PM,0
370898,5 PM - before 9 PM,1
370898,9 PM or later,1
370899,5 PM - before 9 PM,0
370900,5 PM - before 9 PM,2
370901,5 PM - before 9 PM,3
370901,Before 9 AM,2
370902,5 PM - before 9 PM,0
370903,5 PM - before 9 PM,1
370953,2 PM - before 5 PM,1
370953,5 PM - before 9 PM,1
370954,5 PM - before 9 PM,1
370954,9 AM - before 11 AM,0
370954,Before 9 AM,0
370955,Before 9 AM,3
370956,2 PM - before 5 PM,1
370956,5 PM - before 9 PM,1
370956,Before 9 AM,1
370999,Before 9 AM,1
371005,5 PM - before 9 PM,1
371006,5 PM - before 9 PM,1
371027,5 PM - before 9 PM,1
371028,5 PM - before 9 PM,1
371028,Before 9 AM,1
371029,5 PM - before 9 PM,2
371039,5 PM - before 9 PM,1
371040,5 PM - before 9 PM,2
371041,2 PM - before 5 PM,1
371058,Before 9 AM,0
371059,5 PM - before 9 PM,1
371059,9 AM - before 11 AM,1
371059,Before 9 AM,1
371060,5 PM - before 9 PM,0
371061,5 PM - before 9 PM,0
371062,Before 9 AM,4
371064,Before 9 AM,24
371065,11 AM - before 2 PM,1
371065,Before 9 AM,4
371066,Before 9 AM,0
371067,Before 9 AM,24
371070,Before 9 AM,2
371071,5 PM - before 9 PM,1
371071,Before 9 AM,1
371205,2 PM - before 5 PM,1
371205,5 PM - before 9 PM,1
371206,2 PM - before 5 PM,1
371206,5 PM - before 9 PM,1
371206,9 AM - before 11 AM,1
371206,Before 9 AM,3
371207,2 PM - before 5 PM,1
371207,5 PM - before 9 PM,1
371208,11 AM - before 2 PM,2
371208,2 PM - before 5 PM,1
371208,5 PM - before 9 PM,1
371210,5 PM - before 9 PM,1
371210,Before 9 AM,1
371211,2 PM - before 5 PM,1
371211,Before 9 AM,1
371388,5 PM - before 9 PM,4
371388,9 AM - before 11 AM,2
371397,5 PM - before 9 PM,2
371397,9 AM - before 11 AM,2
371398,5 PM - before 9 PM,1
371399,5 PM - before 9 PM,2
371399,9 AM - before 11 AM,1
371399,9 PM or later,3
371493,11 AM - before 2 PM,3
371495,2 PM - before 5 PM,2
371495,5 PM - before 9 PM,6
371495,Before 9 AM,2
371496,2 PM - before 5 PM,0
371496,Before 9 AM,2
371497,2 PM - before 5 PM,1
371497,5 PM - before 9 PM,1
371498,2 PM - before 5 PM,2
371498,5 PM - before 9 PM,6
371498,Before 9 AM,8
371499,2 PM - before 5 PM,2
371499,Before 9 AM,3
371500,Before 9 AM,24
371502,2 PM - before 5 PM,4
371502,5 PM - before 9 PM,2
371502,Before 9 AM,3
371503,5 PM - before 9 PM,2
371503,Before 9 AM,1
371563,5 PM - before 9 PM,2
371563,Before 9 AM,5
371582,5 PM - before 9 PM,1
371582,9 AM - before 11 AM,1
371588,5 PM - before 9 PM,3
371588,Before 9 AM,1
371600,5 PM - before 9 PM,10
371600,Before 9 AM,11
371642,5 PM - before 9 PM,2
371643,5 PM - before 9 PM,2
371643,Before 9 AM,2
371644,9 AM - before 11 AM,18
371706,5 PM - before 9 PM,2
371706,Before 9 AM,2
371738,5 PM - before 9 PM,8
371754,5 PM - before 9 PM,1
371754,9 AM - before 11 AM,4
371754,9 PM or later,0
371761,5 PM - before 9 PM,2
371761,9 AM - before 11 AM,1
371761,9 PM or later,2
371763,2 PM - before 5 PM,4
371873,5 PM - before 9 PM,2
371873,9 AM - before 11 AM,0
371899,Before 9 AM,0
372096,5 PM - before 9 PM,0
372096,9 AM - before 11 AM,4
372165,Before 9 AM,4
372188,Before 9 AM,5
372327,Before 9 AM,13
372415,5 PM - before 9 PM,1
372415,9 AM - before 11 AM,4
372416,5 PM - before 9 PM,0
372416,9 AM - before 11 AM,0
372557,2 PM - before 5 PM,0
372557,Before 9 AM,1
372558,5 PM - before 9 PM,0
372662,Before 9 AM,16
372778,5 PM - before 9 PM,1
372778,Before 9 AM,1
372860,9 AM - before 11 AM,25
372873,Before 9 AM,0
372878,5 PM - before 9 PM,0
372878,Before 9 AM,0
373000,9 AM - before 11 AM,5
373000,9 PM or later,7
373248,9 AM - before 11 AM,0
373321,11 AM - before 2 PM,10
373321,9 AM - before 11 AM,4
373371,Before 9 AM,6
373375,11 AM - before 2 PM,4
373375,5 PM - before 9 PM,5
373376,11 AM - before 2 PM,7
373376,Before 9 AM,18
373377,Before 9 AM,4
373685,5 PM - before 9 PM,1
373685,Before 9 AM,1
373691,11 AM - before 2 PM,3
373691,5 PM - before 9 PM,2
373691,Before 9 AM,2
373706,5 PM - before 9 PM,4
373706,9 AM - before 11 AM,9
373789,11 AM - before 2 PM,3
373789,2 PM - before 5 PM,1
373789,Before 9 AM,20
373854,11 AM - before 2 PM,2
373854,5 PM - before 9 PM,1
373854,Before 9 AM,2
373855,5 PM - before 9 PM,1
373855,9 AM - before 11 AM,1
373856,2 PM - before 5 PM,1
373856,5 PM - before 9 PM,1
374075,5 PM - before 9 PM,1
374075,9 AM - before 11 AM,3
374075,Before 9 AM,14
374076,5 PM - before 9 PM,1
374076,9 AM - before 11 AM,2
374076,Before 9 AM,17
374077,5 PM - before 9 PM,2
374077,Before 9 AM,3
374078,2 PM - before 5 PM,4
374078,5 PM - before 9 PM,4
374079,5 PM - before 9 PM,2
374079,9 AM - before 11 AM,3
374079,Before 9 AM,12
374080,2 PM - before 5 PM,2
374080,5 PM - before 9 PM,2
374275,11 AM - before 2 PM,1
374275,2 PM - before 5 PM,1
374276,5 PM - before 9 PM,6
374277,5 PM - before 9 PM,1
374277,9 PM or later,1
374278,2 PM - before 5 PM,1
374278,5 PM - before 9 PM,1
374279,5 PM - before 9 PM,4
374282,5 PM - before 9 PM,8
374331,5 PM - before 9 PM,2
374331,Before 9 AM,14
374332,5 PM - before 9 PM,4
374332,Before 9 AM,6
374333,5 PM - before 9 PM,2
374334,5 PM - before 9 PM,6
374362,Before 9 AM,1
374363,5 PM - before 9 PM,6
374364,Before 9 AM,24
374365,2 PM - before 5 PM,2
374365,5 PM - before 9 PM,2
374365,Before 9 AM,12
374691,5 PM - before 9 PM,6
374691,Before 9 AM,11
374727,Before 9 AM,2
374856,2 PM - before 5 PM,1
374856,9 AM - before 11 AM,0
374856,Before 9 AM,2
375194,Before 9 AM,11
375271,2 PM - before 5 PM,0
375271,5 PM - before 9 PM,0
375271,Before 9 AM,0
375500,Before 9 AM,16
375504,2 PM - before 5 PM,10
375504,9 AM - before 11 AM,6
375678,5 PM - before 9 PM,1
375678,Before 9 AM,2
375849,5 PM - before 9 PM,2
375849,Before 9 AM,18
375856,Before 9 AM,16
375991,Before 9 AM,30
376026,5 PM - before 9 PM,3
376026,Before 9 AM,2
376082,Before 9 AM,0
376083,Before 9 AM,0
376176,9 AM - before 11 AM,0
376176,Before 9 AM,0
376693,2 PM - before 5 PM,4
376693,Before 9 AM,4
376724,Before 9 AM,25
376744,5 PM - before 9 PM,5
376744,9 AM - before 11 AM,13
376744,9 PM or later,15
376744,Before 9 AM,18
376855,Before 9 AM,6
376992,Before 9 AM,7
377074,5 PM - before 9 PM,16
377177,5 PM - before 9 PM,11
377250,Before 9 AM,24
377402,5 PM - before 9 PM,2
377402,9 AM - before 11 AM,1
377783,5 PM - before 9 PM,2
377784,2 PM - before 5 PM,0
377785,5 PM - before 9 PM,2
377786,2 PM - before 5 PM,6
377786,5 PM - before 9 PM,2
377849,Before 9 AM,24
377930,Before 9 AM,4
378154,5 PM - before 9 PM,5
378334,5 PM - before 9 PM,6
378350,5 PM - before 9 PM,14
378350,Before 9 AM,16
378362,Before 9 AM,3
378382,11 AM - before 2 PM,2
378382,Before 9 AM,22
378433,5 PM - before 9 PM,10
378433,Before 9 AM,10
378582,Before 9 AM,25
378613,5 PM - before 9 PM,4
378651,11 AM - before 2 PM,12
378651,5 PM - before 9 PM,6
378651,Before 9 AM,17
378653,5 PM - before 9 PM,2
378653,Before 9 AM,2
378669,Before 9 AM,13
378872,5 PM - before 9 PM,2
378872,9 PM or later,3
378873,5 PM - before 9 PM,3
378873,9 PM or later,2
378873,Before 9 AM,1
378874,5 PM - before 9 PM,3
378874,9 PM or later,3
378875,5 PM - before 9 PM,3
378875,9 PM or later,3
378875,Before 9 AM,2
378877,5 PM - before 9 PM,3
378877,9 PM or later,2
378878,5 PM - before 9 PM,2
378878,9 PM or later,2
378878,Before 9 AM,2
378879,5 PM - before 9 PM,3
378879,9 PM or later,4
379200,5 PM - before 9 PM,5
379240,Before 9 AM,25
379249,Before 9 AM,4
379336,5 PM - before 9 PM,4
379336,Before 9 AM,3
379368,11 AM - before 2 PM,6
379368,Before 9 AM,30
379371,11 AM - before 2 PM,4
379371,2 PM - before 5 PM,8
379371,Before 9 AM,12
379451,11 AM - before 2 PM,12
379451,Before 9 AM,13
379569,Before 9 AM,0
379570,Before 9 AM,26
379571,Before 9 AM,0
379572,Before 9 AM,5
379573,Before 9 AM,10
379615,9 AM - before 11 AM,4
379722,5 PM - before 9 PM,1
379818,11 AM - before 2 PM,5
379818,2 PM - before 5 PM,6
379818,5 PM - before 9 PM,6
379818,9 AM - before 11 AM,4
379818,9 PM or later,4
379818,Before 9 AM,4
379845,5 PM - before 9 PM,3
379869,5 PM - before 9 PM,3
379869,9 PM or later,0
379914,5 PM - before 9 PM,2
379914,9 AM - before 11 AM,2
380040,Before 9 AM,25
380067,Before 9 AM,25
380089,Before 9 AM,5
380205,5 PM - before 9 PM,5
380205,9 AM - before 11 AM,2
380213,9 AM - before 11 AM,0
380213,Before 9 AM,2
380319,11 AM - before 2 PM,6
380319,5 PM - before 9 PM,19
380330,11 AM - before 2 PM,2
380330,Before 9 AM,1
380332,Before 9 AM,0
380362,Before 9 AM,5
380365,5 PM - before 9 PM,4
380522,9 AM - before 11 AM,12
380570,2 PM - before 5 PM,4
380570,9 AM - before 11 AM,4
380658,11 AM - before 2 PM,5
380658,5 PM - before 9 PM,2
380658,Before 9 AM,7
380659,11 AM - before 2 PM,1
380659,5 PM - before 9 PM,3
380668,Before 9 AM,20
380670,Before 9 AM,25
380814,2 PM - before 5 PM,3
380814,9 AM - before 11 AM,3
380837,2 PM - before 5 PM,3
380837,9 AM - before 11 AM,1
380839,5 PM - before 9 PM,1
380839,9 AM - before 11 AM,23
380884,Before 9 AM,25
380900,5 PM - before 9 PM,20
381311,5 PM - before 9 PM,0
381311,9 PM or later,1
381312,9 PM or later,2
381313,5 PM - before 9 PM,1
381313,9 PM or later,1
381314,Before 9 AM,0
381315,Before 9 AM,0
381316,5 PM - before 9 PM,1
381317,5 PM - before 9 PM,2
381389,5 PM - before 9 PM,0
381389,9 PM or later,0
381390,5 PM - before 9 PM,2
381390,9 PM or later,2
381391,5 PM - before 9 PM,0
381391,9 PM or later,0
381392,5 PM - before 9 PM,2
381392,9 AM - before 11 AM,2
381393,5 PM - before 9 PM,2
381393,9 PM or later,2
381394,5 PM - before 9 PM,1
381394,9 AM - before 11 AM,1
381395,5 PM - before 9 PM,2
381395,9 PM or later,2
381396,5 PM - before 9 PM,0
381396,9 PM or later,0
381398,5 PM - before 9 PM,3
381398,9 PM or later,3
381463,5 PM - before 9 PM,4
381464,5 PM - before 9 PM,3
381464,9 AM - before 11 AM,4
381465,5 PM - before 9 PM,0
381466,9 AM - before 11 AM,4
381468,5 PM - before 9 PM,8
381469,5 PM - before 9 PM,4
381469,9 AM - before 11 AM,4
381470,5 PM - before 9 PM,4
381495,5 PM - before 9 PM,1
381497,11 AM - before 2 PM,2
381497,5 PM - before 9 PM,5
381498,5 PM - before 9 PM,3
381499,5 PM - before 9 PM,4
381500,5 PM - before 9 PM,1
381500,9 AM - before 11 AM,2
381647,Before 9 AM,24
381726,5 PM - before 9 PM,4
381730,Before 9 AM,4
381735,5 PM - before 9 PM,5
381736,5 PM - before 9 PM,6
381737,5 PM - before 9 PM,7
381738,5 PM - before 9 PM,5
381772,2 PM - before 5 PM,1
381772,9 AM - before 11 AM,1
381822,Before 9 AM,10
381859,5 PM - before 9 PM,5
381897,2 PM - before 5 PM,6
381897,9 AM - before 11 AM,1
381956,5 PM - before 9 PM,3
381956,9 AM - before 11 AM,1
382137,Before 9 AM,0
382171,11 AM - before 2 PM,8
382172,Before 9 AM,4
382173,5 PM - before 9 PM,0
382174,Before 9 AM,4
382177,11 AM - before 2 PM,1
382177,5 PM - before 9 PM,3
382177,Before 9 AM,3
382203,Before 9 AM,2
382207,5 PM - before 9 PM,2
382207,9 AM - before 11 AM,1
382210,5 PM - before 9 PM,4
382210,9 AM - before 11 AM,2
382211,11 AM - before 2 PM,4
382211,5 PM - before 9 PM,3
382211,9 AM - before 11 AM,3
382212,11 AM - before 2 PM,4
382212,5 PM - before 9 PM,4
382212,9 AM - before 11 AM,2
382213,5 PM - before 9 PM,4
382215,5 PM - before 9 PM,4
382217,5 PM - before 9 PM,2
382217,9 AM - before 11 AM,2
382218,11 AM - before 2 PM,0
382219,5 PM - before 9 PM,1
382219,9 AM - before 11 AM,1
382221,9 AM - before 11 AM,0
382222,11 AM - before 2 PM,4
382222,5 PM - before 9 PM,2
382222,9 AM - before 11 AM,1
382223,9 AM - before 11 AM,8
382225,5 PM - before 9 PM,4
382226,5 PM - before 9 PM,4
382231,5 PM - before 9 PM,9
382231,9 AM - before 11 AM,5
382231,Before 9 AM,9
382263,5 PM - before 9 PM,2
382263,Before 9 AM,2
382264,5 PM - before 9 PM,3
382264,Before 9 AM,24
382290,Before 9 AM,4
382291,5 PM - before 9 PM,5
382292,Before 9 AM,25
382293,11 AM - before 2 PM,5
382293,Before 9 AM,5
382352,5 PM - before 9 PM,0
382352,Before 9 AM,2
382378,5 PM - before 9 PM,4
382378,Before 9 AM,4
382383,Before 9 AM,1
382412,11 AM - before 2 PM,4
382427,Before 9 AM,0
382457,Before 9 AM,24
382494,2 PM - before 5 PM,6
382494,Before 9 AM,8
382499,Before 9 AM,20
382574,5 PM - before 9 PM,5
382574,9 AM - before 11 AM,4
382575,5 PM - before 9 PM,5
382576,11 AM - before 2 PM,2
382576,5 PM - before 9 PM,3
382577,5 PM - before 9 PM,6
382577,9 AM - before 11 AM,4
382578,5 PM - before 9 PM,5
382579,5 PM - before 9 PM,6
382580,5 PM - before 9 PM,3
382581,5 PM - before 9 PM,3
382581,9 AM - before 11 AM,5
382582,5 PM - before 9 PM,4
382583,5 PM - before 9 PM,8
382593,5 PM - before 9 PM,4
382607,11 AM - before 2 PM,7
382607,5 PM - before 9 PM,2
382607,9 PM or later,2
382645,11 AM - before 2 PM,3
382693,5 PM - before 9 PM,1
382693,9 PM or later,1
382694,9 PM or later,1
382695,5 PM - before 9 PM,0
382702,2 PM - before 5 PM,0
382702,Before 9 AM,1
382704,5 PM - before 9 PM,0
382704,Before 9 AM,0
382754,5 PM - before 9 PM,2
382754,9 AM - before 11 AM,2
382768,Before 9 AM,2
382885,Before 9 AM,26
382903,5 PM - before 9 PM,2
382903,Before 9 AM,2
382905,Before 9 AM,25
382947,2 PM - before 5 PM,28
382947,9 AM - before 11 AM,24
382969,5 PM - before 9 PM,2
382969,Before 9 AM,22
382970,5 PM - before 9 PM,3
382970,Before 9 AM,3
382972,5 PM - before 9 PM,2
382972,Before 9 AM,10
382973,5 PM - before 9 PM,3
382973,Before 9 AM,3
382974,5 PM - before 9 PM,2
382975,5 PM - before 9 PM,3
382975,9 AM - before 11 AM,3
382976,5 PM - before 9 PM,4
382998,Before 9 AM,7
383033,11 AM - before 2 PM,8
383033,5 PM - before 9 PM,9
383033,Before 9 AM,11
383045,2 PM - before 5 PM,7
383045,Before 9 AM,18
383060,Before 9 AM,4
383095,5 PM - before 9 PM,5
383120,11 AM - before 2 PM,1
383120,5 PM - before 9 PM,24
383126,9 AM - before 11 AM,4
383129,Before 9 AM,0
383197,5 PM - before 9 PM,0
383234,11 AM - before 2 PM,5
383234,Before 9 AM,15
383252,2 PM - before 5 PM,5
383252,Before 9 AM,25
383260,11 AM - before 2 PM,12
383260,5 PM - before 9 PM,11
383260,Before 9 AM,12
383261,Before 9 AM,6
383262,Before 9 AM,7
383263,5 PM - before 9 PM,11
383263,9 AM - before 11 AM,11
383346,Before 9 AM,24
383350,2 PM - before 5 PM,3
383363,2 PM - before 5 PM,1
383363,5 PM - before 9 PM,6
383411,Before 9 AM,4
383475,Before 9 AM,24
383502,Before 9 AM,0
383551,2 PM - before 5 PM,4
383552,5 PM - before 9 PM,4
383553,2 PM - before 5 PM,1
383555,2 PM - before 5 PM,2
383555,Before 9 AM,2
383556,11 AM - before 2 PM,4
383557,11 AM - before 2 PM,0
383557,Before 9 AM,16
383606,Before 9 AM,24
383607,2 PM - before 5 PM,5
383607,5 PM - before 9 PM,2
383607,Before 9 AM,17
383608,5 PM - before 9 PM,2
383608,9 AM - before 11 AM,2
383608,Before 9 AM,20
383629,2 PM - before 5 PM,3
383647,2 PM - before 5 PM,4
383649,Before 9 AM,8
383669,11 AM - before 2 PM,3
383669,Before 9 AM,25
383728,Before 9 AM,24
383729,5 PM - before 9 PM,10
383729,Before 9 AM,14
383730,Before 9 AM,24
383731,Before 9 AM,24
383803,Before 9 AM,0
383818,5 PM - before 9 PM,2
383881,Before 9 AM,24
383928,2 PM - before 5 PM,2
384175,2 PM - before 5 PM,1
384175,5 PM - before 9 PM,1
384239,5 PM - before 9 PM,4
384438,Before 9 AM,24
384565,5 PM - before 9 PM,7
384565,Before 9 AM,7
384688,5 PM - before 9 PM,3
384887,Before 9 AM,2
384912,2 PM - before 5 PM,2
384912,5 PM - before 9 PM,11
384912,Before 9 AM,3
384921,5 PM - before 9 PM,4
384921,9 PM or later,4
384922,5 PM - before 9 PM,1
384922,9 AM - before 11 AM,0
384927,2 PM - before 5 PM,1
384927,5 PM - before 9 PM,3
384928,5 PM - before 9 PM,4
384947,11 AM - before 2 PM,9
384947,Before 9 AM,18
385283,11 AM - before 2 PM,7
385283,5 PM - before 9 PM,5
385283,Before 9 AM,8
385284,5 PM - before 9 PM,14
385284,Before 9 AM,28
385286,Before 9 AM,0
385288,5 PM - before 9 PM,0
385288,Before 9 AM,4
385339,5 PM - before 9 PM,2
385339,Before 9 AM,4
385348,5 PM - before 9 PM,2
385348,Before 9 AM,9
385428,Before 9 AM,1
385726,9 AM - before 11 AM,2
385726,Before 9 AM,1
385884,11 AM - before 2 PM,25
385884,Before 9 AM,25
385885,Before 9 AM,25
385886,2 PM - before 5 PM,4
385963,5 PM - before 9 PM,1
385963,Before 9 AM,15
386007,Before 9 AM,2
386130,Before 9 AM,1
386148,Before 9 AM,20
386262,5 PM - before 9 PM,5
386271,9 AM - before 11 AM,4
386287,11 AM - before 2 PM,0
386287,2 PM - before 5 PM,2
386287,5 PM - before 9 PM,1
386288,5 PM - before 9 PM,1
386288,9 AM - before 11 AM,0
386289,2 PM - before 5 PM,0
386289,5 PM - before 9 PM,1
386289,Before 9 AM,1
386290,2 PM - before 5 PM,1
386290,Before 9 AM,0
386291,2 PM - before 5 PM,4
386291,5 PM - before 9 PM,5
386291,Before 9 AM,5
386293,2 PM - before 5 PM,4
386293,5 PM - before 9 PM,9
386293,Before 9 AM,11
386294,5 PM - before 9 PM,1
386294,Before 9 AM,1
386296,2 PM - before 5 PM,0
386296,Before 9 AM,1
386309,5 PM - before 9 PM,0
386309,Before 9 AM,2
386417,5 PM - before 9 PM,2
386417,Before 9 AM,3
386426,5 PM - before 9 PM,2
386426,9 AM - before 11 AM,2
386466,5 PM - before 9 PM,26
386467,Before 9 AM,9
386468,2 PM - before 5 PM,25
386468,Before 9 AM,25
386469,11 AM - before 2 PM,25
386469,5 PM - before 9 PM,25
386469,Before 9 AM,25
386475,Before 9 AM,2
386486,5 PM - before 9 PM,12
386486,Before 9 AM,12
386524,2 PM - before 5 PM,3
386524,5 PM - before 9 PM,3
386524,Before 9 AM,6
386525,Before 9 AM,24
386526,Before 9 AM,24
386527,9 AM - before 11 AM,8
386527,Before 9 AM,16
386550,2 PM - before 5 PM,0
386550,Before 9 AM,0
386551,2 PM - before 5 PM,7
386551,Before 9 AM,18
386598,Before 9 AM,0
386646,5 PM - before 9 PM,3
386646,Before 9 AM,15
386647,2 PM - before 5 PM,1
386647,5 PM - before 9 PM,1
386664,Before 9 AM,5
386687,5 PM - before 9 PM,8
386694,Before 9 AM,1
386706,Before 9 AM,1
386729,Before 9 AM,24
386734,Before 9 AM,10
386735,Before 9 AM,25
386736,Before 9 AM,0
386737,11 AM - before 2 PM,26
386738,Before 9 AM,4
386747,Before 9 AM,26
386762,Before 9 AM,24
386763,9 AM - before 11 AM,2
386763,Before 9 AM,22
386764,9 AM - before 11 AM,4
386764,Before 9 AM,20
386782,Before 9 AM,25
386832,9 AM - before 11 AM,12
386832,Before 9 AM,12
386847,Before 9 AM,24
386899,5 PM - before 9 PM,24
386901,5 PM - before 9 PM,8
386901,Before 9 AM,18
386923,9 AM - before 11 AM,12
386923,Before 9 AM,12
386993,9 AM - before 11 AM,48
386995,9 AM - before 11 AM,20
387017,11 AM - before 2 PM,12
387031,5 PM - before 9 PM,4
387044,5 PM - before 9 PM,1
387044,Before 9 AM,1
387055,Before 9 AM,1
387067,11 AM - before 2 PM,17
387067,5 PM - before 9 PM,0
387067,Before 9 AM,17
387104,5 PM - before 9 PM,0
387150,Before 9 AM,0
387164,5 PM - before 9 PM,2
387164,Before 9 AM,4
387167,Before 9 AM,24
387298,Before 9 AM,4
387338,Before 9 AM,4
387442,Before 9 AM,15
387721,5 PM - before 9 PM,1
387721,9 AM - before 11 AM,4
387721,9 PM or later,3
387778,5 PM - before 9 PM,1
387778,9 AM - before 11 AM,1
387784,Before 9 AM,8
387801,5 PM - before 9 PM,0
387870,5 PM - before 9 PM,4
387870,9 PM or later,4
387928,Before 9 AM,0
387932,2 PM - before 5 PM,4
387946,9 PM or later,1
387946,Before 9 AM,1
388080,2 PM - before 5 PM,2
388080,9 AM - before 11 AM,2
388338,9 AM - before 11 AM,4
388339,Before 9 AM,25
388340,5 PM - before 9 PM,1
388341,5 PM - before 9 PM,3
388349,5 PM - before 9 PM,6
388359,5 PM - before 9 PM,0
388360,5 PM - before 9 PM,2
388601,5 PM - before 9 PM,12
388601,Before 9 AM,12
388725,Before 9 AM,24
388788,Before 9 AM,26
389039,Before 9 AM,24
389045,5 PM - before 9 PM,12
389045,9 AM - before 11 AM,24
389115,2 PM - before 5 PM,3
389115,5 PM - before 9 PM,0
389115,9 AM - before 11 AM,5
389115,9 PM or later,6
389205,Before 9 AM,24
389206,9 AM - before 11 AM,7
389206,Before 9 AM,17
389207,9 AM - before 11 AM,4
389207,Before 9 AM,20
389251,Before 9 AM,10
389255,11 AM - before 2 PM,4
389255,9 AM - before 11 AM,8
389255,Before 9 AM,12
389256,9 AM - before 11 AM,11
389256,Before 9 AM,13
389257,9 AM - before 11 AM,10
389257,Before 9 AM,14
389419,2 PM - before 5 PM,24
389424,2 PM - before 5 PM,8
389425,Before 9 AM,4
389454,9 AM - before 11 AM,10
389454,Before 9 AM,14
389587,5 PM - before 9 PM,6
389598,9 AM - before 11 AM,12
389598,Before 9 AM,12
389637,5 PM - before 9 PM,0
389700,Before 9 AM,9
389704,Before 9 AM,24
389760,Before 9 AM,4
389761,5 PM - before 9 PM,1
389761,Before 9 AM,2
389770,11 AM - before 2 PM,0
389770,9 AM - before 11 AM,10
389770,Before 9 AM,14
389772,Before 9 AM,24
389783,11 AM - before 2 PM,0
389783,9 AM - before 11 AM,12
389783,Before 9 AM,12
389784,9 AM - before 11 AM,8
389784,Before 9 AM,16
389893,Before 9 AM,7
389894,5 PM - before 9 PM,1
389894,9 AM - before 11 AM,1
389894,9 PM or later,3
389905,5 PM - before 9 PM,4
389988,Before 9 AM,25
390025,Before 9 AM,0
390102,5 PM - before 9 PM,0
390115,9 AM - before 11 AM,16
390115,9 PM or later,1
390119,5 PM - before 9 PM,1
390119,Before 9 AM,24
390222,5 PM - before 9 PM,21
390223,5 PM - before 9 PM,4
390224,9 AM - before 11 AM,4
390225,11 AM - before 2 PM,4
390226,11 AM - before 2 PM,17
390232,9 AM - before 11 AM,2
390232,Before 9 AM,2
390233,Before 9 AM,4
390246,Before 9 AM,24
390311,Before 9 AM,25
390348,5 PM - before 9 PM,1
390349,Before 9 AM,4
390350,5 PM - before 9 PM,0
390350,Before 9 AM,2
390352,2 PM - before 5 PM,1
390352,Before 9 AM,1
390353,2 PM - before 5 PM,1
390353,5 PM - before 9 PM,2
390427,5 PM - before 9 PM,2
390440,5 PM - before 9 PM,0
390440,9 AM - before 11 AM,6
390440,9 PM or later,1
390443,5 PM - before 9 PM,6
390443,Before 9 AM,4
390576,2 PM - before 5 PM,8
390576,Before 9 AM,19
390582,5 PM - before 9 PM,3
390603,9 PM or later,2
390744,5 PM - before 9 PM,1
390803,Before 9 AM,0
390831,5 PM - before 9 PM,1
390865,Before 9 AM,26
390974,5 PM - before 9 PM,3
390974,9 AM - before 11 AM,3
390984,5 PM - before 9 PM,2
390984,9 AM - before 11 AM,8
391042,Before 9 AM,0
391044,Before 9 AM,25
391106,5 PM - before 9 PM,0
391106,Before 9 AM,1
391108,2 PM - before 5 PM,5
391108,5 PM - before 9 PM,4
391108,Before 9 AM,5
391109,5 PM - before 9 PM,12
391109,Before 9 AM,12
391110,5 PM - before 9 PM,0
391110,Before 9 AM,1
391111,2 PM - before 5 PM,0
391111,5 PM - before 9 PM,0
391111,9 AM - before 11 AM,1
391111,Before 9 AM,1
391112,5 PM - before 9 PM,1
391112,Before 9 AM,1
391113,2 PM - before 5 PM,2
391113,5 PM - before 9 PM,2
391113,9 AM - before 11 AM,1
391114,11 AM - before 2 PM,1
391114,5 PM - before 9 PM,1
391193,5 PM - before 9 PM,1
391193,9 AM - before 11 AM,1
391225,5 PM - before 9 PM,4
391225,Before 9 AM,2
391432,5 PM - before 9 PM,3
391432,9 PM or later,2
391535,5 PM - before 9 PM,3
391667,5 PM - before 9 PM,1
391944,Before 9 AM,25
391973,2 PM - before 5 PM,8
391987,Before 9 AM,5
391988,Before 9 AM,2
391991,Before 9 AM,4
391992,5 PM - before 9 PM,0
392005,Before 9 AM,8
392008,11 AM - before 2 PM,1
392008,5 PM - before 9 PM,0
392009,5 PM - before 9 PM,3
392009,9 AM - before 11 AM,3
392010,5 PM - before 9 PM,4
392011,5 PM - before 9 PM,1
392012,Before 9 AM,0
392013,9 AM - before 11 AM,0
392015,9 AM - before 11 AM,2
392018,5 PM - before 9 PM,8
392019,Before 9 AM,4
392020,5 PM - before 9 PM,4
392021,5 PM - before 9 PM,2
392022,5 PM - before 9 PM,1
392023,9 AM - before 11 AM,7
392024,5 PM - before 9 PM,3
392025,5 PM - before 9 PM,1
392028,9 AM - before 11 AM,2
392029,Before 9 AM,1
392030,5 PM - before 9 PM,1
392030,Before 9 AM,1
392032,2 PM - before 5 PM,0
392033,5 PM - before 9 PM,0
392040,5 PM - before 9 PM,10
392041,5 PM - before 9 PM,8
392041,9 AM - before 11 AM,4
392042,5 PM - before 9 PM,0
392043,5 PM - before 9 PM,8
392043,Before 9 AM,6
392044,5 PM - before 9 PM,0
392045,Before 9 AM,24
392122,5 PM - before 9 PM,2
392123,Before 9 AM,6
392124,Before 9 AM,26
392125,2 PM - before 5 PM,3
392125,Before 9 AM,3
392126,9 PM or later,13
392126,Before 9 AM,12
392165,9 AM - before 11 AM,24
392166,Before 9 AM,24
392167,Before 9 AM,24
392168,Before 9 AM,16
392304,5 PM - before 9 PM,5
392306,2 PM - before 5 PM,2
392306,Before 9 AM,18
392307,5 PM - before 9 PM,0
392307,9 PM or later,2
392307,Before 9 AM,8
392319,5 PM - before 9 PM,2
392319,9 AM - before 11 AM,2
392344,Before 9 AM,1
392406,5 PM - before 9 PM,0
392407,9 AM - before 11 AM,4
392408,Before 9 AM,24
392409,Before 9 AM,0
392410,Before 9 AM,22
392411,Before 9 AM,0
392428,5 PM - before 9 PM,8
392429,11 AM - before 2 PM,10
392429,5 PM - before 9 PM,2
392429,Before 9 AM,12
392493,5 PM - before 9 PM,1
392493,9 PM or later,1
392546,2 PM - before 5 PM,0
392628,2 PM - before 5 PM,4
392629,Before 9 AM,4
392645,5 PM - before 9 PM,0
392712,Before 9 AM,26
392738,9 AM - before 11 AM,11
392738,Before 9 AM,13
392746,5 PM - before 9 PM,24
392838,2 PM - before 5 PM,4
392871,5 PM - before 9 PM,6
392984,Before 9 AM,24
392985,Before 9 AM,24
392992,5 PM - before 9 PM,4
392992,9 PM or later,1
392992,Before 9 AM,8
392993,5 PM - before 9 PM,13
392993,9 PM or later,2
393002,5 PM - before 9 PM,3
393002,Before 9 AM,3
393048,9 AM - before 11 AM,4
393064,2 PM - before 5 PM,0
393077,5 PM - before 9 PM,2
393125,Before 9 AM,26
393198,Before 9 AM,13
393329,Before 9 AM,0
393330,5 PM - before 9 PM,4
393332,Before 9 AM,24
393333,5 PM - before 9 PM,5
393333,9 AM - before 11 AM,5
393364,Before 9 AM,26
393422,2 PM - before 5 PM,7
393493,5 PM - before 9 PM,0
393493,9 AM - before 11 AM,1
393495,5 PM - before 9 PM,7
393609,9 PM or later,0
393620,Before 9 AM,10
393656,11 AM - before 2 PM,3
393656,Before 9 AM,15
393751,Before 9 AM,13
393783,Before 9 AM,4
394018,11 AM - before 2 PM,4
394018,5 PM - before 9 PM,3
394254,2 PM - before 5 PM,0
394254,5 PM - before 9 PM,0
394254,Before 9 AM,1
394255,5 PM - before 9 PM,0
394255,Before 9 AM,1
394256,5 PM - before 9 PM,2
394279,5 PM - before 9 PM,4
394279,Before 9 AM,21
394280,5 PM - before 9 PM,4
394281,9 AM - before 11 AM,13
394282,5 PM - before 9 PM,2
394485,Before 9 AM,3
394486,11 AM - before 2 PM,1
394486,5 PM - before 9 PM,2
394516,2 PM - before 5 PM,0
394517,Before 9 AM,4
394518,Before 9 AM,25
394529,Before 9 AM,0
394531,Before 9 AM,4
394532,Before 9 AM,4
394533,Before 9 AM,2
394541,5 PM - before 9 PM,0
394546,5 PM - before 9 PM,0
394547,5 PM - before 9 PM,0
394548,5 PM - before 9 PM,3
394549,5 PM - before 9 PM,6
394550,5 PM - before 9 PM,2
394572,5 PM - before 9 PM,7
394572,Before 9 AM,4
394573,Before 9 AM,24
394574,Before 9 AM,24
394575,5 PM - before 9 PM,6
394575,Before 9 AM,8
394576,5 PM - before 9 PM,2
394576,Before 9 AM,5
394577,5 PM - before 9 PM,0
394577,9 AM - before 11 AM,1
394577,Before 9 AM,5
394581,2 PM - before 5 PM,4
394581,5 PM - before 9 PM,0
394581,9 AM - before 11 AM,7
394595,5 PM - before 9 PM,1
394596,5 PM - before 9 PM,2
394597,5 PM - before 9 PM,2
394598,2 PM - before 5 PM,5
394599,9 AM - before 11 AM,0
394600,2 PM - before 5 PM,3
394601,Before 9 AM,24
394602,5 PM - before 9 PM,2
394613,9 AM - before 11 AM,0
394614,9 AM - before 11 AM,2
394615,5 PM - before 9 PM,2
394615,9 AM - before 11 AM,1
394628,Before 9 AM,0
394645,2 PM - before 5 PM,3
394678,5 PM - before 9 PM,4
394679,5 PM - before 9 PM,8
394680,2 PM - before 5 PM,3
394680,5 PM - before 9 PM,2
394747,Before 9 AM,4
395037,2 PM - before 5 PM,0
395037,5 PM - before 9 PM,0
395038,2 PM - before 5 PM,3
395039,5 PM - before 9 PM,6
395040,2 PM - before 5 PM,0
395040,5 PM - before 9 PM,0
395099,Before 9 AM,26
395124,Before 9 AM,2
395125,5 PM - before 9 PM,4
395622,9 AM - before 11 AM,12
395730,5 PM - before 9 PM,2
395731,5 PM - before 9 PM,8
395732,5 PM - before 9 PM,2
395791,Before 9 AM,2
395851,Before 9 AM,3
395916,5 PM - before 9 PM,2
396066,5 PM - before 9 PM,3
396066,Before 9 AM,4
396090,Before 9 AM,0
396117,11 AM - before 2 PM,12
396117,5 PM - before 9 PM,12
396117,Before 9 AM,26
396119,11 AM - before 2 PM,6
396188,5 PM - before 9 PM,0
396257,5 PM - before 9 PM,5
396259,5 PM - before 9 PM,2
396259,9 PM or later,2
396267,Before 9 AM,24
396275,Before 9 AM,4
396318,Before 9 AM,25
396320,5 PM - before 9 PM,6
396321,Before 9 AM,25
396322,5 PM - before 9 PM,4
396323,Before 9 AM,8
396325,5 PM - before 9 PM,4
396325,Before 9 AM,4
396326,5 PM - before 9 PM,27
396326,Before 9 AM,27
396328,Before 9 AM,24
396335,Before 9 AM,26
396389,5 PM - before 9 PM,5
396389,Before 9 AM,5
396391,5 PM - before 9 PM,10
396393,5 PM - before 9 PM,2
396614,2 PM - before 5 PM,13
396614,Before 9 AM,12
396684,11 AM - before 2 PM,11
396684,5 PM - before 9 PM,4
396866,5 PM - before 9 PM,2
396939,5 PM - before 9 PM,5
396939,9 AM - before 11 AM,3
396940,5 PM - before 9 PM,2
396940,9 AM - before 11 AM,5
396941,9 AM - before 11 AM,8
396941,Before 9 AM,13
397061,Before 9 AM,6
397155,5 PM - before 9 PM,2
397280,Before 9 AM,0
397723,Before 9 AM,25
397995,5 PM - before 9 PM,1
397996,5 PM - before 9 PM,3
398177,Before 9 AM,4
398190,5 PM - before 9 PM,2
398190,Before 9 AM,1
398191,11 AM - before 2 PM,2
398191,Before 9 AM,10
398192,11 AM - before 2 PM,4
398192,2 PM - before 5 PM,4
398193,11 AM - before 2 PM,6
398193,5 PM - before 9 PM,13
398193,Before 9 AM,9
398194,5 PM - before 9 PM,1
398194,Before 9 AM,1
398196,2 PM - before 5 PM,0
398196,9 AM - before 11 AM,3
398197,Before 9 AM,6
398198,Before 9 AM,12
398202,5 PM - before 9 PM,4
398202,Before 9 AM,21
398203,Before 9 AM,13
398204,Before 9 AM,0
398205,Before 9 AM,0
398241,5 PM - before 9 PM,1
398241,9 AM - before 11 AM,6
398249,5 PM - before 9 PM,6
398249,9 AM - before 11 AM,3
398379,5 PM - before 9 PM,2
398379,Before 9 AM,1
398380,5 PM - before 9 PM,2
398461,5 PM - before 9 PM,4
398461,9 AM - before 11 AM,4
398499,Before 9 AM,0
398500,5 PM - before 9 PM,4
398501,5 PM - before 9 PM,4
398503,Before 9 AM,3
398511,5 PM - before 9 PM,6
398511,Before 9 AM,10
398540,Before 9 AM,12
398541,5 PM - before 9 PM,1
398541,Before 9 AM,24
398542,Before 9 AM,0
398623,2 PM - before 5 PM,3
398623,5 PM - before 9 PM,7
398623,Before 9 AM,14
398783,9 AM - before 11 AM,8
398809,9 AM - before 11 AM,5
398810,9 AM - before 11 AM,4
398811,9 AM - before 11 AM,4
398812,9 AM - before 11 AM,0
398814,Before 9 AM,4
398815,Before 9 AM,0
398941,5 PM - before 9 PM,1
398942,11 AM - before 2 PM,3
398942,5 PM - before 9 PM,2
398943,11 AM - before 2 PM,2
398944,5 PM - before 9 PM,1
398945,11 AM - before 2 PM,2
398945,5 PM - before 9 PM,1
398945,9 PM or later,5
398946,5 PM - before 9 PM,4
398947,11 AM - before 2 PM,1
398948,5 PM - before 9 PM,4
399047,Before 9 AM,0
399193,5 PM - before 9 PM,4
399195,2 PM - before 5 PM,1
399195,5 PM - before 9 PM,1
399255,Before 9 AM,6
399259,5 PM - before 9 PM,5
399374,Before 9 AM,2
399375,2 PM - before 5 PM,1
399375,5 PM - before 9 PM,1
399375,Before 9 AM,4
399392,9 AM - before 11 AM,0
399409,2 PM - before 5 PM,1
399409,9 AM - before 11 AM,0
399410,2 PM - before 5 PM,1
399410,9 AM - before 11 AM,0
399411,2 PM - before 5 PM,1
399411,5 PM - before 9 PM,2
399412,2 PM - before 5 PM,1
399412,5 PM - before 9 PM,1
399416,5 PM - before 9 PM,1
399416,Before 9 AM,1
399418,5 PM - before 9 PM,2
399418,9 AM - before 11 AM,0
399419,2 PM - before 5 PM,1
399419,9 AM - before 11 AM,0
399420,2 PM - before 5 PM,1
399420,Before 9 AM,0
399421,5 PM - before 9 PM,4
399421,9 AM - before 11 AM,4
399421,Before 9 AM,4
399422,2 PM - before 5 PM,12
399422,Before 9 AM,12
399423,5 PM - before 9 PM,8
399423,9 AM - before 11 AM,6
399423,Before 9 AM,12
399424,5 PM - before 9 PM,1
399424,9 AM - before 11 AM,1
399425,11 AM - before 2 PM,10
399425,Before 9 AM,10
399426,2 PM - before 5 PM,1
399426,9 AM - before 11 AM,1
399439,5 PM - before 9 PM,2
399439,9 PM or later,1
399439,Before 9 AM,4
399443,2 PM - before 5 PM,0
399479,11 AM - before 2 PM,4
399479,5 PM - before 9 PM,4
399480,5 PM - before 9 PM,24
399518,9 AM - before 11 AM,2
399518,Before 9 AM,2
399520,5 PM - before 9 PM,2
399694,5 PM - before 9 PM,4
399694,Before 9 AM,26
399747,9 AM - before 11 AM,4
399748,5 PM - before 9 PM,0
399748,9 AM - before 11 AM,3
399749,5 PM - before 9 PM,1
399749,9 PM or later,1
399750,2 PM - before 5 PM,1
399750,5 PM - before 9 PM,4
399750,9 AM - before 11 AM,5
399751,2 PM - before 5 PM,0
399751,9 AM - before 11 AM,0
399752,2 PM - before 5 PM,1
399752,5 PM - before 9 PM,0
399753,5 PM - before 9 PM,6
399753,9 AM - before 11 AM,2
399797,Before 9 AM,4
399826,5 PM - before 9 PM,3
399826,9 PM or later,2
399827,5 PM - before 9 PM,1
399827,9 PM or later,2
399828,Before 9 AM,1
399829,11 AM - before 2 PM,4
399830,11 AM - before 2 PM,4
399838,5 PM - before 9 PM,3
399838,Before 9 AM,4
399843,11 AM - before 2 PM,3
399843,5 PM - before 9 PM,6
399843,Before 9 AM,14
399864,Before 9 AM,12
399871,Before 9 AM,24
399951,9 AM - before 11 AM,4
399951,9 PM or later,2
399970,9 AM - before 11 AM,0
399970,Before 9 AM,7
400019,5 PM - before 9 PM,1
400075,Before 9 AM,26
400169,9 AM - before 11 AM,4
400169,Before 9 AM,20
400174,Before 9 AM,22
400209,Before 9 AM,24
400650,5 PM - before 9 PM,6
400651,5 PM - before 9 PM,10
400654,5 PM - before 9 PM,6
400655,Before 9 AM,7
401175,5 PM - before 9 PM,4
401187,11 AM - before 2 PM,5
401187,Before 9 AM,19
401474,5 PM - before 9 PM,0
401474,9 AM - before 11 AM,6
401474,9 PM or later,4
401625,2 PM - before 5 PM,0
401626,5 PM - before 9 PM,6
401631,5 PM - before 9 PM,2
401780,5 PM - before 9 PM,4
401780,Before 9 AM,20
401975,9 AM - before 11 AM,20
402156,5 PM - before 9 PM,1
402156,9 PM or later,1
402158,5 PM - before 9 PM,4
402268,Before 9 AM,0
402504,Before 9 AM,8
402623,5 PM - before 9 PM,4
402685,11 AM - before 2 PM,0
402695,Before 9 AM,26
402757,2 PM - before 5 PM,1
402757,5 PM - before 9 PM,1
402758,2 PM - before 5 PM,2
402758,5 PM - before 9 PM,2
402758,Before 9 AM,3
402759,2 PM - before 5 PM,1
402759,5 PM - before 9 PM,1
402759,Before 9 AM,8
402760,2 PM - before 5 PM,4
402760,5 PM - before 9 PM,4
402760,Before 9 AM,7
402761,2 PM - before 5 PM,2
402761,Before 9 AM,8
402780,Before 9 AM,4
402807,5 PM - before 9 PM,0
402814,2 PM - before 5 PM,2
402814,5 PM - before 9 PM,3
402814,9 AM - before 11 AM,3
402815,2 PM - before 5 PM,1
402815,Before 9 AM,0
402816,11 AM - before 2 PM,2
402816,2 PM - before 5 PM,2
402816,Before 9 AM,2
402817,2 PM - before 5 PM,1
402817,9 AM - before 11 AM,1
402818,11 AM - before 2 PM,1
402818,2 PM - before 5 PM,1
402818,Before 9 AM,2
402819,2 PM - before 5 PM,2
402819,5 PM - before 9 PM,2
402819,Before 9 AM,1
402836,5 PM - before 9 PM,1
402851,11 AM - before 2 PM,1
402851,9 AM - before 11 AM,1
402856,5 PM - before 9 PM,2
402899,Before 9 AM,25
402936,9 AM - before 11 AM,4
402940,9 AM - before 11 AM,4
403020,Before 9 AM,24
403076,5 PM - before 9 PM,2
403076,Before 9 AM,2
403530,Before 9 AM,0
403591,Before 9 AM,24
403592,9 AM - before 11 AM,0
403773,5 PM - before 9 PM,3
404278,2 PM - before 5 PM,2
404278,Before 9 AM,2
404429,Before 9 AM,0
404508,5 PM - before 9 PM,24
404509,2 PM - before 5 PM,8
404592,11 AM - before 2 PM,0
404593,11 AM - before 2 PM,0
404594,11 AM - before 2 PM,2
404595,Before 9 AM,0
404596,9 PM or later,0
404754,5 PM - before 9 PM,1
404754,Before 9 AM,3
404755,Before 9 AM,5
404756,11 AM - before 2 PM,1
404756,5 PM - before 9 PM,1
404756,Before 9 AM,3
404757,5 PM - before 9 PM,4
404757,Before 9 AM,16
404758,11 AM - before 2 PM,1
404758,5 PM - before 9 PM,1
404758,Before 9 AM,2
404759,11 AM - before 2 PM,0
404759,5 PM - before 9 PM,1
404759,Before 9 AM,14
405111,5 PM - before 9 PM,4
405137,9 AM - before 11 AM,0
405138,Before 9 AM,24
405139,Before 9 AM,25
405140,Before 9 AM,0
405205,5 PM - before 9 PM,1
405205,9 PM or later,1
405205,Before 9 AM,3
405433,Before 9 AM,10
405571,5 PM - before 9 PM,0
405572,5 PM - before 9 PM,4
405573,5 PM - before 9 PM,4
405574,Before 9 AM,4
405576,5 PM - before 9 PM,0
405662,5 PM - before 9 PM,1
405663,5 PM - before 9 PM,2
405664,5 PM - before 9 PM,0
405665,5 PM - before 9 PM,4
405665,Before 9 AM,3
405666,2 PM - before 5 PM,1
405666,9 AM - before 11 AM,2
405667,9 AM - before 11 AM,0
405698,5 PM - before 9 PM,3
405699,9 AM - before 11 AM,0
405701,2 PM - before 5 PM,1
405701,9 AM - before 11 AM,1
405704,5 PM - before 9 PM,6
405715,Before 9 AM,0
405889,5 PM - before 9 PM,2
405889,Before 9 AM,6
405892,5 PM - before 9 PM,4
405892,Before 9 AM,8
405979,5 PM - before 9 PM,1
405979,Before 9 AM,3
406003,5 PM - before 9 PM,2
406003,Before 9 AM,3
406018,5 PM - before 9 PM,6
406018,Before 9 AM,8
406136,5 PM - before 9 PM,1
406136,Before 9 AM,2
406169,11 AM - before 2 PM,12
406169,9 PM or later,12
406267,Before 9 AM,2
406323,2 PM - before 5 PM,4
406323,5 PM - before 9 PM,4
406335,5 PM - before 9 PM,5
406408,2 PM - before 5 PM,4
406409,5 PM - before 9 PM,4
406410,5 PM - before 9 PM,2
406410,Before 9 AM,2
406413,2 PM - before 5 PM,2
406413,5 PM - before 9 PM,1
406413,9 PM or later,1
406413,Before 9 AM,2
406414,5 PM - before 9 PM,2
406414,9 PM or later,2
406482,5 PM - before 9 PM,10
406482,9 AM - before 11 AM,6
406519,Before 9 AM,24
406701,2 PM - before 5 PM,1
406701,Before 9 AM,24
406742,Before 9 AM,8
406793,5 PM - before 9 PM,1
406793,9 AM - before 11 AM,1
406794,5 PM - before 9 PM,3
406794,9 AM - before 11 AM,3
406795,2 PM - before 5 PM,4
406795,9 AM - before 11 AM,4
406912,9 AM - before 11 AM,1
406912,Before 9 AM,2
406953,5 PM - before 9 PM,4
406953,Before 9 AM,22
406967,5 PM - before 9 PM,0
407137,11 AM - before 2 PM,6
407137,5 PM - before 9 PM,4
407155,Before 9 AM,25
407372,2 PM - before 5 PM,0
407390,5 PM - before 9 PM,1
407390,Before 9 AM,2
407563,2 PM - before 5 PM,3
407563,5 PM - before 9 PM,0
407563,9 AM - before 11 AM,1
407567,5 PM - before 9 PM,2
407567,9 PM or later,2
407596,5 PM - before 9 PM,3
407597,5 PM - before 9 PM,0
407598,5 PM - before 9 PM,2
407598,9 PM or later,2
407599,5 PM - before 9 PM,3
407599,Before 9 AM,3
407613,5 PM - before 9 PM,6
407817,5 PM - before 9 PM,1
407817,9 PM or later,2
407818,5 PM - before 9 PM,1
407818,9 PM or later,1
408350,11 AM - before 2 PM,3
408350,5 PM - before 9 PM,3
408350,Before 9 AM,4
408454,Before 9 AM,0
408657,5 PM - before 9 PM,0
408800,5 PM - before 9 PM,2
408800,9 PM or later,2
408804,Before 9 AM,26
408870,5 PM - before 9 PM,5
408870,Before 9 AM,1
408902,Before 9 AM,24
408952,2 PM - before 5 PM,4
408952,Before 9 AM,24
409029,5 PM - before 9 PM,4
409029,Before 9 AM,2
409131,Before 9 AM,0
409205,5 PM - before 9 PM,1
409205,9 PM or later,2
409232,Before 9 AM,4
409265,5 PM - before 9 PM,4
409265,Before 9 AM,20
409374,5 PM - before 9 PM,0
409396,11 AM - before 2 PM,0
409503,Before 9 AM,24
409565,5 PM - before 9 PM,4
409581,5 PM - before 9 PM,8
409581,9 PM or later,9
409619,5 PM - before 9 PM,0
409637,5 PM - before 9 PM,7
409637,9 AM - before 11 AM,6
409637,Before 9 AM,6
409685,Before 9 AM,26
409695,5 PM - before 9 PM,4
409724,5 PM - before 9 PM,3
409755,5 PM - before 9 PM,9
409755,9 AM - before 11 AM,9
409755,Before 9 AM,18
409782,Before 9 AM,0
409784,2 PM - before 5 PM,0
409784,9 AM - before 11 AM,2
409852,5 PM - before 9 PM,5
409878,Before 9 AM,25
409948,5 PM - before 9 PM,3
409992,5 PM - before 9 PM,0
410003,2 PM - before 5 PM,2
410003,Before 9 AM,3
410021,5 PM - before 9 PM,5
410021,Before 9 AM,9
410051,5 PM - before 9 PM,2
410051,Before 9 AM,2
410053,11 AM - before 2 PM,2
410053,9 AM - before 11 AM,2
410053,Before 9 AM,20
410105,2 PM - before 5 PM,2
410105,Before 9 AM,22
410111,2 PM - before 5 PM,12
410112,5 PM - before 9 PM,15
410189,5 PM - before 9 PM,3
410249,9 AM - before 11 AM,4
410254,5 PM - before 9 PM,0
410446,11 AM - before 2 PM,9
410446,9 AM - before 11 AM,11
410851,5 PM - before 9 PM,0
410851,9 PM or later,0
410852,5 PM - before 9 PM,2
410852,9 PM or later,2
410854,5 PM - before 9 PM,3
410854,9 AM - before 11 AM,3
410855,5 PM - before 9 PM,2
410855,9 AM - before 11 AM,2
410856,2 PM - before 5 PM,4
410856,5 PM - before 9 PM,5
410856,9 AM - before 11 AM,6
410856,9 PM or later,1
410857,5 PM - before 9 PM,0
410857,9 PM or later,0
410858,5 PM - before 9 PM,2
410858,9 PM or later,2
410859,2 PM - before 5 PM,0
410859,5 PM - before 9 PM,0
410860,5 PM - before 9 PM,2
410860,9 AM - before 11 AM,2
410861,5 PM - before 9 PM,3
410861,9 AM - before 11 AM,3
410862,5 PM - before 9 PM,0
410862,9 PM or later,0
410865,5 PM - before 9 PM,0
410865,9 PM or later,0
410866,5 PM - before 9 PM,0
410944,9 AM - before 11 AM,1
410944,Before 9 AM,1
410946,Before 9 AM,1
410988,5 PM - before 9 PM,2
410989,5 PM - before 9 PM,0
410992,5 PM - before 9 PM,6
411004,5 PM - before 9 PM,0
411017,5 PM - before 9 PM,12
411017,Before 9 AM,10
411018,5 PM - before 9 PM,12
411018,Before 9 AM,7
411080,5 PM - before 9 PM,0
411142,5 PM - before 9 PM,0
411214,5 PM - before 9 PM,1
411312,5 PM - before 9 PM,2
411314,5 PM - before 9 PM,1
411316,5 PM - before 9 PM,3
411333,5 PM - before 9 PM,4
411334,2 PM - before 5 PM,2
411335,5 PM - before 9 PM,4
411336,11 AM - before 2 PM,3
411336,5 PM - before 9 PM,4
411337,11 AM - before 2 PM,2
411337,5 PM - before 9 PM,2
411338,5 PM - before 9 PM,1
411339,5 PM - before 9 PM,4
411352,9 AM - before 11 AM,2
411352,Before 9 AM,1
411354,2 PM - before 5 PM,4
411354,5 PM - before 9 PM,4
411355,5 PM - before 9 PM,1
411356,5 PM - before 9 PM,3
411357,Before 9 AM,0
411358,9 AM - before 11 AM,2
411359,5 PM - before 9 PM,3
411360,5 PM - before 9 PM,1
411360,9 AM - before 11 AM,1
411361,5 PM - before 9 PM,0
411363,5 PM - before 9 PM,4
411455,11 AM - before 2 PM,1
411455,9 AM - before 11 AM,2
411456,5 PM - before 9 PM,3
411456,9 AM - before 11 AM,8
411458,2 PM - before 5 PM,3
411459,5 PM - before 9 PM,2
411459,9 AM - before 11 AM,2
411460,5 PM - before 9 PM,2
411461,5 PM - before 9 PM,3
411461,Before 9 AM,5
411548,5 PM - before 9 PM,1
411548,Before 9 AM,1
411661,5 PM - before 9 PM,0
411661,9 PM or later,1
411662,5 PM - before 9 PM,1
411662,9 AM - before 11 AM,0
411663,5 PM - before 9 PM,0
411663,9 AM - before 11 AM,0
411665,9 AM - before 11 AM,5
411679,5 PM - before 9 PM,6
411679,9 AM - before 11 AM,1
411680,5 PM - before 9 PM,4
411680,Before 9 AM,2
411681,5 PM - before 9 PM,3
411681,9 PM or later,6
411682,5 PM - before 9 PM,4
411684,5 PM - before 9 PM,4
411685,5 PM - before 9 PM,2
411685,9 PM or later,2
411687,5 PM - before 9 PM,2
411687,9 PM or later,2
411688,5 PM - before 9 PM,0
411689,5 PM - before 9 PM,2
411689,9 PM or later,2
411690,5 PM - before 9 PM,2
411690,9 PM or later,2
411691,5 PM - before 9 PM,4
411692,11 AM - before 2 PM,3
411692,5 PM - before 9 PM,3
411693,5 PM - before 9 PM,2
411693,9 AM - before 11 AM,3
411694,5 PM - before 9 PM,2
411694,Before 9 AM,2
411695,11 AM - before 2 PM,3
411695,9 PM or later,2
411697,11 AM - before 2 PM,3
411697,5 PM - before 9 PM,3
411698,11 AM - before 2 PM,3
411698,5 PM - before 9 PM,2
411698,9 AM - before 11 AM,1
411700,11 AM - before 2 PM,3
411704,Before 9 AM,1
411711,5 PM - before 9 PM,0
411794,5 PM - before 9 PM,0
411795,5 PM - before 9 PM,0
411795,9 PM or later,0
411797,5 PM - before 9 PM,0
411797,9 PM or later,0
411798,5 PM - before 9 PM,2
411799,5 PM - before 9 PM,2
411799,9 AM - before 11 AM,2
411800,5 PM - before 9 PM,0
411800,9 PM or later,0
411801,11 AM - before 2 PM,1
411801,9 AM - before 11 AM,0
411814,Before 9 AM,4
411815,2 PM - before 5 PM,0
411815,5 PM - before 9 PM,1
411815,9 PM or later,1
411816,2 PM - before 5 PM,2
411816,5 PM - before 9 PM,1
411818,11 AM - before 2 PM,6
411818,2 PM - before 5 PM,4
411843,5 PM - before 9 PM,2
411844,5 PM - before 9 PM,4
411899,2 PM - before 5 PM,4
411967,2 PM - before 5 PM,0
411992,9 AM - before 11 AM,7
411992,Before 9 AM,17
411993,9 AM - before 11 AM,11
411993,Before 9 AM,13
412129,Before 9 AM,24
412157,5 PM - before 9 PM,3
412157,Before 9 AM,4
412190,5 PM - before 9 PM,3
412190,9 AM - before 11 AM,1
412203,2 PM - before 5 PM,4
412203,9 AM - before 11 AM,2
412264,5 PM - before 9 PM,0
412264,Before 9 AM,1
412271,5 PM - before 9 PM,2
412271,Before 9 AM,2
412272,5 PM - before 9 PM,1
412272,Before 9 AM,3
412325,9 AM - before 11 AM,7
412342,9 AM - before 11 AM,0
412404,Before 9 AM,26
412423,2 PM - before 5 PM,1
412423,5 PM - before 9 PM,2
412423,9 AM - before 11 AM,2
412468,2 PM - before 5 PM,1
412468,5 PM - before 9 PM,1
412498,9 AM - before 11 AM,0
412503,11 AM - before 2 PM,1
412503,5 PM - before 9 PM,2
412527,2 PM - before 5 PM,1
412527,Before 9 AM,1
412532,Before 9 AM,24
412599,5 PM - before 9 PM,0
412643,11 AM - before 2 PM,2
412659,2 PM - before 5 PM,0
412679,Before 9 AM,25
412725,5 PM - before 9 PM,0
412725,Before 9 AM,24
412763,5 PM - before 9 PM,0
412764,Before 9 AM,24
412765,5 PM - before 9 PM,0
412877,5 PM - before 9 PM,7
412882,5 PM - before 9 PM,4
412883,Before 9 AM,9
412885,Before 9 AM,18
412959,2 PM - before 5 PM,3
412959,5 PM - before 9 PM,6
412959,Before 9 AM,20
412983,Before 9 AM,25
413140,9 AM - before 11 AM,1
413198,Before 9 AM,24
413246,5 PM - before 9 PM,2
413246,Before 9 AM,6
413247,5 PM - before 9 PM,1
413247,Before 9 AM,2
413391,5 PM - before 9 PM,3
413391,9 AM - before 11 AM,4
413411,5 PM - before 9 PM,8
413411,9 PM or later,12
413412,5 PM - before 9 PM,4
413438,2 PM - before 5 PM,1
413438,Before 9 AM,1
413447,2 PM - before 5 PM,5
413447,Before 9 AM,23
413450,Before 9 AM,5
413566,Before 9 AM,14
413666,5 PM - before 9 PM,2
413672,5 PM - before 9 PM,8
413818,11 AM - before 2 PM,4
413818,5 PM - before 9 PM,4
413829,2 PM - before 5 PM,3
413829,5 PM - before 9 PM,2
413830,9 AM - before 11 AM,1
413831,5 PM - before 9 PM,2
413832,9 AM - before 11 AM,0
413833,5 PM - before 9 PM,2
413834,Before 9 AM,0
413853,5 PM - before 9 PM,1
413854,5 PM - before 9 PM,0
413913,9 AM - before 11 AM,1
413914,9 AM - before 11 AM,1
414064,5 PM - before 9 PM,2
414069,5 PM - before 9 PM,1
414069,Before 9 AM,2
414070,Before 9 AM,2
414071,Before 9 AM,3
414128,Before 9 AM,1
414141,Before 9 AM,0
414143,Before 9 AM,8
414144,Before 9 AM,1
414167,5 PM - before 9 PM,4
414167,9 AM - before 11 AM,1
414168,5 PM - before 9 PM,2
414169,5 PM - before 9 PM,4
414170,5 PM - before 9 PM,4
414171,5 PM - before 9 PM,1
414171,9 PM or later,0
414172,9 AM - before 11 AM,0
414173,5 PM - before 9 PM,0
414173,9 AM - before 11 AM,0
414174,5 PM - before 9 PM,0
414174,9 AM - before 11 AM,0
414228,5 PM - before 9 PM,4
414363,5 PM - before 9 PM,6
414363,9 AM - before 11 AM,6
414454,5 PM - before 9 PM,0
414458,5 PM - before 9 PM,7
414458,9 PM or later,2
414459,5 PM - before 9 PM,1
414459,9 AM - before 11 AM,1
414482,5 PM - before 9 PM,1
414482,Before 9 AM,2
414515,5 PM - before 9 PM,0
414515,Before 9 AM,0
414540,2 PM - before 5 PM,2
414540,5 PM - before 9 PM,2
414540,9 AM - before 11 AM,4
414613,11 AM - before 2 PM,8
414613,5 PM - before 9 PM,12
414637,11 AM - before 2 PM,4
414637,Before 9 AM,21
414680,5 PM - before 9 PM,3
414741,5 PM - before 9 PM,4
414751,Before 9 AM,0
414755,5 PM - before 9 PM,5
414755,Before 9 AM,20
414763,9 AM - before 11 AM,2
414763,Before 9 AM,14
414820,Before 9 AM,4
414884,Before 9 AM,26
414912,5 PM - before 9 PM,0
415025,5 PM - before 9 PM,0
415025,Before 9 AM,0
415077,11 AM - before 2 PM,2
415077,5 PM - before 9 PM,4
415077,Before 9 AM,6
415105,5 PM - before 9 PM,9
415105,9 AM - before 11 AM,9
415123,5 PM - before 9 PM,3
415123,Before 9 AM,2
415127,Before 9 AM,24
415173,5 PM - before 9 PM,0
415186,Before 9 AM,2
415193,5 PM - before 9 PM,1
415193,Before 9 AM,1
415202,9 PM or later,7
415227,5 PM - before 9 PM,2
415227,Before 9 AM,0
415247,5 PM - before 9 PM,1
415247,Before 9 AM,10
415252,9 AM - before 11 AM,2
415252,Before 9 AM,8
415263,Before 9 AM,4
415301,5 PM - before 9 PM,3
415318,5 PM - before 9 PM,25
415318,Before 9 AM,25
415338,5 PM - before 9 PM,0
415350,5 PM - before 9 PM,0
415350,9 AM - before 11 AM,6
415354,5 PM - before 9 PM,0
415400,5 PM - before 9 PM,2
415400,9 AM - before 11 AM,0
415400,Before 9 AM,5
415432,5 PM - before 9 PM,2
415469,11 AM - before 2 PM,6
415473,9 AM - before 11 AM,10
415473,Before 9 AM,14
415474,9 AM - before 11 AM,8
415474,Before 9 AM,16
415475,9 AM - before 11 AM,6
415475,Before 9 AM,18
415476,Before 9 AM,24
415477,Before 9 AM,24
415478,Before 9 AM,24
415479,9 AM - before 11 AM,12
415479,Before 9 AM,12
415480,Before 9 AM,24
415483,Before 9 AM,24
415486,Before 9 AM,24
415488,Before 9 AM,24
415489,Before 9 AM,24
415490,Before 9 AM,24
415491,9 AM - before 11 AM,12
415491,Before 9 AM,12
415492,Before 9 AM,24
415493,Before 9 AM,24
415504,5 PM - before 9 PM,6
415504,9 AM - before 11 AM,18
415520,5 PM - before 9 PM,26
415520,Before 9 AM,26
415522,Before 9 AM,3
415524,Before 9 AM,1
415525,Before 9 AM,26
415526,9 AM - before 11 AM,26
415528,5 PM - before 9 PM,26
415529,5 PM - before 9 PM,1
415529,Before 9 AM,24
415538,5 PM - before 9 PM,2
415538,Before 9 AM,1
415567,5 PM - before 9 PM,4
415632,5 PM - before 9 PM,2
415709,5 PM - before 9 PM,1
415715,5 PM - before 9 PM,6
415722,5 PM - before 9 PM,0
415750,5 PM - before 9 PM,4
415773,Before 9 AM,16
415793,5 PM - before 9 PM,20
415794,5 PM - before 9 PM,2
415827,2 PM - before 5 PM,0
415827,5 PM - before 9 PM,14
415827,9 AM - before 11 AM,0
415827,Before 9 AM,1
415848,5 PM - before 9 PM,16
415857,5 PM - before 9 PM,1
415934,Before 9 AM,8
415946,5 PM - before 9 PM,5
415973,5 PM - before 9 PM,4
415973,9 AM - before 11 AM,0
415986,Before 9 AM,25
416088,9 AM - before 11 AM,4
416088,Before 9 AM,20
416092,Before 9 AM,24
416109,9 AM - before 11 AM,2
416110,Before 9 AM,4
416111,Before 9 AM,24
416160,2 PM - before 5 PM,24
416161,2 PM - before 5 PM,2
416161,5 PM - before 9 PM,2
416162,Before 9 AM,4
416163,2 PM - before 5 PM,4
416165,2 PM - before 5 PM,0
416166,Before 9 AM,24
416167,2 PM - before 5 PM,4
416168,Before 9 AM,24
416170,5 PM - before 9 PM,10
416172,Before 9 AM,4
416187,2 PM - before 5 PM,4
416188,Before 9 AM,24
416189,5 PM - before 9 PM,4
416190,2 PM - before 5 PM,4
416191,Before 9 AM,4
416192,Before 9 AM,24
416193,2 PM - before 5 PM,4
416194,5 PM - before 9 PM,8
416194,Before 9 AM,16
416195,5 PM - before 9 PM,4
416197,2 PM - before 5 PM,4
416233,Before 9 AM,24
416235,Before 9 AM,24
416242,9 AM - before 11 AM,4
416243,Before 9 AM,10
416244,5 PM - before 9 PM,6
416244,Before 9 AM,18
416330,5 PM - before 9 PM,0
416331,Before 9 AM,7
416332,5 PM - before 9 PM,14
416333,9 PM or later,0
416334,9 AM - before 11 AM,0
416335,5 PM - before 9 PM,2
416336,5 PM - before 9 PM,6
416337,5 PM - before 9 PM,4
416338,11 AM - before 2 PM,3
416338,Before 9 AM,10
416344,Before 9 AM,24
416345,Before 9 AM,24
416377,5 PM - before 9 PM,2
416427,5 PM - before 9 PM,4
416428,Before 9 AM,25
416429,5 PM - before 9 PM,0
416430,5 PM - before 9 PM,0
416455,5 PM - before 9 PM,1
416455,9 AM - before 11 AM,2
416455,Before 9 AM,6
416456,Before 9 AM,6
416458,2 PM - before 5 PM,3
416458,5 PM - before 9 PM,1
416458,Before 9 AM,4
416459,2 PM - before 5 PM,0
416459,9 AM - before 11 AM,7
416459,Before 9 AM,6
416503,5 PM - before 9 PM,0
416504,5 PM - before 9 PM,5
416505,5 PM - before 9 PM,2
416505,Before 9 AM,3
416551,5 PM - before 9 PM,0
416690,Before 9 AM,24
416733,5 PM - before 9 PM,5
416831,5 PM - before 9 PM,4
416831,Before 9 AM,3
416924,Before 9 AM,24
416928,Before 9 AM,24
417060,Before 9 AM,24
417092,5 PM - before 9 PM,4
417092,Before 9 AM,21
417230,Before 9 AM,24
417281,Before 9 AM,20
417316,9 AM - before 11 AM,6
417351,2 PM - before 5 PM,4
417358,5 PM - before 9 PM,4
417362,Before 9 AM,10
417363,5 PM - before 9 PM,6
417508,Before 9 AM,24
417510,Before 9 AM,24
417511,9 AM - before 11 AM,12
417511,Before 9 AM,12
417512,Before 9 AM,24
417639,5 PM - before 9 PM,4
417741,Before 9 AM,26
417743,2 PM - before 5 PM,9
417744,5 PM - before 9 PM,14
417744,Before 9 AM,12
417862,5 PM - before 9 PM,6
417862,9 PM or later,1
417862,Before 9 AM,8
417880,9 PM or later,26
417989,Before 9 AM,0
418003,Before 9 AM,25
418012,2 PM - before 5 PM,2
418012,5 PM - before 9 PM,4
418070,2 PM - before 5 PM,8
418070,9 AM - before 11 AM,21
418094,9 AM - before 11 AM,2
418094,Before 9 AM,22
418113,5 PM - before 9 PM,2
418146,5 PM - before 9 PM,10
418146,Before 9 AM,2
418153,Before 9 AM,4
418199,Before 9 AM,2
418205,5 PM - before 9 PM,5
418205,Before 9 AM,5
418219,5 PM - before 9 PM,0
418228,Before 9 AM,26
418245,5 PM - before 9 PM,4
418249,Before 9 AM,1
418343,5 PM - before 9 PM,4
418381,11 AM - before 2 PM,24
418400,5 PM - before 9 PM,1
418414,5 PM - before 9 PM,5
418421,5 PM - before 9 PM,6
418421,9 PM or later,2
418442,5 PM - before 9 PM,0
418478,5 PM - before 9 PM,19
418478,Before 9 AM,24
418487,11 AM - before 2 PM,1
418487,Before 9 AM,4
418491,5 PM - before 9 PM,0
418506,5 PM - before 9 PM,2
418519,9 AM - before 11 AM,4
418571,9 AM - before 11 AM,0
418588,9 AM - before 11 AM,3
418588,Before 9 AM,8
418666,5 PM - before 9 PM,1
418666,Before 9 AM,4
418682,Before 9 AM,0
418683,5 PM - before 9 PM,9
418684,9 AM - before 11 AM,2
418685,9 AM - before 11 AM,0
418686,5 PM - before 9 PM,16
418687,5 PM - before 9 PM,4
418688,Before 9 AM,0
418689,9 AM - before 11 AM,12
418690,Before 9 AM,4
418691,Before 9 AM,10
418730,5 PM - before 9 PM,1
418809,5 PM - before 9 PM,2
418916,Before 9 AM,4
418935,5 PM - before 9 PM,8
418941,5 PM - before 9 PM,6
418944,5 PM - before 9 PM,3
418947,5 PM - before 9 PM,6
418947,Before 9 AM,7
419051,Before 9 AM,4
419052,9 AM - before 11 AM,11
419052,Before 9 AM,13
419054,5 PM - before 9 PM,2
419055,5 PM - before 9 PM,5
419056,5 PM - before 9 PM,3
419057,5 PM - before 9 PM,4
419058,5 PM - before 9 PM,2
419104,Before 9 AM,24
419105,5 PM - before 9 PM,5
419106,Before 9 AM,24
419107,Before 9 AM,24
419108,Before 9 AM,24
419113,5 PM - before 9 PM,10
419113,9 AM - before 11 AM,6
419113,Before 9 AM,3
419114,9 AM - before 11 AM,6
419114,Before 9 AM,18
419115,5 PM - before 9 PM,2
419115,9 PM or later,3
419116,Before 9 AM,24
419117,Before 9 AM,24
419118,9 AM - before 11 AM,6
419118,Before 9 AM,18
419145,Before 9 AM,26
419184,5 PM - before 9 PM,2
419198,5 PM - before 9 PM,0
419198,Before 9 AM,6
419208,5 PM - before 9 PM,2
419208,9 AM - before 11 AM,0
419208,9 PM or later,4
419211,Before 9 AM,7
419223,Before 9 AM,26
419224,Before 9 AM,0
419240,11 AM - before 2 PM,10
419240,2 PM - before 5 PM,16
419240,Before 9 AM,24
419245,5 PM - before 9 PM,5
419331,Before 9 AM,24
419335,Before 9 AM,0
419336,5 PM - before 9 PM,2
419336,Before 9 AM,5
419358,Before 9 AM,7
419364,5 PM - before 9 PM,0
419364,Before 9 AM,24
419366,5 PM - before 9 PM,2
419367,Before 9 AM,2
419418,Before 9 AM,26
419419,Before 9 AM,26
419420,Before 9 AM,24
419421,Before 9 AM,26
419481,5 PM - before 9 PM,0
419481,Before 9 AM,5
419482,5 PM - before 9 PM,1
419482,Before 9 AM,3
419484,9 AM - before 11 AM,1
419484,Before 9 AM,5
419489,5 PM - before 9 PM,2
419489,Before 9 AM,0
419491,5 PM - before 9 PM,4
419491,Before 9 AM,4
419492,Before 9 AM,4
419493,11 AM - before 2 PM,3
419494,Before 9 AM,6
419495,Before 9 AM,4
419496,9 AM - before 11 AM,5
419497,Before 9 AM,4
419504,Before 9 AM,4
419505,5 PM - before 9 PM,2
419505,Before 9 AM,2
419506,5 PM - before 9 PM,0
419506,Before 9 AM,2
419507,Before 9 AM,5
419508,Before 9 AM,2
419509,5 PM - before 9 PM,4
419510,5 PM - before 9 PM,3
419535,Before 9 AM,0
419536,Before 9 AM,0
419537,Before 9 AM,0
419538,5 PM - before 9 PM,2
419538,Before 9 AM,2
419540,Before 9 AM,0
419541,2 PM - before 5 PM,2
419541,5 PM - before 9 PM,2
419542,Before 9 AM,0
419638,5 PM - before 9 PM,2
419638,Before 9 AM,1
419720,5 PM - before 9 PM,6
419723,5 PM - before 9 PM,0
419803,5 PM - before 9 PM,0
419814,Before 9 AM,10
419975,Before 9 AM,2
420095,Before 9 AM,0
420114,5 PM - before 9 PM,4
420124,Before 9 AM,2
420287,5 PM - before 9 PM,8
420287,Before 9 AM,8
420500,Before 9 AM,4
420656,2 PM - before 5 PM,4
420656,5 PM - before 9 PM,2
420656,9 AM - before 11 AM,6
420663,Before 9 AM,8
420755,Before 9 AM,24
420767,5 PM - before 9 PM,2
420781,5 PM - before 9 PM,4
420797,Before 9 AM,12
420805,9 AM - before 11 AM,5
420805,Before 9 AM,16
420812,5 PM - before 9 PM,6
420812,Before 9 AM,12
420836,Before 9 AM,26
420880,Before 9 AM,2
420894,5 PM - before 9 PM,10
420894,Before 9 AM,10
420902,11 AM - before 2 PM,24
420902,Before 9 AM,24
420962,5 PM - before 9 PM,4
420974,5 PM - before 9 PM,2
421039,5 PM - before 9 PM,3
421114,Before 9 AM,24
421127,Before 9 AM,2
421181,5 PM - before 9 PM,2
421181,Before 9 AM,22
421328,Before 9 AM,21
421333,5 PM - before 9 PM,4
421333,Before 9 AM,2
421335,Before 9 AM,0
421367,2 PM - before 5 PM,0
421458,9 PM or later,2
421467,9 AM - before 11 AM,2
421467,Before 9 AM,24
421507,Before 9 AM,0
421519,Before 9 AM,25
421521,5 PM - before 9 PM,8
421521,Before 9 AM,22
421677,5 PM - before 9 PM,0
421730,Before 9 AM,24
421741,Before 9 AM,26
421754,5 PM - before 9 PM,8
421754,Before 9 AM,25
421768,2 PM - before 5 PM,1
421768,5 PM - before 9 PM,1
421783,Before 9 AM,0
421880,5 PM - before 9 PM,3
421880,Before 9 AM,8
422008,2 PM - before 5 PM,4
422008,5 PM - before 9 PM,3
422261,Before 9 AM,16
422270,5 PM - before 9 PM,0
422307,Before 9 AM,8
422368,5 PM - before 9 PM,5
422368,Before 9 AM,8
422598,Before 9 AM,24
422610,9 AM - before 11 AM,2
422652,5 PM - before 9 PM,1
422652,Before 9 AM,0
422659,Before 9 AM,0
422851,5 PM - before 9 PM,2
422851,Before 9 AM,12
422923,2 PM - before 5 PM,25
422923,Before 9 AM,25
422952,11 AM - before 2 PM,4
422952,2 PM - before 5 PM,3
422952,5 PM - before 9 PM,9
422965,5 PM - before 9 PM,5
422965,Before 9 AM,5
422968,Before 9 AM,24
423000,Before 9 AM,3
423060,5 PM - before 9 PM,0
423060,9 AM - before 11 AM,2
423075,Before 9 AM,24
423111,5 PM - before 9 PM,3
423140,Before 9 AM,2
423196,9 AM - before 11 AM,1
423204,Before 9 AM,24
423288,Before 9 AM,4
423311,5 PM - before 9 PM,2
423311,9 AM - before 11 AM,1
423346,Before 9 AM,5
423413,5 PM - before 9 PM,4
423413,9 AM - before 11 AM,2
423473,Before 9 AM,2
423491,Before 9 AM,24
423514,2 PM - before 5 PM,24
423639,9 AM - before 11 AM,12
423639,Before 9 AM,12
423736,5 PM - before 9 PM,4
423736,Before 9 AM,4
423784,9 AM - before 11 AM,20
423852,2 PM - before 5 PM,7
423852,5 PM - before 9 PM,2
423852,Before 9 AM,8
423886,9 AM - before 11 AM,24
424050,2 PM - before 5 PM,3
424050,5 PM - before 9 PM,4
424050,Before 9 AM,8
424082,Before 9 AM,14
424224,9 AM - before 11 AM,6
424242,5 PM - before 9 PM,2
424242,Before 9 AM,4
424244,Before 9 AM,8
424252,Before 9 AM,19
424283,5 PM - before 9 PM,9
424283,9 AM - before 11 AM,12
424428,Before 9 AM,25
424652,Before 9 AM,24
424880,5 PM - before 9 PM,0
424885,5 PM - before 9 PM,2
424888,9 AM - before 11 AM,5
424888,9 PM or later,1
425022,Before 9 AM,8
425233,5 PM - before 9 PM,8
425233,Before 9 AM,16
425340,5 PM - before 9 PM,1
425340,9 PM or later,1
425519,5 PM - before 9 PM,0
425519,Before 9 AM,0
425609,2 PM - before 5 PM,5
425609,5 PM - before 9 PM,2
425762,2 PM - before 5 PM,1
425762,Before 9 AM,1
425777,5 PM - before 9 PM,2
425777,9 AM - before 11 AM,1
425892,5 PM - before 9 PM,7
425892,9 PM or later,4
425930,9 AM - before 11 AM,1
425931,5 PM - before 9 PM,1
425931,Before 9 AM,2
425932,5 PM - before 9 PM,1
425932,9 AM - before 11 AM,0
425950,2 PM - before 5 PM,8
426483,5 PM - before 9 PM,3
426762,5 PM - before 9 PM,1
426763,5 PM - before 9 PM,1
426862,5 PM - before 9 PM,3
426901,Before 9 AM,0
427010,5 PM - before 9 PM,3
427192,5 PM - before 9 PM,5
427192,Before 9 AM,22
427933,5 PM - before 9 PM,4
428417,5 PM - before 9 PM,0
428466,11 AM - before 2 PM,5
428466,5 PM - before 9 PM,5
428471,Before 9 AM,1
428572,Before 9 AM,26
428726,Before 9 AM,8
428727,Before 9 AM,2
428756,5 PM - before 9 PM,5
428757,5 PM - before 9 PM,5
428758,5 PM - before 9 PM,1
428982,5 PM - before 9 PM,6
428983,5 PM - before 9 PM,1
428983,Before 9 AM,2
428984,5 PM - before 9 PM,2
428984,9 AM - before 11 AM,1
428984,Before 9 AM,5
428985,5 PM - before 9 PM,1
428985,9 AM - before 11 AM,1
428985,Before 9 AM,5
429053,5 PM - before 9 PM,3
429153,5 PM - before 9 PM,2
429262,5 PM - before 9 PM,7
429290,Before 9 AM,4
429329,5 PM - before 9 PM,4
429443,Before 9 AM,25
429462,Before 9 AM,8
429487,5 PM - before 9 PM,0
429487,9 AM - before 11 AM,2
429487,Before 9 AM,2
429556,Before 9 AM,20
429580,2 PM - before 5 PM,2
429580,9 AM - before 11 AM,3
429592,5 PM - before 9 PM,8
429592,Before 9 AM,24
429913,2 PM - before 5 PM,1
429913,5 PM - before 9 PM,0
429913,Before 9 AM,4
429914,2 PM - before 5 PM,3
429914,9 PM or later,2
429915,5 PM - before 9 PM,3
429983,5 PM - before 9 PM,4
429983,9 PM or later,4
430168,2 PM - before 5 PM,4
430168,5 PM - before 9 PM,4
430284,5 PM - before 9 PM,2
430284,Before 9 AM,2
430292,5 PM - before 9 PM,3
430292,9 AM - before 11 AM,1
430293,5 PM - before 9 PM,2
430294,Before 9 AM,0
430295,Before 9 AM,7
430299,9 AM - before 11 AM,0
430323,5 PM - before 9 PM,1
430323,Before 9 AM,1
430324,5 PM - before 9 PM,1
430324,Before 9 AM,1
430332,2 PM - before 5 PM,2
430332,5 PM - before 9 PM,1
430333,2 PM - before 5 PM,2
430333,5 PM - before 9 PM,3
430334,5 PM - before 9 PM,4
430334,9 PM or later,1
430335,5 PM - before 9 PM,2
430336,5 PM - before 9 PM,3
430336,9 PM or later,2
430337,5 PM - before 9 PM,7
430337,9 PM or later,6
430338,5 PM - before 9 PM,2
430338,9 PM or later,2
430339,2 PM - before 5 PM,2
430339,5 PM - before 9 PM,3
430347,5 PM - before 9 PM,2
430348,5 PM - before 9 PM,0
430445,2 PM - before 5 PM,7
430445,Before 9 AM,26
430586,11 AM - before 2 PM,4
430586,Before 9 AM,26
430709,9 AM - before 11 AM,0
430710,9 AM - before 11 AM,2
430711,9 AM - before 11 AM,3
430712,9 AM - before 11 AM,2
430813,Before 9 AM,24
430877,Before 9 AM,0
430889,2 PM - before 5 PM,1
430889,5 PM - before 9 PM,1
430901,9 AM - before 11 AM,4
430901,Before 9 AM,22
430906,Before 9 AM,0
431013,Before 9 AM,0
431041,5 PM - before 9 PM,2
431041,Before 9 AM,24
431075,5 PM - before 9 PM,1
431075,Before 9 AM,4
431211,5 PM - before 9 PM,8
431391,Before 9 AM,25
431491,Before 9 AM,7
431586,11 AM - before 2 PM,10
431586,Before 9 AM,0
431587,Before 9 AM,0
431617,2 PM - before 5 PM,0
431619,5 PM - before 9 PM,0
431619,9 AM - before 11 AM,2
431620,2 PM - before 5 PM,4
431621,5 PM - before 9 PM,2
431622,5 PM - before 9 PM,0
431623,9 AM - before 11 AM,4
431624,9 AM - before 11 AM,4
431625,5 PM - before 9 PM,0
431626,5 PM - before 9 PM,4
431627,9 AM - before 11 AM,0
431628,9 AM - before 11 AM,4
431629,5 PM - before 9 PM,4
431630,9 AM - before 11 AM,4
431631,2 PM - before 5 PM,4
431631,5 PM - before 9 PM,2
431632,5 PM - before 9 PM,4
431633,5 PM - before 9 PM,4
431804,9 AM - before 11 AM,6
431832,11 AM - before 2 PM,4
431832,Before 9 AM,12
431925,5 PM - before 9 PM,1
431926,5 PM - before 9 PM,5
431926,Before 9 AM,1
431927,5 PM - before 9 PM,2
431929,5 PM - before 9 PM,2
431929,9 PM or later,2
431929,Before 9 AM,2
431930,5 PM - before 9 PM,0
431931,5 PM - before 9 PM,3
431931,9 PM or later,1
431931,Before 9 AM,2
431932,5 PM - before 9 PM,4
431932,9 PM or later,1
431932,Before 9 AM,3
431933,2 PM - before 5 PM,2
431933,5 PM - before 9 PM,4
432040,2 PM - before 5 PM,2
432040,9 AM - before 11 AM,2
432041,5 PM - before 9 PM,1
432041,Before 9 AM,1
432056,5 PM - before 9 PM,2
432056,Before 9 AM,3
432104,Before 9 AM,24
432169,2 PM - before 5 PM,4
432169,5 PM - before 9 PM,1
432192,Before 9 AM,2
432259,9 AM - before 11 AM,3
432259,Before 9 AM,24
432266,5 PM - before 9 PM,3
432266,9 AM - before 11 AM,1
432307,9 AM - before 11 AM,25
432307,Before 9 AM,20
432318,5 PM - before 9 PM,5
432319,5 PM - before 9 PM,2
432319,Before 9 AM,2
432320,5 PM - before 9 PM,2
432405,Before 9 AM,25
432414,Before 9 AM,25
432423,Before 9 AM,5
432427,Before 9 AM,2
432428,9 AM - before 11 AM,0
432429,9 AM - before 11 AM,0
432430,2 PM - before 5 PM,1
432455,Before 9 AM,0
432464,9 AM - before 11 AM,2
432538,9 AM - before 11 AM,4
432539,2 PM - before 5 PM,4
432540,5 PM - before 9 PM,6
432541,5 PM - before 9 PM,0
432542,2 PM - before 5 PM,4
432543,2 PM - before 5 PM,4
432545,5 PM - before 9 PM,4
432621,5 PM - before 9 PM,17
432621,Before 9 AM,8
432637,9 AM - before 11 AM,2
432637,Before 9 AM,2
432640,11 AM - before 2 PM,8
432640,2 PM - before 5 PM,3
432641,9 AM - before 11 AM,2
432641,Before 9 AM,5
432664,Before 9 AM,24
432713,9 AM - before 11 AM,20
432752,5 PM - before 9 PM,3
432820,5 PM - before 9 PM,1
432820,Before 9 AM,24
432824,5 PM - before 9 PM,4
432833,Before 9 AM,8
432841,Before 9 AM,26
432847,Before 9 AM,0
432875,Before 9 AM,10
432897,2 PM - before 5 PM,25
432897,Before 9 AM,25
433023,2 PM - before 5 PM,10
433023,5 PM - before 9 PM,9
433023,9 AM - before 11 AM,15
433037,2 PM - before 5 PM,15
433037,Before 9 AM,26
433076,Before 9 AM,5
433128,5 PM - before 9 PM,3
433128,Before 9 AM,22
433149,5 PM - before 9 PM,2
433149,Before 9 AM,3
433234,2 PM - before 5 PM,2
433234,Before 9 AM,4
433235,11 AM - before 2 PM,12
433235,Before 9 AM,12
433236,9 AM - before 11 AM,1
433237,9 AM - before 11 AM,0
433237,Before 9 AM,1
433238,2 PM - before 5 PM,1
433238,Before 9 AM,1
433239,5 PM - before 9 PM,4
433240,5 PM - before 9 PM,3
433240,Before 9 AM,3
433253,2 PM - before 5 PM,1
433253,Before 9 AM,3
433256,5 PM - before 9 PM,2
433256,Before 9 AM,6
433259,5 PM - before 9 PM,1
433259,9 AM - before 11 AM,1
433260,5 PM - before 9 PM,5
433261,5 PM - before 9 PM,3
433262,Before 9 AM,0
433272,Before 9 AM,4
433298,Before 9 AM,25
433329,5 PM - before 9 PM,3
433329,Before 9 AM,5
433330,5 PM - before 9 PM,2
433330,9 PM or later,2
433331,2 PM - before 5 PM,2
433331,5 PM - before 9 PM,2
433332,5 PM - before 9 PM,6
433332,9 PM or later,5
433333,5 PM - before 9 PM,2
433333,Before 9 AM,2
433334,5 PM - before 9 PM,5
433334,9 PM or later,2
433335,5 PM - before 9 PM,5
433335,9 PM or later,3
433335,Before 9 AM,3
433336,5 PM - before 9 PM,2
433336,9 PM or later,2
433348,Before 9 AM,25
433366,5 PM - before 9 PM,2
433366,9 PM or later,2
433368,5 PM - before 9 PM,3
433450,2 PM - before 5 PM,6
433450,5 PM - before 9 PM,4
433450,9 AM - before 11 AM,3
433571,11 AM - before 2 PM,3
433571,Before 9 AM,3
433585,2 PM - before 5 PM,20
433585,Before 9 AM,12
433667,2 PM - before 5 PM,7
433667,9 AM - before 11 AM,5
433667,Before 9 AM,21
433695,5 PM - before 9 PM,5
433695,9 AM - before 11 AM,3
433696,11 AM - before 2 PM,1
433696,5 PM - before 9 PM,4
433696,9 AM - before 11 AM,2
433697,5 PM - before 9 PM,3
433698,2 PM - before 5 PM,5
433698,5 PM - before 9 PM,4
433699,5 PM - before 9 PM,4
433700,9 AM - before 11 AM,4
433701,5 PM - before 9 PM,2
433701,9 AM - before 11 AM,2
433702,5 PM - before 9 PM,3
433706,Before 9 AM,24
433719,5 PM - before 9 PM,4
433724,Before 9 AM,4
433726,5 PM - before 9 PM,2
433726,9 AM - before 11 AM,5
433732,5 PM - before 9 PM,3
433782,5 PM - before 9 PM,24
433837,Before 9 AM,21
433871,11 AM - before 2 PM,3
433871,Before 9 AM,5
433877,Before 9 AM,25
433938,5 PM - before 9 PM,2
433943,Before 9 AM,0
433945,11 AM - before 2 PM,7
433945,5 PM - before 9 PM,8
433946,2 PM - before 5 PM,2
433946,5 PM - before 9 PM,3
433957,Before 9 AM,1
433963,5 PM - before 9 PM,1
433981,11 AM - before 2 PM,10
433981,5 PM - before 9 PM,14
433981,9 AM - before 11 AM,10
433981,Before 9 AM,14
434000,Before 9 AM,20
434005,5 PM - before 9 PM,3
434006,Before 9 AM,3
434021,Before 9 AM,3
434032,11 AM - before 2 PM,4
434032,5 PM - before 9 PM,3
434072,5 PM - before 9 PM,1
434072,Before 9 AM,5
434078,11 AM - before 2 PM,6
434078,Before 9 AM,24
434083,5 PM - before 9 PM,8
434083,9 AM - before 11 AM,2
434084,5 PM - before 9 PM,3
434084,9 AM - before 11 AM,1
434085,Before 9 AM,4
434088,Before 9 AM,0
434091,11 AM - before 2 PM,1
434091,Before 9 AM,2
434097,Before 9 AM,4
434120,5 PM - before 9 PM,4
434177,5 PM - before 9 PM,12
434215,Before 9 AM,20
434216,5 PM - before 9 PM,4
434241,9 PM or later,1
434241,Before 9 AM,1
434300,5 PM - before 9 PM,6
434300,Before 9 AM,6
434330,5 PM - before 9 PM,7
434330,9 AM - before 11 AM,7
434369,5 PM - before 9 PM,0
434369,Before 9 AM,2
434383,Before 9 AM,24
434449,5 PM - before 9 PM,2
434449,9 AM - before 11 AM,3
434461,Before 9 AM,0
434464,Before 9 AM,24
434471,5 PM - before 9 PM,4
434471,Before 9 AM,20
434487,5 PM - before 9 PM,7
434501,Before 9 AM,4
434502,11 AM - before 2 PM,6
434502,Before 9 AM,12
434663,5 PM - before 9 PM,0
434663,Before 9 AM,0
434720,Before 9 AM,6
434774,5 PM - before 9 PM,2
434774,Before 9 AM,0
434793,5 PM - before 9 PM,3
434793,9 AM - before 11 AM,4
434849,9 AM - before 11 AM,0
434854,5 PM - before 9 PM,4
434854,Before 9 AM,3
434855,Before 9 AM,4
434856,Before 9 AM,4
434897,5 PM - before 9 PM,2
434897,Before 9 AM,2
434898,9 AM - before 11 AM,1
434898,Before 9 AM,4
435036,5 PM - before 9 PM,4
435039,5 PM - before 9 PM,2
435039,9 AM - before 11 AM,1
435040,5 PM - before 9 PM,3
435041,5 PM - before 9 PM,4
435042,5 PM - before 9 PM,4
435043,5 PM - before 9 PM,8
435043,9 PM or later,2
435044,5 PM - before 9 PM,1
435044,9 PM or later,1
435051,Before 9 AM,2
435052,Before 9 AM,0
435053,Before 9 AM,0
435054,Before 9 AM,0
435055,5 PM - before 9 PM,2
435056,5 PM - before 9 PM,0
435056,Before 9 AM,1
435057,5 PM - before 9 PM,2
435058,Before 9 AM,0
435059,Before 9 AM,0
435060,Before 9 AM,0
435061,Before 9 AM,0
435083,5 PM - before 9 PM,0
435084,9 AM - before 11 AM,3
435085,5 PM - before 9 PM,2
435085,Before 9 AM,24
435106,5 PM - before 9 PM,2
435107,5 PM - before 9 PM,4
435108,5 PM - before 9 PM,2
435109,9 AM - before 11 AM,0
435111,9 AM - before 11 AM,12
435140,5 PM - before 9 PM,5
435140,Before 9 AM,20
435165,5 PM - before 9 PM,3
435165,Before 9 AM,6
435166,5 PM - before 9 PM,3
435166,9 AM - before 11 AM,7
435168,2 PM - before 5 PM,6
435168,5 PM - before 9 PM,1
435169,11 AM - before 2 PM,3
435169,2 PM - before 5 PM,6
435169,5 PM - before 9 PM,11
435170,5 PM - before 9 PM,5
435170,9 PM or later,3
435170,Before 9 AM,2
435214,Before 9 AM,24
435223,5 PM - before 9 PM,2
435223,Before 9 AM,2
435224,5 PM - before 9 PM,2
435225,5 PM - before 9 PM,2
435226,5 PM - before 9 PM,3
435227,5 PM - before 9 PM,2
435228,5 PM - before 9 PM,2
435229,5 PM - before 9 PM,2
435230,5 PM - before 9 PM,3
435231,5 PM - before 9 PM,1
435231,Before 9 AM,2
435232,9 PM or later,2
435233,5 PM - before 9 PM,2
435234,5 PM - before 9 PM,1
435235,5 PM - before 9 PM,1
435236,5 PM - before 9 PM,2
435237,5 PM - before 9 PM,3
435238,5 PM - before 9 PM,3
435240,5 PM - before 9 PM,9
435240,Before 9 AM,6
435268,5 PM - before 9 PM,1
435268,Before 9 AM,1
435300,5 PM - before 9 PM,7
435300,9 AM - before 11 AM,14
435316,9 AM - before 11 AM,18
435322,5 PM - before 9 PM,0
435322,Before 9 AM,2
435324,11 AM - before 2 PM,10
435382,Before 9 AM,5
435383,5 PM - before 9 PM,0
435383,9 PM or later,0
435480,Before 9 AM,4
435593,2 PM - before 5 PM,4
435593,5 PM - before 9 PM,2
435593,Before 9 AM,2
435597,5 PM - before 9 PM,1
435598,5 PM - before 9 PM,4
435598,9 PM or later,5
435599,5 PM - before 9 PM,2
435599,9 PM or later,3
435612,5 PM - before 9 PM,2
435613,5 PM - before 9 PM,2
435614,5 PM - before 9 PM,0
435615,5 PM - before 9 PM,2
435630,Before 9 AM,0
435697,5 PM - before 9 PM,0
435786,11 AM - before 2 PM,2
435786,5 PM - before 9 PM,1
435786,Before 9 AM,4
435828,5 PM - before 9 PM,1
435828,Before 9 AM,6
435860,Before 9 AM,2
435874,11 AM - before 2 PM,2
435874,5 PM - before 9 PM,3
435967,5 PM - before 9 PM,5
435968,5 PM - before 9 PM,7
435969,2 PM - before 5 PM,0
435969,9 AM - before 11 AM,2
435970,2 PM - before 5 PM,0
435970,5 PM - before 9 PM,4
435971,5 PM - before 9 PM,3
435972,5 PM - before 9 PM,0
435972,9 AM - before 11 AM,0
435973,2 PM - before 5 PM,1
435974,5 PM - before 9 PM,1
435974,9 PM or later,1
435976,5 PM - before 9 PM,2
436002,Before 9 AM,2
436076,5 PM - before 9 PM,7
436143,5 PM - before 9 PM,3
436154,11 AM - before 2 PM,9
436154,9 AM - before 11 AM,8
436159,9 AM - before 11 AM,0
436161,5 PM - before 9 PM,4
436239,Before 9 AM,26
436240,Before 9 AM,2
436258,Before 9 AM,3
436263,9 AM - before 11 AM,0
436269,5 PM - before 9 PM,2
436315,Before 9 AM,0
436342,5 PM - before 9 PM,4
436342,Before 9 AM,2
436351,11 AM - before 2 PM,3
436351,5 PM - before 9 PM,7
436351,Before 9 AM,14
436352,9 AM - before 11 AM,16
436387,5 PM - before 9 PM,4
436392,Before 9 AM,4
436502,5 PM - before 9 PM,4
436514,2 PM - before 5 PM,1
436514,Before 9 AM,2
436515,Before 9 AM,12
436532,5 PM - before 9 PM,3
436551,9 AM - before 11 AM,3
436610,5 PM - before 9 PM,4
436610,Before 9 AM,20
436655,5 PM - before 9 PM,0
436686,9 AM - before 11 AM,0
436749,Before 9 AM,20
436794,Before 9 AM,11
436864,5 PM - before 9 PM,0
436869,Before 9 AM,24
436877,5 PM - before 9 PM,0
436877,Before 9 AM,1
436987,5 PM - before 9 PM,18
436987,Before 9 AM,24
437187,5 PM - before 9 PM,1
437187,Before 9 AM,0
437231,5 PM - before 9 PM,2
437231,9 PM or later,1
437232,5 PM - before 9 PM,4
437232,9 PM or later,2
437238,5 PM - before 9 PM,2
437239,11 AM - before 2 PM,3
437240,11 AM - before 2 PM,3
437240,5 PM - before 9 PM,4
437240,9 AM - before 11 AM,4
437241,5 PM - before 9 PM,3
437241,9 AM - before 11 AM,6
437242,5 PM - before 9 PM,2
437245,5 PM - before 9 PM,0
437246,2 PM - before 5 PM,2
437247,5 PM - before 9 PM,4
437248,5 PM - before 9 PM,2
437249,2 PM - before 5 PM,0
437250,11 AM - before 2 PM,2
437251,5 PM - before 9 PM,4
437252,11 AM - before 2 PM,4
437253,5 PM - before 9 PM,2
437254,5 PM - before 9 PM,2
437255,Before 9 AM,4
437256,2 PM - before 5 PM,3
437256,5 PM - before 9 PM,4
437257,Before 9 AM,4
437258,5 PM - before 9 PM,0
437259,5 PM - before 9 PM,0
437270,2 PM - before 5 PM,4
437270,5 PM - before 9 PM,4
437271,2 PM - before 5 PM,4
437272,2 PM - before 5 PM,1
437272,5 PM - before 9 PM,2
437273,2 PM - before 5 PM,8
437274,11 AM - before 2 PM,8
437274,5 PM - before 9 PM,1
437274,9 PM or later,1
437310,5 PM - before 9 PM,3
437316,9 AM - before 11 AM,7
437320,5 PM - before 9 PM,2
437327,5 PM - before 9 PM,1
437327,Before 9 AM,24
437350,5 PM - before 9 PM,6
437350,Before 9 AM,18
437385,5 PM - before 9 PM,4
437403,Before 9 AM,2
437405,5 PM - before 9 PM,3
437405,Before 9 AM,22
437410,5 PM - before 9 PM,7
437410,Before 9 AM,15
437493,Before 9 AM,4
437494,5 PM - before 9 PM,6
437494,Before 9 AM,2
437527,5 PM - before 9 PM,1
437592,5 PM - before 9 PM,4
437595,5 PM - before 9 PM,1
437595,Before 9 AM,24
437632,5 PM - before 9 PM,0
437663,5 PM - before 9 PM,6
437703,5 PM - before 9 PM,8
437703,Before 9 AM,25
437707,5 PM - before 9 PM,3
437729,5 PM - before 9 PM,11
437729,Before 9 AM,4
437767,5 PM - before 9 PM,2
437768,11 AM - before 2 PM,3
437769,11 AM - before 2 PM,3
437769,5 PM - before 9 PM,2
437790,5 PM - before 9 PM,4
437796,11 AM - before 2 PM,2
437796,2 PM - before 5 PM,4
437796,5 PM - before 9 PM,1
437796,Before 9 AM,18
437841,5 PM - before 9 PM,0
437844,Before 9 AM,12
437851,Before 9 AM,26
437859,11 AM - before 2 PM,8
437878,5 PM - before 9 PM,1
437878,Before 9 AM,3
437900,5 PM - before 9 PM,4
437909,5 PM - before 9 PM,2
437910,5 PM - before 9 PM,4
437911,11 AM - before 2 PM,4
437911,5 PM - before 9 PM,4
437912,5 PM - before 9 PM,1
437913,5 PM - before 9 PM,4
437921,2 PM - before 5 PM,2
437921,5 PM - before 9 PM,3
437927,Before 9 AM,25
437932,5 PM - before 9 PM,3
437932,9 AM - before 11 AM,2
437945,5 PM - before 9 PM,0
437947,5 PM - before 9 PM,0
437947,Before 9 AM,1
437948,Before 9 AM,4
437949,5 PM - before 9 PM,0
437949,9 AM - before 11 AM,1
437962,5 PM - before 9 PM,2
437974,5 PM - before 9 PM,7
437997,5 PM - before 9 PM,3
437997,Before 9 AM,2
438000,2 PM - before 5 PM,2
438019,5 PM - before 9 PM,2
438019,9 AM - before 11 AM,0
438019,Before 9 AM,3
438034,Before 9 AM,13
438050,5 PM - before 9 PM,4
438050,Before 9 AM,8
438055,5 PM - before 9 PM,2
438063,Before 9 AM,7
438078,11 AM - before 2 PM,2
438078,5 PM - before 9 PM,2
438078,Before 9 AM,4
438096,5 PM - before 9 PM,4
438153,5 PM - before 9 PM,3
438153,9 AM - before 11 AM,2
438157,9 AM - before 11 AM,0
438169,5 PM - before 9 PM,15
438194,5 PM - before 9 PM,5
438194,9 AM - before 11 AM,5
438205,5 PM - before 9 PM,0
438205,Before 9 AM,0
438216,9 AM - before 11 AM,0
438219,5 PM - before 9 PM,8
438260,Before 9 AM,25
438301,5 PM - before 9 PM,0
438331,5 PM - before 9 PM,4
438333,5 PM - before 9 PM,4
438333,Before 9 AM,4
438401,Before 9 AM,2
438404,9 AM - before 11 AM,0
438432,5 PM - before 9 PM,1
438432,Before 9 AM,1
438450,2 PM - before 5 PM,3
438450,Before 9 AM,4
438452,11 AM - before 2 PM,1
438452,Before 9 AM,1
438453,2 PM - before 5 PM,1
438453,9 AM - before 11 AM,1
438454,Before 9 AM,2
438455,2 PM - before 5 PM,1
438455,9 AM - before 11 AM,1
438456,2 PM - before 5 PM,1
438456,9 AM - before 11 AM,1
438474,Before 9 AM,24
438479,Before 9 AM,24
438561,Before 9 AM,24
438563,Before 9 AM,25
438602,9 AM - before 11 AM,26
438626,5 PM - before 9 PM,3
438680,5 PM - before 9 PM,14
438680,Before 9 AM,5
438701,5 PM - before 9 PM,3
438702,5 PM - before 9 PM,4
438703,5 PM - before 9 PM,5
438703,Before 9 AM,5
438710,5 PM - before 9 PM,2
438710,Before 9 AM,4
438766,Before 9 AM,25
438813,Before 9 AM,4
438814,5 PM - before 9 PM,0
438814,Before 9 AM,0
438815,Before 9 AM,1
438817,Before 9 AM,2
438818,5 PM - before 9 PM,2
438978,2 PM - before 5 PM,7
438978,5 PM - before 9 PM,12
438980,5 PM - before 9 PM,2
438981,11 AM - before 2 PM,1
438981,5 PM - before 9 PM,3
438981,9 PM or later,2
438982,11 AM - before 2 PM,0
438982,5 PM - before 9 PM,4
438982,9 AM - before 11 AM,2
438984,11 AM - before 2 PM,3
438984,5 PM - before 9 PM,5
438984,Before 9 AM,2
438986,11 AM - before 2 PM,2
438986,5 PM - before 9 PM,3
438987,9 PM or later,2
438987,Before 9 AM,2
438988,11 AM - before 2 PM,2
438988,5 PM - before 9 PM,0
438989,11 AM - before 2 PM,3
438989,5 PM - before 9 PM,3
438989,Before 9 AM,2
438991,5 PM - before 9 PM,2
438991,9 PM or later,1
438992,11 AM - before 2 PM,2
438992,5 PM - before 9 PM,4
438993,2 PM - before 5 PM,2
438993,5 PM - before 9 PM,3
438995,2 PM - before 5 PM,3
438995,5 PM - before 9 PM,3
438996,5 PM - before 9 PM,4
438996,9 AM - before 11 AM,4
438997,2 PM - before 5 PM,1
438997,5 PM - before 9 PM,2
438997,9 PM or later,2
438998,11 AM - before 2 PM,4
438999,5 PM - before 9 PM,2
438999,Before 9 AM,3
439000,5 PM - before 9 PM,4
439001,11 AM - before 2 PM,3
439001,5 PM - before 9 PM,3
439002,5 PM - before 9 PM,2
439002,Before 9 AM,2
439012,11 AM - before 2 PM,1
439014,5 PM - before 9 PM,2
439014,Before 9 AM,22
439015,5 PM - before 9 PM,0
439016,5 PM - before 9 PM,0
439017,11 AM - before 2 PM,0
439017,5 PM - before 9 PM,1
439017,Before 9 AM,1
439018,5 PM - before 9 PM,2
439018,Before 9 AM,1
439051,5 PM - before 9 PM,2
439051,Before 9 AM,8
439052,5 PM - before 9 PM,3
439052,9 AM - before 11 AM,0
439052,Before 9 AM,6
439053,5 PM - before 9 PM,3
439053,Before 9 AM,10
439054,5 PM - before 9 PM,1
439054,Before 9 AM,5
439065,5 PM - before 9 PM,1
439066,9 AM - before 11 AM,2
439067,5 PM - before 9 PM,7
439068,2 PM - before 5 PM,0
439068,9 AM - before 11 AM,0
439069,5 PM - before 9 PM,2
439069,9 AM - before 11 AM,3
439070,5 PM - before 9 PM,6
439073,9 AM - before 11 AM,0
439074,9 AM - before 11 AM,3
439138,Before 9 AM,24
439151,Before 9 AM,24
439153,5 PM - before 9 PM,3
439153,Before 9 AM,4
439174,5 PM - before 9 PM,4
439175,Before 9 AM,2
439176,5 PM - before 9 PM,5
439177,5 PM - before 9 PM,2
439178,5 PM - before 9 PM,2
439179,5 PM - before 9 PM,2
439180,5 PM - before 9 PM,7
439180,Before 9 AM,8
439181,5 PM - before 9 PM,3
439188,2 PM - before 5 PM,1
439188,Before 9 AM,24
439192,5 PM - before 9 PM,3
439192,9 AM - before 11 AM,3
439193,5 PM - before 9 PM,2
439193,9 PM or later,2
439194,5 PM - before 9 PM,0
439195,5 PM - before 9 PM,0
439196,5 PM - before 9 PM,0
439197,5 PM - before 9 PM,0
439198,5 PM - before 9 PM,2
439198,9 AM - before 11 AM,2
439199,11 AM - before 2 PM,3
439199,5 PM - before 9 PM,3
439217,9 AM - before 11 AM,3
439238,5 PM - before 9 PM,2
439304,2 PM - before 5 PM,2
439304,5 PM - before 9 PM,5
439304,Before 9 AM,3
439318,5 PM - before 9 PM,2
439318,Before 9 AM,2
439324,2 PM - before 5 PM,2
439324,5 PM - before 9 PM,4
439324,9 AM - before 11 AM,19
439324,9 PM or later,2
439344,5 PM - before 9 PM,1
439344,Before 9 AM,1
439350,Before 9 AM,4
439354,5 PM - before 9 PM,0
439354,Before 9 AM,9
439355,5 PM - before 9 PM,4
439356,5 PM - before 9 PM,0
439359,5 PM - before 9 PM,0
439404,5 PM - before 9 PM,2
439404,Before 9 AM,4
439426,Before 9 AM,15
439430,Before 9 AM,2
439431,2 PM - before 5 PM,5
439431,5 PM - before 9 PM,2
439432,9 AM - before 11 AM,10
439434,5 PM - before 9 PM,1
439434,Before 9 AM,2
439435,Before 9 AM,24
439436,2 PM - before 5 PM,1
439436,Before 9 AM,24
439438,Before 9 AM,4
439439,2 PM - before 5 PM,4
439439,Before 9 AM,4
439443,5 PM - before 9 PM,1
439443,9 AM - before 11 AM,1
439487,Before 9 AM,3
439556,5 PM - before 9 PM,2
439568,5 PM - before 9 PM,9
439569,Before 9 AM,0
439607,5 PM - before 9 PM,2
439608,5 PM - before 9 PM,0
439612,5 PM - before 9 PM,4
439645,5 PM - before 9 PM,4
439645,Before 9 AM,21
439662,5 PM - before 9 PM,0
439665,5 PM - before 9 PM,0
439665,Before 9 AM,2
439685,9 AM - before 11 AM,0
439701,Before 9 AM,10
439731,5 PM - before 9 PM,3
439731,Before 9 AM,4
439750,2 PM - before 5 PM,3
439763,5 PM - before 9 PM,4
439782,11 AM - before 2 PM,4
439782,5 PM - before 9 PM,2
439840,5 PM - before 9 PM,1
439840,Before 9 AM,0
439853,5 PM - before 9 PM,1
439853,Before 9 AM,2
439855,Before 9 AM,0
439861,11 AM - before 2 PM,4
439869,Before 9 AM,24
439872,5 PM - before 9 PM,1
439872,Before 9 AM,4
439878,11 AM - before 2 PM,5
439894,5 PM - before 9 PM,3
439894,Before 9 AM,3
439895,5 PM - before 9 PM,1
439895,Before 9 AM,3
439899,2 PM - before 5 PM,4
439927,5 PM - before 9 PM,2
439927,9 PM or later,2
439928,5 PM - before 9 PM,10
439934,5 PM - before 9 PM,2
439934,Before 9 AM,2
439941,Before 9 AM,4
439945,5 PM - before 9 PM,4
439946,5 PM - before 9 PM,0
439947,11 AM - before 2 PM,0
439948,5 PM - before 9 PM,4
439949,9 AM - before 11 AM,10
439950,11 AM - before 2 PM,2
439951,2 PM - before 5 PM,8
439952,9 AM - before 11 AM,0
439956,5 PM - before 9 PM,3
439956,Before 9 AM,4
439964,9 AM - before 11 AM,0
439973,2 PM - before 5 PM,10
439973,9 AM - before 11 AM,11
439979,5 PM - before 9 PM,2
439979,9 AM - before 11 AM,2
439990,5 PM - before 9 PM,9
439990,Before 9 AM,8
440000,11 AM - before 2 PM,8
440000,5 PM - before 9 PM,8
440000,9 AM - before 11 AM,11
440001,Before 9 AM,4
440026,Before 9 AM,25
440028,11 AM - before 2 PM,24
440030,5 PM - before 9 PM,2
440030,9 AM - before 11 AM,2
440030,Before 9 AM,3
440031,5 PM - before 9 PM,5
440048,5 PM - before 9 PM,0
440048,Before 9 AM,1
440050,5 PM - before 9 PM,8
440060,Before 9 AM,25
440069,Before 9 AM,24
440126,2 PM - before 5 PM,2
440126,5 PM - before 9 PM,3
440145,Before 9 AM,25
440158,5 PM - before 9 PM,3
440170,5 PM - before 9 PM,2
440189,2 PM - before 5 PM,2
440189,5 PM - before 9 PM,2
440195,5 PM - before 9 PM,2
440224,5 PM - before 9 PM,3
440232,5 PM - before 9 PM,0
440232,Before 9 AM,2
440277,Before 9 AM,24
440330,5 PM - before 9 PM,4
440330,Before 9 AM,3
440423,9 PM or later,2
440423,Before 9 AM,10
440424,5 PM - before 9 PM,2
440424,9 PM or later,2
440426,2 PM - before 5 PM,21
440426,5 PM - before 9 PM,5
440427,Before 9 AM,25
440428,Before 9 AM,2
440471,5 PM - before 9 PM,0
440471,Before 9 AM,1
440501,5 PM - before 9 PM,1
440501,Before 9 AM,4
440504,5 PM - before 9 PM,2
440504,9 PM or later,0
440504,Before 9 AM,1
440505,2 PM - before 5 PM,1
440505,5 PM - before 9 PM,1
440505,Before 9 AM,1
440515,Before 9 AM,4
440516,Before 9 AM,2
440517,2 PM - before 5 PM,6
440517,5 PM - before 9 PM,5
440517,9 AM - before 11 AM,2
440518,5 PM - before 9 PM,7
440521,5 PM - before 9 PM,3
440521,Before 9 AM,4
440522,Before 9 AM,3
440523,5 PM - before 9 PM,0
440524,5 PM - before 9 PM,13
440525,5 PM - before 9 PM,2
440526,5 PM - before 9 PM,2
440526,Before 9 AM,1
440537,11 AM - before 2 PM,12
440537,Before 9 AM,8
440539,11 AM - before 2 PM,1
440539,2 PM - before 5 PM,1
440539,5 PM - before 9 PM,1
440539,Before 9 AM,1
440557,5 PM - before 9 PM,1
440557,Before 9 AM,1
440577,2 PM - before 5 PM,4
440577,9 AM - before 11 AM,4
440599,Before 9 AM,24
440601,Before 9 AM,6
440612,5 PM - before 9 PM,3
440614,11 AM - before 2 PM,1
440614,2 PM - before 5 PM,0
440614,5 PM - before 9 PM,1
440614,Before 9 AM,1
440634,5 PM - before 9 PM,1
440634,Before 9 AM,2
440661,5 PM - before 9 PM,0
440661,Before 9 AM,1
440668,5 PM - before 9 PM,3
440730,5 PM - before 9 PM,2
440730,Before 9 AM,2
440745,5 PM - before 9 PM,4
440747,9 AM - before 11 AM,22
440748,5 PM - before 9 PM,0
440748,Before 9 AM,2
440750,5 PM - before 9 PM,3
440750,Before 9 AM,27
440751,Before 9 AM,9
440752,2 PM - before 5 PM,3
440752,5 PM - before 9 PM,0
440753,Before 9 AM,24
440754,5 PM - before 9 PM,0
440804,2 PM - before 5 PM,1
440804,5 PM - before 9 PM,3
440806,2 PM - before 5 PM,4
440806,5 PM - before 9 PM,8
440806,Before 9 AM,4
440808,5 PM - before 9 PM,24
440819,Before 9 AM,4
440869,Before 9 AM,25
440890,5 PM - before 9 PM,2
440893,5 PM - before 9 PM,0
440893,Before 9 AM,0
440905,5 PM - before 9 PM,2
440905,Before 9 AM,22
440906,5 PM - before 9 PM,5
440906,Before 9 AM,2
440973,5 PM - before 9 PM,15
440973,9 AM - before 11 AM,15
440979,5 PM - before 9 PM,0
440987,5 PM - before 9 PM,2
440987,9 PM or later,0
441001,5 PM - before 9 PM,1
441001,Before 9 AM,2
441002,5 PM - before 9 PM,3
441040,5 PM - before 9 PM,9
441048,5 PM - before 9 PM,5
441048,9 AM - before 11 AM,6
441058,9 AM - before 11 AM,0
441070,2 PM - before 5 PM,0
441071,2 PM - before 5 PM,2
441071,5 PM - before 9 PM,2
441072,5 PM - before 9 PM,0
441073,2 PM - before 5 PM,4
441074,5 PM - before 9 PM,2
441074,9 PM or later,2
441077,2 PM - before 5 PM,2
441077,5 PM - before 9 PM,2
441094,5 PM - before 9 PM,9
441094,Before 9 AM,6
441097,5 PM - before 9 PM,6
441115,Before 9 AM,20
441136,5 PM - before 9 PM,4
441136,Before 9 AM,5
441182,Before 9 AM,22
441214,5 PM - before 9 PM,0
441214,9 PM or later,2
441214,Before 9 AM,2
441229,5 PM - before 9 PM,0
441230,Before 9 AM,24
441234,Before 9 AM,0
441235,5 PM - before 9 PM,0
441236,5 PM - before 9 PM,4
441239,5 PM - before 9 PM,4
441239,Before 9 AM,16
441240,2 PM - before 5 PM,3
441241,9 AM - before 11 AM,1
441241,Before 9 AM,3
441243,5 PM - before 9 PM,0
441255,Before 9 AM,25
441284,Before 9 AM,4
441295,Before 9 AM,24
441304,5 PM - before 9 PM,2
441305,5 PM - before 9 PM,2
441306,5 PM - before 9 PM,3
441306,Before 9 AM,24
441307,Before 9 AM,25
441310,9 AM - before 11 AM,0
441315,11 AM - before 2 PM,2
441315,5 PM - before 9 PM,0
441332,Before 9 AM,26
441349,2 PM - before 5 PM,0
441349,9 AM - before 11 AM,0
441361,11 AM - before 2 PM,2
441362,Before 9 AM,25
441369,5 PM - before 9 PM,17
441369,9 AM - before 11 AM,20
441392,5 PM - before 9 PM,7
441396,Before 9 AM,6
441398,9 AM - before 11 AM,24
441430,5 PM - before 9 PM,3
441444,5 PM - before 9 PM,2
441444,Before 9 AM,2
441456,5 PM - before 9 PM,4
441482,5 PM - before 9 PM,3
441482,Before 9 AM,9
441484,5 PM - before 9 PM,4
441484,9 AM - before 11 AM,5
441487,Before 9 AM,16
441491,5 PM - before 9 PM,2
441491,Before 9 AM,24
441536,Before 9 AM,5
441554,Before 9 AM,2
441614,Before 9 AM,26
441619,Before 9 AM,10
441648,Before 9 AM,8
441649,5 PM - before 9 PM,2
441649,Before 9 AM,16
441653,Before 9 AM,0
441654,5 PM - before 9 PM,4
441655,9 AM - before 11 AM,0
441665,Before 9 AM,0
441700,5 PM - before 9 PM,7
441700,9 AM - before 11 AM,6
441701,5 PM - before 9 PM,4
441715,Before 9 AM,10
441752,9 AM - before 11 AM,0
441763,5 PM - before 9 PM,3
441763,Before 9 AM,4
441787,5 PM - before 9 PM,0
441884,2 PM - before 5 PM,2
441884,5 PM - before 9 PM,3
441885,5 PM - before 9 PM,2
441885,Before 9 AM,16
441886,9 AM - before 11 AM,1
441886,Before 9 AM,4
441887,Before 9 AM,4
441888,5 PM - before 9 PM,13
441895,2 PM - before 5 PM,1
441895,5 PM - before 9 PM,1
441895,9 AM - before 11 AM,1
441895,Before 9 AM,1
441903,9 AM - before 11 AM,2
441903,Before 9 AM,2
441904,9 AM - before 11 AM,8
441905,11 AM - before 2 PM,6
441905,5 PM - before 9 PM,5
441906,5 PM - before 9 PM,3
441907,5 PM - before 9 PM,3
441907,9 AM - before 11 AM,3
441908,9 AM - before 11 AM,2
441909,5 PM - before 9 PM,2
441910,5 PM - before 9 PM,3
441910,9 AM - before 11 AM,6
441912,5 PM - before 9 PM,0
441913,5 PM - before 9 PM,2
441914,2 PM - before 5 PM,4
441915,5 PM - before 9 PM,4
441916,5 PM - before 9 PM,2
441917,5 PM - before 9 PM,0
441918,5 PM - before 9 PM,2
441919,2 PM - before 5 PM,4
441926,5 PM - before 9 PM,1
441934,5 PM - before 9 PM,2
441935,5 PM - before 9 PM,5
441936,5 PM - before 9 PM,2
441937,5 PM - before 9 PM,2
441938,Before 9 AM,24
441939,5 PM - before 9 PM,2
441939,Before 9 AM,2
441940,5 PM - before 9 PM,2
441941,5 PM - before 9 PM,2
441941,Before 9 AM,2
441943,11 AM - before 2 PM,1
441943,5 PM - before 9 PM,1
441943,9 AM - before 11 AM,0
441943,Before 9 AM,2
441944,9 AM - before 11 AM,1
441944,Before 9 AM,3
441945,Before 9 AM,5
441946,Before 9 AM,4
441953,5 PM - before 9 PM,4
441959,2 PM - before 5 PM,0
441960,5 PM - before 9 PM,4
441961,Before 9 AM,4
441962,5 PM - before 9 PM,2
441963,11 AM - before 2 PM,4
441972,5 PM - before 9 PM,2
441974,Before 9 AM,24
441975,Before 9 AM,4
441976,5 PM - before 9 PM,28
441977,5 PM - before 9 PM,0
441978,9 PM or later,10
441979,Before 9 AM,10
441980,5 PM - before 9 PM,4
441981,Before 9 AM,8
442094,Before 9 AM,0
442099,9 PM or later,4
442129,9 AM - before 11 AM,0
442155,5 PM - before 9 PM,5
442156,5 PM - before 9 PM,0
442159,Before 9 AM,4
442208,9 AM - before 11 AM,1
442246,5 PM - before 9 PM,0
442247,5 PM - before 9 PM,8
442248,5 PM - before 9 PM,3
442248,Before 9 AM,3
442249,5 PM - before 9 PM,3
442249,9 PM or later,2
442250,5 PM - before 9 PM,3
442250,9 PM or later,2
442251,5 PM - before 9 PM,2
442252,5 PM - before 9 PM,3
442252,9 PM or later,0
442252,Before 9 AM,2
442253,5 PM - before 9 PM,3
442253,9 PM or later,2
442269,5 PM - before 9 PM,1
442269,Before 9 AM,3
442270,5 PM - before 9 PM,4
442301,Before 9 AM,4
442308,Before 9 AM,26
442338,5 PM - before 9 PM,0
442338,Before 9 AM,3
442340,5 PM - before 9 PM,3
442341,5 PM - before 9 PM,2
442342,5 PM - before 9 PM,1
442343,11 AM - before 2 PM,1
442343,2 PM - before 5 PM,1
442343,5 PM - before 9 PM,1
442343,9 AM - before 11 AM,1
442343,Before 9 AM,2
442353,Before 9 AM,9
442395,Before 9 AM,4
442479,5 PM - before 9 PM,1
442486,Before 9 AM,0
442526,5 PM - before 9 PM,1
442526,9 AM - before 11 AM,1
442529,5 PM - before 9 PM,2
442529,Before 9 AM,1
442531,5 PM - before 9 PM,2
442569,2 PM - before 5 PM,4
442569,9 AM - before 11 AM,2
442574,Before 9 AM,2
442575,9 AM - before 11 AM,2
442581,5 PM - before 9 PM,4
442581,Before 9 AM,10
442585,5 PM - before 9 PM,3
442585,9 AM - before 11 AM,1
442634,9 AM - before 11 AM,12
442634,Before 9 AM,12
442635,9 AM - before 11 AM,12
442635,Before 9 AM,12
442636,9 AM - before 11 AM,12
442636,Before 9 AM,12
442637,5 PM - before 9 PM,3
442645,5 PM - before 9 PM,6
442645,9 AM - before 11 AM,6
442645,Before 9 AM,16
442655,9 PM or later,6
442749,5 PM - before 9 PM,3
442749,Before 9 AM,3
442776,Before 9 AM,4
442777,Before 9 AM,24
442778,Before 9 AM,3
442779,Before 9 AM,0
442780,Before 9 AM,0
442781,Before 9 AM,16
442832,5 PM - before 9 PM,4
442833,5 PM - before 9 PM,4
442834,2 PM - before 5 PM,0
442835,2 PM - before 5 PM,4
442836,2 PM - before 5 PM,7
442837,9 AM - before 11 AM,0
442838,5 PM - before 9 PM,4
442839,5 PM - before 9 PM,3
442854,11 AM - before 2 PM,7
442854,Before 9 AM,16
442944,2 PM - before 5 PM,3
442987,Before 9 AM,5
442995,Before 9 AM,0
443004,Before 9 AM,0
443016,5 PM - before 9 PM,3
443017,5 PM - before 9 PM,3
443018,Before 9 AM,3
443019,5 PM - before 9 PM,4
443082,2 PM - before 5 PM,1
443082,9 AM - before 11 AM,1
443082,Before 9 AM,1
443098,5 PM - before 9 PM,18
443098,9 AM - before 11 AM,2
443099,5 PM - before 9 PM,8
443099,Before 9 AM,24
443123,5 PM - before 9 PM,2
443151,Before 9 AM,25
443169,2 PM - before 5 PM,1
443169,Before 9 AM,1
443325,5 PM - before 9 PM,4
443325,Before 9 AM,1
443346,2 PM - before 5 PM,1
443346,9 AM - before 11 AM,2
443346,Before 9 AM,2
443362,5 PM - before 9 PM,10
443560,5 PM - before 9 PM,4
443561,5 PM - before 9 PM,4
443561,9 PM or later,2
443562,5 PM - before 9 PM,1
443563,11 AM - before 2 PM,1
443563,5 PM - before 9 PM,1
443564,5 PM - before 9 PM,1
443565,11 AM - before 2 PM,4
443565,5 PM - before 9 PM,3
443566,5 PM - before 9 PM,0
443567,5 PM - before 9 PM,8
443588,5 PM - before 9 PM,6
443589,9 AM - before 11 AM,2
443589,Before 9 AM,3
443590,2 PM - before 5 PM,3
443590,Before 9 AM,2
443595,5 PM - before 9 PM,0
443595,Before 9 AM,1
443607,5 PM - before 9 PM,3
443607,9 PM or later,3
443608,5 PM - before 9 PM,2
443608,9 PM or later,2
443609,5 PM - before 9 PM,4
443610,5 PM - before 9 PM,4
443611,5 PM - before 9 PM,2
443611,9 PM or later,2
443612,5 PM - before 9 PM,3
443612,9 PM or later,1
443612,Before 9 AM,3
443620,Before 9 AM,2
443621,Before 9 AM,4
443622,5 PM - before 9 PM,2
443623,5 PM - before 9 PM,2
443624,5 PM - before 9 PM,2
443625,5 PM - before 9 PM,2
443626,5 PM - before 9 PM,2
443626,Before 9 AM,1
443627,5 PM - before 9 PM,2
443627,Before 9 AM,6
443632,11 AM - before 2 PM,2
443632,Before 9 AM,4
443633,5 PM - before 9 PM,1
443633,9 PM or later,1
443634,5 PM - before 9 PM,10
443635,5 PM - before 9 PM,1
443635,9 PM or later,3
443636,5 PM - before 9 PM,4
443636,9 AM - before 11 AM,8
443647,5 PM - before 9 PM,2
443648,5 PM - before 9 PM,4
443649,5 PM - before 9 PM,3
443650,5 PM - before 9 PM,1
443652,5 PM - before 9 PM,1
443653,2 PM - before 5 PM,3
443654,5 PM - before 9 PM,1
443654,Before 9 AM,2
443655,5 PM - before 9 PM,0
443655,9 AM - before 11 AM,1
443655,Before 9 AM,1
443657,11 AM - before 2 PM,2
443657,5 PM - before 9 PM,4
443658,5 PM - before 9 PM,1
443659,5 PM - before 9 PM,4
443660,11 AM - before 2 PM,1
443660,5 PM - before 9 PM,2
443696,Before 9 AM,6
443697,Before 9 AM,24
443700,Before 9 AM,4
443711,5 PM - before 9 PM,0
443712,5 PM - before 9 PM,0
443713,5 PM - before 9 PM,2
443720,5 PM - before 9 PM,1
443721,2 PM - before 5 PM,2
443721,5 PM - before 9 PM,0
443721,9 AM - before 11 AM,2
443722,5 PM - before 9 PM,0
443723,5 PM - before 9 PM,0
443723,9 AM - before 11 AM,1
443724,2 PM - before 5 PM,2
443724,5 PM - before 9 PM,2
443725,5 PM - before 9 PM,0
443726,2 PM - before 5 PM,0
443726,5 PM - before 9 PM,1
443727,5 PM - before 9 PM,3
443727,9 AM - before 11 AM,3
443728,5 PM - before 9 PM,0
443729,5 PM - before 9 PM,1
443730,5 PM - before 9 PM,2
443730,9 AM - before 11 AM,2
443731,5 PM - before 9 PM,1
443734,5 PM - before 9 PM,4
443734,Before 9 AM,2
443735,11 AM - before 2 PM,4
443736,5 PM - before 9 PM,1
443736,9 PM or later,1
443737,11 AM - before 2 PM,2
443737,5 PM - before 9 PM,0
443747,5 PM - before 9 PM,1
443747,Before 9 AM,1
443758,5 PM - before 9 PM,4
443758,Before 9 AM,5
443798,Before 9 AM,2
443814,Before 9 AM,10
443841,11 AM - before 2 PM,12
443841,5 PM - before 9 PM,10
443867,Before 9 AM,0
443886,Before 9 AM,16
443914,11 AM - before 2 PM,1
443966,Before 9 AM,4
443980,Before 9 AM,18
443984,Before 9 AM,0
443997,2 PM - before 5 PM,1
443997,5 PM - before 9 PM,2
443997,9 AM - before 11 AM,2
443998,5 PM - before 9 PM,0
443999,2 PM - before 5 PM,2
443999,5 PM - before 9 PM,0
443999,9 AM - before 11 AM,2
444000,5 PM - before 9 PM,1
444016,9 AM - before 11 AM,2
444023,Before 9 AM,2
444075,Before 9 AM,3
444076,5 PM - before 9 PM,7
444077,2 PM - before 5 PM,6
444077,5 PM - before 9 PM,4
444078,2 PM - before 5 PM,2
444078,9 AM - before 11 AM,2
444079,5 PM - before 9 PM,2
444080,Before 9 AM,3
444081,5 PM - before 9 PM,0
444081,Before 9 AM,0
444098,5 PM - before 9 PM,9
444098,Before 9 AM,6
444108,5 PM - before 9 PM,4
444110,Before 9 AM,1
444116,Before 9 AM,25
444176,5 PM - before 9 PM,0
444177,5 PM - before 9 PM,2
444177,9 PM or later,1
444177,Before 9 AM,1
444184,Before 9 AM,18
444221,Before 9 AM,24
444227,5 PM - before 9 PM,0
444227,Before 9 AM,0
444303,5 PM - before 9 PM,1
444388,5 PM - before 9 PM,0
444411,2 PM - before 5 PM,3
444411,5 PM - before 9 PM,0
444411,9 AM - before 11 AM,3
444425,5 PM - before 9 PM,2
444425,9 AM - before 11 AM,2
444439,Before 9 AM,4
444441,Before 9 AM,24
444443,Before 9 AM,24
444444,Before 9 AM,24
444445,Before 9 AM,24
444447,2 PM - before 5 PM,5
444447,5 PM - before 9 PM,8
444447,Before 9 AM,11
444448,9 AM - before 11 AM,12
444448,Before 9 AM,12
444449,9 AM - before 11 AM,12
444449,Before 9 AM,12
444450,9 AM - before 11 AM,12
444450,Before 9 AM,12
444451,Before 9 AM,24
444452,Before 9 AM,24
444453,Before 9 AM,24
444454,Before 9 AM,24
444455,5 PM - before 9 PM,2
444456,9 AM - before 11 AM,2
444457,5 PM - before 9 PM,1
444458,5 PM - before 9 PM,6
444459,5 PM - before 9 PM,0
444460,2 PM - before 5 PM,2
444462,9 AM - before 11 AM,3
444463,5 PM - before 9 PM,3
444464,5 PM - before 9 PM,1
444474,2 PM - before 5 PM,3
444474,Before 9 AM,5
444516,5 PM - before 9 PM,2
444539,Before 9 AM,22
444553,Before 9 AM,8
444561,5 PM - before 9 PM,9
444562,Before 9 AM,24
444566,Before 9 AM,4
444568,5 PM - before 9 PM,3
444568,Before 9 AM,6
444570,Before 9 AM,3
444588,Before 9 AM,4
444589,5 PM - before 9 PM,25
444589,Before 9 AM,25
444590,Before 9 AM,25
444591,Before 9 AM,4
444592,Before 9 AM,20
444593,Before 9 AM,5
444594,5 PM - before 9 PM,4
444595,5 PM - before 9 PM,12
444596,Before 9 AM,12
444597,Before 9 AM,26
444600,Before 9 AM,12
444601,Before 9 AM,26
444603,5 PM - before 9 PM,8
444604,5 PM - before 9 PM,8
444610,2 PM - before 5 PM,2
444610,Before 9 AM,2
444611,Before 9 AM,6
444613,5 PM - before 9 PM,4
444613,Before 9 AM,4
444616,Before 9 AM,24
444617,Before 9 AM,24
444620,Before 9 AM,24
444631,5 PM - before 9 PM,4
444632,Before 9 AM,0
444633,2 PM - before 5 PM,2
444633,9 AM - before 11 AM,2
444635,5 PM - before 9 PM,2
444636,5 PM - before 9 PM,10
444646,5 PM - before 9 PM,4
444664,Before 9 AM,4
444669,5 PM - before 9 PM,6
444670,5 PM - before 9 PM,0
444671,5 PM - before 9 PM,4
444671,Before 9 AM,4
444672,5 PM - before 9 PM,2
444672,9 AM - before 11 AM,4
444672,9 PM or later,1
444673,5 PM - before 9 PM,5
444673,9 AM - before 11 AM,5
444674,11 AM - before 2 PM,2
444674,9 PM or later,3
444674,Before 9 AM,5
444675,5 PM - before 9 PM,2
444675,9 PM or later,2
444676,5 PM - before 9 PM,4
444677,5 PM - before 9 PM,3
444677,9 PM or later,1
444678,5 PM - before 9 PM,4
444678,Before 9 AM,6
444679,5 PM - before 9 PM,2
444680,5 PM - before 9 PM,4
444680,Before 9 AM,8
444681,5 PM - before 9 PM,3
444682,11 AM - before 2 PM,3
444682,5 PM - before 9 PM,7
444685,2 PM - before 5 PM,9
444685,Before 9 AM,16
444693,5 PM - before 9 PM,6
444695,11 AM - before 2 PM,2
444696,2 PM - before 5 PM,1
444696,5 PM - before 9 PM,0
444699,Before 9 AM,8
444706,Before 9 AM,15
444707,5 PM - before 9 PM,6
444713,5 PM - before 9 PM,4
444714,9 AM - before 11 AM,1
444729,9 AM - before 11 AM,4
444736,Before 9 AM,1
444758,Before 9 AM,5
444763,5 PM - before 9 PM,8
444766,Before 9 AM,10
444823,2 PM - before 5 PM,8
444824,5 PM - before 9 PM,3
444824,9 PM or later,2
444888,5 PM - before 9 PM,6
444888,Before 9 AM,3
444914,2 PM - before 5 PM,16
444914,Before 9 AM,21
444953,Before 9 AM,5
444955,5 PM - before 9 PM,4
444963,Before 9 AM,24
444964,Before 9 AM,24
444974,5 PM - before 9 PM,11
444986,Before 9 AM,12
445000,11 AM - before 2 PM,3
445000,5 PM - before 9 PM,3
445000,9 PM or later,1
445031,5 PM - before 9 PM,6
445033,5 PM - before 9 PM,6
445034,5 PM - before 9 PM,0
445035,5 PM - before 9 PM,0
445036,5 PM - before 9 PM,0
445038,Before 9 AM,24
445059,5 PM - before 9 PM,3
445062,5 PM - before 9 PM,4
445098,Before 9 AM,3
445099,5 PM - before 9 PM,2
445099,Before 9 AM,2
445100,Before 9 AM,25
445104,2 PM - before 5 PM,0
445105,Before 9 AM,4
445106,Before 9 AM,0
445125,11 AM - before 2 PM,2
445125,5 PM - before 9 PM,2
445173,2 PM - before 5 PM,10
445173,5 PM - before 9 PM,4
445173,9 PM or later,6
445202,Before 9 AM,18
445208,Before 9 AM,24
445209,Before 9 AM,24
445210,2 PM - before 5 PM,0
445216,5 PM - before 9 PM,5
445217,5 PM - before 9 PM,3
445252,5 PM - before 9 PM,8
445263,Before 9 AM,12
445264,Before 9 AM,4
445272,Before 9 AM,5
445293,Before 9 AM,4
445294,5 PM - before 9 PM,3
445294,Before 9 AM,2
445295,5 PM - before 9 PM,4
445295,Before 9 AM,12
445296,5 PM - before 9 PM,2
445297,5 PM - before 9 PM,0
445298,5 PM - before 9 PM,2
445299,5 PM - before 9 PM,3
445300,Before 9 AM,20
445301,Before 9 AM,4
445302,9 AM - before 11 AM,2
445302,Before 9 AM,6
445303,2 PM - before 5 PM,4
445303,5 PM - before 9 PM,3
445304,2 PM - before 5 PM,2
445304,5 PM - before 9 PM,2
445305,5 PM - before 9 PM,1
445305,9 AM - before 11 AM,4
445306,2 PM - before 5 PM,3
445306,5 PM - before 9 PM,4
445306,Before 9 AM,3
445307,5 PM - before 9 PM,2
445307,9 AM - before 11 AM,4
445307,Before 9 AM,8
445308,5 PM - before 9 PM,3
445308,Before 9 AM,2
445309,Before 9 AM,5
445310,5 PM - before 9 PM,2
445311,Before 9 AM,18
445312,Before 9 AM,2
445313,Before 9 AM,6
445323,5 PM - before 9 PM,2
445324,9 PM or later,2
445325,5 PM - before 9 PM,2
445326,Before 9 AM,2
445327,5 PM - before 9 PM,3
445328,5 PM - before 9 PM,2
445328,Before 9 AM,0
445329,5 PM - before 9 PM,2
445330,5 PM - before 9 PM,0
445330,Before 9 AM,0
445331,5 PM - before 9 PM,0
445331,Before 9 AM,2
445332,Before 9 AM,3
445333,Before 9 AM,0
445334,5 PM - before 9 PM,5
445334,Before 9 AM,1
445335,5 PM - before 9 PM,3
445336,5 PM - before 9 PM,2
445337,5 PM - before 9 PM,8
445337,Before 9 AM,8
445338,5 PM - before 9 PM,3
445338,Before 9 AM,2
445339,5 PM - before 9 PM,11
445339,Before 9 AM,14
445340,Before 9 AM,10
445358,Before 9 AM,24
445360,5 PM - before 9 PM,2
445371,11 AM - before 2 PM,10
445381,5 PM - before 9 PM,1
445381,9 AM - before 11 AM,1
445381,9 PM or later,1
445393,Before 9 AM,6
445394,5 PM - before 9 PM,1
445414,Before 9 AM,4
445482,Before 9 AM,3
445517,2 PM - before 5 PM,5
445517,Before 9 AM,4
445524,Before 9 AM,0
445552,2 PM - before 5 PM,25
445552,Before 9 AM,25
445606,9 AM - before 11 AM,0
445607,5 PM - before 9 PM,3
445662,5 PM - before 9 PM,6
445676,Before 9 AM,6
445699,9 AM - before 11 AM,0
445717,5 PM - before 9 PM,10
445717,Before 9 AM,11
445756,5 PM - before 9 PM,5
445756,9 PM or later,3
445812,5 PM - before 9 PM,1
445818,5 PM - before 9 PM,1
445819,2 PM - before 5 PM,1
445819,Before 9 AM,24
445831,9 PM or later,2
445831,Before 9 AM,5
445834,Before 9 AM,4
445853,9 AM - before 11 AM,3
445853,Before 9 AM,1
445855,9 AM - before 11 AM,2
445855,Before 9 AM,2
445860,11 AM - before 2 PM,3
445860,5 PM - before 9 PM,1
445864,5 PM - before 9 PM,4
445884,5 PM - before 9 PM,7
445884,9 AM - before 11 AM,8
445912,5 PM - before 9 PM,3
445913,5 PM - before 9 PM,1
445914,5 PM - before 9 PM,12
445926,5 PM - before 9 PM,0
445926,9 AM - before 11 AM,2
445926,Before 9 AM,1
445951,Before 9 AM,3
445969,5 PM - before 9 PM,4
445982,11 AM - before 2 PM,4
445986,9 AM - before 11 AM,0
445991,Before 9 AM,24
446009,Before 9 AM,0
446018,Before 9 AM,9
446036,5 PM - before 9 PM,1
446036,9 AM - before 11 AM,1
446046,Before 9 AM,25
446067,Before 9 AM,3
446075,5 PM - before 9 PM,8
446092,5 PM - before 9 PM,1
446094,2 PM - before 5 PM,4
446096,5 PM - before 9 PM,0
446100,Before 9 AM,24
446107,5 PM - before 9 PM,2
446136,2 PM - before 5 PM,25
446136,Before 9 AM,25
446158,5 PM - before 9 PM,0
446160,5 PM - before 9 PM,3
446167,Before 9 AM,4
446169,5 PM - before 9 PM,0
446173,Before 9 AM,26
446177,5 PM - before 9 PM,0
446179,5 PM - before 9 PM,4
446179,9 AM - before 11 AM,2
446181,2 PM - before 5 PM,4
446184,11 AM - before 2 PM,4
446184,5 PM - before 9 PM,12
446187,5 PM - before 9 PM,4
446187,Before 9 AM,7
446193,5 PM - before 9 PM,2
446193,9 AM - before 11 AM,2
446195,5 PM - before 9 PM,1
446196,5 PM - before 9 PM,3
446197,2 PM - before 5 PM,2
446197,5 PM - before 9 PM,3
446209,Before 9 AM,27
446215,Before 9 AM,26
446216,Before 9 AM,26
446228,Before 9 AM,3
446235,9 AM - before 11 AM,3
446235,Before 9 AM,3
446236,5 PM - before 9 PM,2
446236,Before 9 AM,3
446238,5 PM - before 9 PM,3
446245,11 AM - before 2 PM,1
446245,5 PM - before 9 PM,1
446250,9 AM - before 11 AM,2
446251,5 PM - before 9 PM,3
446254,5 PM - before 9 PM,0
446258,Before 9 AM,26
446260,5 PM - before 9 PM,0
446265,Before 9 AM,6
446281,5 PM - before 9 PM,4
446281,Before 9 AM,20
446284,5 PM - before 9 PM,7
446284,Before 9 AM,9
446290,11 AM - before 2 PM,2
446290,Before 9 AM,1
446292,5 PM - before 9 PM,3
446300,Before 9 AM,24
446301,2 PM - before 5 PM,4
446305,2 PM - before 5 PM,4
446316,5 PM - before 9 PM,0
446316,Before 9 AM,1
446336,2 PM - before 5 PM,2
446336,5 PM - before 9 PM,0
446336,9 AM - before 11 AM,2
446343,5 PM - before 9 PM,0
446355,Before 9 AM,6
446358,5 PM - before 9 PM,1
446358,9 AM - before 11 AM,1
446369,2 PM - before 5 PM,0
446369,5 PM - before 9 PM,1
446380,5 PM - before 9 PM,2
446381,5 PM - before 9 PM,3
446381,9 AM - before 11 AM,2
446390,5 PM - before 9 PM,1
446390,9 PM or later,2
446400,5 PM - before 9 PM,1
446400,9 AM - before 11 AM,2
446400,Before 9 AM,2
446408,9 PM or later,1
446437,5 PM - before 9 PM,24
446445,5 PM - before 9 PM,2
446446,11 AM - before 2 PM,2
446446,5 PM - before 9 PM,3
446447,11 AM - before 2 PM,3
446447,5 PM - before 9 PM,12
446448,5 PM - before 9 PM,0
446449,11 AM - before 2 PM,2
446449,5 PM - before 9 PM,2
446450,5 PM - before 9 PM,7
446463,5 PM - before 9 PM,4
446465,Before 9 AM,1
446474,5 PM - before 9 PM,0
446489,Before 9 AM,26
446491,11 AM - before 2 PM,1
446491,2 PM - before 5 PM,3
446491,5 PM - before 9 PM,4
446491,Before 9 AM,24
446501,5 PM - before 9 PM,4
446501,Before 9 AM,21
446503,5 PM - before 9 PM,6
446505,11 AM - before 2 PM,2
446505,5 PM - before 9 PM,2
446511,Before 9 AM,4
446517,5 PM - before 9 PM,3
446517,Before 9 AM,3
446524,Before 9 AM,4
446545,11 AM - before 2 PM,2
446545,5 PM - before 9 PM,3
446545,9 AM - before 11 AM,5
446554,5 PM - before 9 PM,2
446563,11 AM - before 2 PM,4
446563,5 PM - before 9 PM,4
446584,Before 9 AM,25
446601,5 PM - before 9 PM,0
446634,5 PM - before 9 PM,5
446649,2 PM - before 5 PM,25
446649,Before 9 AM,26
446665,5 PM - before 9 PM,0
446665,Before 9 AM,25
446669,5 PM - before 9 PM,1
446691,5 PM - before 9 PM,2
446701,5 PM - before 9 PM,3
446712,5 PM - before 9 PM,7
446714,5 PM - before 9 PM,1
446714,9 PM or later,1
446715,9 AM - before 11 AM,2
446729,9 AM - before 11 AM,0
446739,5 PM - before 9 PM,0
446739,Before 9 AM,2
446818,5 PM - before 9 PM,2
446818,Before 9 AM,4
446819,5 PM - before 9 PM,0
446819,9 AM - before 11 AM,5
446819,Before 9 AM,8
446820,5 PM - before 9 PM,5
446821,5 PM - before 9 PM,0
446821,Before 9 AM,8
446822,5 PM - before 9 PM,1
446822,9 PM or later,1
446822,Before 9 AM,2
446823,5 PM - before 9 PM,5
446823,9 AM - before 11 AM,3
446833,5 PM - before 9 PM,1
446859,11 AM - before 2 PM,2
446859,2 PM - before 5 PM,2
446863,5 PM - before 9 PM,25
446866,Before 9 AM,4
446867,Before 9 AM,3
446868,5 PM - before 9 PM,0
446869,Before 9 AM,2
446870,Before 9 AM,2
446871,5 PM - before 9 PM,3
446871,Before 9 AM,17
446872,Before 9 AM,3
446873,Before 9 AM,2
446874,5 PM - before 9 PM,2
446875,5 PM - before 9 PM,4
446877,5 PM - before 9 PM,2
446877,9 PM or later,1
446878,Before 9 AM,25
446879,5 PM - before 9 PM,0
446880,5 PM - before 9 PM,2
446881,5 PM - before 9 PM,0
446882,5 PM - before 9 PM,5
446883,5 PM - before 9 PM,3
446884,Before 9 AM,10
446907,5 PM - before 9 PM,5
446908,Before 9 AM,8
446926,Before 9 AM,24
446931,Before 9 AM,12
447005,5 PM - before 9 PM,8
447005,Before 9 AM,12
447016,5 PM - before 9 PM,2
447016,Before 9 AM,3
447018,5 PM - before 9 PM,3
447018,9 PM or later,2
447066,5 PM - before 9 PM,0
447076,5 PM - before 9 PM,8
447107,5 PM - before 9 PM,1
447107,9 AM - before 11 AM,1
447107,Before 9 AM,2
447139,5 PM - before 9 PM,0
447139,Before 9 AM,1
447179,2 PM - before 5 PM,1
447179,Before 9 AM,24
447251,9 AM - before 11 AM,3
447253,Before 9 AM,23
447262,Before 9 AM,0
447275,5 PM - before 9 PM,4
447327,5 PM - before 9 PM,7
447327,Before 9 AM,16
447328,5 PM - before 9 PM,2
447335,Before 9 AM,8
447338,2 PM - before 5 PM,3
447338,5 PM - before 9 PM,6
447349,2 PM - before 5 PM,1
447349,5 PM - before 9 PM,1
447349,9 PM or later,1
447355,5 PM - before 9 PM,4
447367,5 PM - before 9 PM,2
447415,11 AM - before 2 PM,8
447415,Before 9 AM,2
447419,5 PM - before 9 PM,4
447419,Before 9 AM,5
447439,5 PM - before 9 PM,2
447439,9 AM - before 11 AM,1
447444,5 PM - before 9 PM,4
447506,11 AM - before 2 PM,4
447531,Before 9 AM,3
447544,5 PM - before 9 PM,1
447563,Before 9 AM,26
447572,Before 9 AM,12
447607,2 PM - before 5 PM,25
447607,Before 9 AM,25
447618,5 PM - before 9 PM,4
447619,5 PM - before 9 PM,3
447619,Before 9 AM,4
447625,5 PM - before 9 PM,3
447639,2 PM - before 5 PM,2
447639,Before 9 AM,23
447651,5 PM - before 9 PM,2
447651,Before 9 AM,4
447652,5 PM - before 9 PM,2
447653,5 PM - before 9 PM,3
447654,5 PM - before 9 PM,5
447655,Before 9 AM,25
447657,2 PM - before 5 PM,3
447658,5 PM - before 9 PM,2
447658,Before 9 AM,2
447660,Before 9 AM,2
447662,Before 9 AM,10
447664,2 PM - before 5 PM,1
447664,5 PM - before 9 PM,1
447667,11 AM - before 2 PM,2
447667,5 PM - before 9 PM,3
447669,5 PM - before 9 PM,4
447678,5 PM - before 9 PM,1
447685,5 PM - before 9 PM,6
447687,2 PM - before 5 PM,3
447687,9 AM - before 11 AM,3
447691,5 PM - before 9 PM,3
447691,Before 9 AM,3
447693,5 PM - before 9 PM,3
447696,5 PM - before 9 PM,1
447701,5 PM - before 9 PM,2
447702,5 PM - before 9 PM,2
447702,9 AM - before 11 AM,0
447706,5 PM - before 9 PM,10
447706,Before 9 AM,25
447712,5 PM - before 9 PM,2
447716,5 PM - before 9 PM,14
447716,Before 9 AM,13
447717,5 PM - before 9 PM,1
447720,11 AM - before 2 PM,4
447722,5 PM - before 9 PM,5
447722,Before 9 AM,7
447726,5 PM - before 9 PM,4
447726,Before 9 AM,2
447731,5 PM - before 9 PM,3
447736,2 PM - before 5 PM,4
447737,5 PM - before 9 PM,2
447737,Before 9 AM,2
447742,5 PM - before 9 PM,4
447748,9 AM - before 11 AM,5
447748,Before 9 AM,22
447753,9 AM - before 11 AM,0
447760,5 PM - before 9 PM,4
447767,5 PM - before 9 PM,5
447767,9 PM or later,2
447770,11 AM - before 2 PM,3
447770,2 PM - before 5 PM,1
447770,5 PM - before 9 PM,4
447773,5 PM - before 9 PM,2
447783,Before 9 AM,0
447788,5 PM - before 9 PM,1
447796,5 PM - before 9 PM,1
447796,Before 9 AM,1
447816,11 AM - before 2 PM,3
447816,Before 9 AM,1
447857,5 PM - before 9 PM,0
447924,11 AM - before 2 PM,2
447924,Before 9 AM,3
447928,Before 9 AM,4
447933,11 AM - before 2 PM,1
447933,5 PM - before 9 PM,2
447945,5 PM - before 9 PM,2
447955,Before 9 AM,25
447981,5 PM - before 9 PM,2
447984,11 AM - before 2 PM,0
447984,2 PM - before 5 PM,1
447984,5 PM - before 9 PM,3
447984,Before 9 AM,2
447986,Before 9 AM,12
447989,2 PM - before 5 PM,4
447989,5 PM - before 9 PM,6
447991,5 PM - before 9 PM,5
447992,5 PM - before 9 PM,2
447992,Before 9 AM,1
447995,5 PM - before 9 PM,1
448001,Before 9 AM,24
448004,5 PM - before 9 PM,5
448004,9 AM - before 11 AM,2
448031,5 PM - before 9 PM,0
448051,Before 9 AM,0
448071,11 AM - before 2 PM,2
448071,5 PM - before 9 PM,0
448073,11 AM - before 2 PM,3
448073,2 PM - before 5 PM,1
448073,5 PM - before 9 PM,3
448079,5 PM - before 9 PM,1
448079,9 AM - before 11 AM,1
448085,Before 9 AM,4
448113,5 PM - before 9 PM,2
448116,5 PM - before 9 PM,0
448117,Before 9 AM,25
448120,2 PM - before 5 PM,3
448120,9 AM - before 11 AM,3
448123,5 PM - before 9 PM,4
448125,5 PM - before 9 PM,0
448133,5 PM - before 9 PM,2
448144,5 PM - before 9 PM,20
448161,2 PM - before 5 PM,4
448213,5 PM - before 9 PM,3
448214,5 PM - before 9 PM,3
448215,5 PM - before 9 PM,2
448215,Before 9 AM,2
448216,Before 9 AM,0
448217,5 PM - before 9 PM,2
448219,2 PM - before 5 PM,9
448219,5 PM - before 9 PM,1
448220,2 PM - before 5 PM,2
448220,Before 9 AM,10
448221,2 PM - before 5 PM,6
448222,5 PM - before 9 PM,1
448223,9 AM - before 11 AM,2
448224,Before 9 AM,2
448225,Before 9 AM,2
448243,9 AM - before 11 AM,4
448245,Before 9 AM,0
448258,Before 9 AM,6
448259,5 PM - before 9 PM,1
448259,Before 9 AM,9
448260,Before 9 AM,11
448261,5 PM - before 9 PM,4
448261,Before 9 AM,0
448271,9 AM - before 11 AM,4
448298,5 PM - before 9 PM,5
448300,5 PM - before 9 PM,6
448300,9 PM or later,3
448349,5 PM - before 9 PM,0
448349,Before 9 AM,0
448393,Before 9 AM,1
448417,5 PM - before 9 PM,0
448417,Before 9 AM,1
448467,2 PM - before 5 PM,2
448467,5 PM - before 9 PM,1
448487,11 AM - before 2 PM,9
448487,Before 9 AM,0
448502,Before 9 AM,26
448508,5 PM - before 9 PM,2
448508,9 AM - before 11 AM,4
448524,5 PM - before 9 PM,3
448536,5 PM - before 9 PM,7
448578,5 PM - before 9 PM,2
448578,Before 9 AM,2
448587,5 PM - before 9 PM,3
448587,9 AM - before 11 AM,4
448613,11 AM - before 2 PM,4
448613,2 PM - before 5 PM,4
448637,2 PM - before 5 PM,2
448637,Before 9 AM,2
448644,5 PM - before 9 PM,7
448644,Before 9 AM,26
448666,2 PM - before 5 PM,1
448681,Before 9 AM,7
448689,5 PM - before 9 PM,1
448689,9 AM - before 11 AM,0
448694,5 PM - before 9 PM,1
448729,5 PM - before 9 PM,0
448729,9 AM - before 11 AM,2
448729,Before 9 AM,2
448732,5 PM - before 9 PM,3
448822,Before 9 AM,10
448824,9 AM - before 11 AM,9
448832,11 AM - before 2 PM,6
448833,5 PM - before 9 PM,2
448845,2 PM - before 5 PM,11
448845,Before 9 AM,10
448859,11 AM - before 2 PM,1
448859,5 PM - before 9 PM,4
448859,Before 9 AM,5
448895,5 PM - before 9 PM,1
448896,5 PM - before 9 PM,5
448897,5 PM - before 9 PM,4
448898,11 AM - before 2 PM,2
448898,5 PM - before 9 PM,2
448899,2 PM - before 5 PM,2
448899,5 PM - before 9 PM,2
448902,2 PM - before 5 PM,2
448902,5 PM - before 9 PM,2
448902,9 AM - before 11 AM,2
448908,5 PM - before 9 PM,4
448915,9 AM - before 11 AM,24
448920,Before 9 AM,17
448924,5 PM - before 9 PM,5
448930,5 PM - before 9 PM,4
448940,Before 9 AM,3
448946,5 PM - before 9 PM,3
448946,Before 9 AM,18
448955,5 PM - before 9 PM,4
448961,Before 9 AM,7
448964,5 PM - before 9 PM,2
448966,5 PM - before 9 PM,2
448968,5 PM - before 9 PM,3
448972,2 PM - before 5 PM,2
448972,5 PM - before 9 PM,3
448973,Before 9 AM,24
448984,2 PM - before 5 PM,1
448984,5 PM - before 9 PM,0
448984,Before 9 AM,2
448986,5 PM - before 9 PM,3
448989,11 AM - before 2 PM,0
448994,11 AM - before 2 PM,4
448994,5 PM - before 9 PM,4
449000,Before 9 AM,25
449001,Before 9 AM,0
449009,5 PM - before 9 PM,2
449018,Before 9 AM,3
449019,2 PM - before 5 PM,0
449019,5 PM - before 9 PM,1
449026,5 PM - before 9 PM,4
449031,5 PM - before 9 PM,2
449031,9 PM or later,2
449032,2 PM - before 5 PM,0
449032,Before 9 AM,0
449034,5 PM - before 9 PM,3
449036,5 PM - before 9 PM,4
449037,Before 9 AM,5
449038,11 AM - before 2 PM,4
449038,5 PM - before 9 PM,2
449059,2 PM - before 5 PM,6
449061,5 PM - before 9 PM,20
449067,5 PM - before 9 PM,0
449090,5 PM - before 9 PM,2
449090,Before 9 AM,24
449092,5 PM - before 9 PM,8
449103,Before 9 AM,27
449119,5 PM - before 9 PM,5
449127,5 PM - before 9 PM,3
449133,5 PM - before 9 PM,7
449133,9 AM - before 11 AM,8
449137,5 PM - before 9 PM,6
449143,Before 9 AM,25
449156,Before 9 AM,11
449249,5 PM - before 9 PM,5
449259,2 PM - before 5 PM,4
449259,5 PM - before 9 PM,5
449259,Before 9 AM,4
449270,11 AM - before 2 PM,6
449276,5 PM - before 9 PM,1
449279,5 PM - before 9 PM,0
449311,2 PM - before 5 PM,1
449311,5 PM - before 9 PM,1
449328,9 AM - before 11 AM,0
449340,11 AM - before 2 PM,2
449340,5 PM - before 9 PM,2
449355,2 PM - before 5 PM,1
449355,5 PM - before 9 PM,1
449421,Before 9 AM,25
449424,5 PM - before 9 PM,6
449424,Before 9 AM,3
449428,5 PM - before 9 PM,0
449429,5 PM - before 9 PM,0
449430,5 PM - before 9 PM,4
449459,9 AM - before 11 AM,0
449469,2 PM - before 5 PM,4
449470,5 PM - before 9 PM,4
449471,2 PM - before 5 PM,2
449472,9 AM - before 11 AM,4
449473,9 AM - before 11 AM,6
449474,Before 9 AM,0
449475,Before 9 AM,0
449477,5 PM - before 9 PM,0
449498,5 PM - before 9 PM,0
449498,Before 9 AM,4
449499,5 PM - before 9 PM,1
449500,5 PM - before 9 PM,1
449500,9 AM - before 11 AM,7
449501,9 PM or later,4
449501,Before 9 AM,3
449502,11 AM - before 2 PM,16
449502,5 PM - before 9 PM,0
449502,9 PM or later,1
449503,2 PM - before 5 PM,0
449503,5 PM - before 9 PM,2
449503,9 PM or later,4
449504,5 PM - before 9 PM,0
449504,9 PM or later,0
449505,2 PM - before 5 PM,3
449515,2 PM - before 5 PM,13
449515,9 AM - before 11 AM,16
449520,5 PM - before 9 PM,2
449533,5 PM - before 9 PM,0
449535,5 PM - before 9 PM,6
449556,9 AM - before 11 AM,8
449566,5 PM - before 9 PM,1
449566,9 AM - before 11 AM,5
449582,5 PM - before 9 PM,4
449584,2 PM - before 5 PM,5
449584,Before 9 AM,18
449587,5 PM - before 9 PM,0
449587,9 AM - before 11 AM,1
449622,2 PM - before 5 PM,0
449627,2 PM - before 5 PM,26
449627,Before 9 AM,26
449640,Before 9 AM,0
449653,5 PM - before 9 PM,1
449653,9 AM - before 11 AM,4
449668,Before 9 AM,18
449681,5 PM - before 9 PM,7
449682,5 PM - before 9 PM,4
449719,5 PM - before 9 PM,2
449727,5 PM - before 9 PM,3
449734,5 PM - before 9 PM,5
449746,Before 9 AM,5
449776,5 PM - before 9 PM,2
449777,5 PM - before 9 PM,0
449777,Before 9 AM,1
449796,5 PM - before 9 PM,2
449796,Before 9 AM,8
449797,11 AM - before 2 PM,0
449797,5 PM - before 9 PM,0
449797,Before 9 AM,2
449822,5 PM - before 9 PM,13
449822,9 PM or later,12
449830,9 AM - before 11 AM,4
449840,Before 9 AM,6
449869,Before 9 AM,0
449889,5 PM - before 9 PM,4
449889,Before 9 AM,4
449895,5 PM - before 9 PM,3
449895,Before 9 AM,2
449897,9 AM - before 11 AM,0
449897,9 PM or later,0
449904,5 PM - before 9 PM,4
449904,9 AM - before 11 AM,4
449969,5 PM - before 9 PM,8
449987,5 PM - before 9 PM,3
449992,2 PM - before 5 PM,1
449992,5 PM - before 9 PM,0
449993,11 AM - before 2 PM,5
449993,2 PM - before 5 PM,4
449994,5 PM - before 9 PM,1
449995,5 PM - before 9 PM,3
449995,Before 9 AM,15
449996,9 AM - before 11 AM,0
449997,5 PM - before 9 PM,2
450014,5 PM - before 9 PM,6
450014,9 AM - before 11 AM,3
450041,Before 9 AM,7
450050,5 PM - before 9 PM,1
450050,Before 9 AM,2
450075,5 PM - before 9 PM,2
450100,11 AM - before 2 PM,16
450100,5 PM - before 9 PM,8
450107,2 PM - before 5 PM,10
450107,5 PM - before 9 PM,10
450107,Before 9 AM,29
450119,5 PM - before 9 PM,4
450130,5 PM - before 9 PM,7
450135,11 AM - before 2 PM,2
450135,5 PM - before 9 PM,3
450135,9 AM - before 11 AM,5
450152,2 PM - before 5 PM,4
450152,Before 9 AM,21
450155,Before 9 AM,9
450157,2 PM - before 5 PM,26
450157,Before 9 AM,26
450158,5 PM - before 9 PM,2
450168,Before 9 AM,3
450170,2 PM - before 5 PM,6
450170,9 AM - before 11 AM,12
450171,2 PM - before 5 PM,0
450192,Before 9 AM,26
450201,5 PM - before 9 PM,5
450201,Before 9 AM,24
450217,5 PM - before 9 PM,24
450247,2 PM - before 5 PM,3
450247,5 PM - before 9 PM,4
450247,Before 9 AM,5
450252,5 PM - before 9 PM,2
450252,Before 9 AM,4
450259,5 PM - before 9 PM,2
450263,Before 9 AM,7
450311,5 PM - before 9 PM,2
450342,11 AM - before 2 PM,10
450342,Before 9 AM,15
450377,5 PM - before 9 PM,4
450377,Before 9 AM,4
450379,9 AM - before 11 AM,0
450399,Before 9 AM,8
450427,2 PM - before 5 PM,4
450427,5 PM - before 9 PM,4
450427,Before 9 AM,4
450460,5 PM - before 9 PM,8
450499,2 PM - before 5 PM,8
450499,9 AM - before 11 AM,8
450529,5 PM - before 9 PM,3
450529,Before 9 AM,24
450663,5 PM - before 9 PM,1
450663,Before 9 AM,1
450675,5 PM - before 9 PM,4
450692,5 PM - before 9 PM,3
450692,9 AM - before 11 AM,2
450698,Before 9 AM,0
450751,9 AM - before 11 AM,3
450753,5 PM - before 9 PM,3
450758,2 PM - before 5 PM,13
450758,9 AM - before 11 AM,24
450796,5 PM - before 9 PM,2
450796,Before 9 AM,2
450797,11 AM - before 2 PM,3
450797,5 PM - before 9 PM,3
450798,11 AM - before 2 PM,2
450798,2 PM - before 5 PM,2
450804,9 AM - before 11 AM,2
450805,5 PM - before 9 PM,10
450806,5 PM - before 9 PM,3
450806,9 AM - before 11 AM,1
450807,5 PM - before 9 PM,3
450807,9 AM - before 11 AM,3
450808,11 AM - before 2 PM,1
450808,5 PM - before 9 PM,1
450808,9 AM - before 11 AM,2
450809,5 PM - before 9 PM,4
450810,5 PM - before 9 PM,4
450810,Before 9 AM,4
450811,5 PM - before 9 PM,0
450812,2 PM - before 5 PM,3
450812,5 PM - before 9 PM,5
450818,5 PM - before 9 PM,4
450819,5 PM - before 9 PM,4
450828,5 PM - before 9 PM,3
450829,5 PM - before 9 PM,3
450829,Before 9 AM,4
450830,Before 9 AM,2
450832,5 PM - before 9 PM,0
450833,5 PM - before 9 PM,0
450834,5 PM - before 9 PM,2
450835,Before 9 AM,26
450869,Before 9 AM,8
450873,2 PM - before 5 PM,6
450932,5 PM - before 9 PM,1
450932,9 AM - before 11 AM,4
450932,Before 9 AM,2
450968,2 PM - before 5 PM,1
450968,5 PM - before 9 PM,0
450969,5 PM - before 9 PM,4
450970,5 PM - before 9 PM,2
450970,9 AM - before 11 AM,4
450971,5 PM - before 9 PM,0
450971,9 AM - before 11 AM,2
450972,9 AM - before 11 AM,3
450973,5 PM - before 9 PM,1
450990,5 PM - before 9 PM,5
450990,Before 9 AM,3
451008,5 PM - before 9 PM,4
451008,Before 9 AM,4
451010,2 PM - before 5 PM,18
451010,Before 9 AM,14
451026,5 PM - before 9 PM,3
451026,Before 9 AM,4
451044,5 PM - before 9 PM,1
451071,11 AM - before 2 PM,1
451071,Before 9 AM,6
451074,5 PM - before 9 PM,0
451074,Before 9 AM,3
451085,Before 9 AM,6
451087,Before 9 AM,24
451098,2 PM - before 5 PM,26
451098,5 PM - before 9 PM,0
451098,Before 9 AM,26
451105,9 AM - before 11 AM,25
451135,5 PM - before 9 PM,0
451135,Before 9 AM,0
451143,Before 9 AM,0
451147,Before 9 AM,4
451174,5 PM - before 9 PM,2
451174,Before 9 AM,24
451218,2 PM - before 5 PM,2
451218,5 PM - before 9 PM,3
451221,5 PM - before 9 PM,3
451221,Before 9 AM,4
451223,5 PM - before 9 PM,3
451223,9 AM - before 11 AM,2
451235,Before 9 AM,25
451240,11 AM - before 2 PM,6
451240,Before 9 AM,3
451250,2 PM - before 5 PM,5
451250,Before 9 AM,15
451273,5 PM - before 9 PM,22
451273,Before 9 AM,20
451332,2 PM - before 5 PM,4
451340,2 PM - before 5 PM,0
451343,Before 9 AM,4
451350,5 PM - before 9 PM,9
451351,5 PM - before 9 PM,3
451355,Before 9 AM,0
451356,5 PM - before 9 PM,0
451358,5 PM - before 9 PM,3
451358,Before 9 AM,4
451359,Before 9 AM,4
451360,5 PM - before 9 PM,2
451360,Before 9 AM,2
451364,Before 9 AM,10
451374,5 PM - before 9 PM,0
451384,5 PM - before 9 PM,4
451384,Before 9 AM,22
451389,5 PM - before 9 PM,8
451390,9 AM - before 11 AM,0
451391,9 AM - before 11 AM,0
451392,Before 9 AM,0
451393,5 PM - before 9 PM,0
451394,Before 9 AM,4
451395,Before 9 AM,8
451396,5 PM - before 9 PM,4
451397,5 PM - before 9 PM,0
451398,5 PM - before 9 PM,0
451399,2 PM - before 5 PM,1
451399,5 PM - before 9 PM,1
451409,11 AM - before 2 PM,1
451409,5 PM - before 9 PM,1
451409,9 PM or later,4
451410,5 PM - before 9 PM,1
451411,5 PM - before 9 PM,1
451412,5 PM - before 9 PM,3
451413,5 PM - before 9 PM,1
451420,5 PM - before 9 PM,1
451421,5 PM - before 9 PM,2
451422,5 PM - before 9 PM,4
451423,5 PM - before 9 PM,1
451424,5 PM - before 9 PM,1
451426,11 AM - before 2 PM,6
451426,Before 9 AM,10
451431,Before 9 AM,4
451438,5 PM - before 9 PM,1
451438,9 AM - before 11 AM,0
451438,Before 9 AM,1
451440,5 PM - before 9 PM,0
451440,Before 9 AM,10
451450,2 PM - before 5 PM,1
451450,5 PM - before 9 PM,2
451451,Before 9 AM,24
451454,11 AM - before 2 PM,21
451454,2 PM - before 5 PM,24
451454,Before 9 AM,43
451455,5 PM - before 9 PM,7
451455,Before 9 AM,26
451456,5 PM - before 9 PM,3
451456,Before 9 AM,2
451461,5 PM - before 9 PM,0
451462,5 PM - before 9 PM,4
451475,11 AM - before 2 PM,0
451475,2 PM - before 5 PM,2
451483,5 PM - before 9 PM,3
451483,Before 9 AM,6
451484,Before 9 AM,24
451486,Before 9 AM,24
451487,5 PM - before 9 PM,0
451494,Before 9 AM,10
451504,9 AM - before 11 AM,4
451512,Before 9 AM,4
451513,Before 9 AM,0
451523,Before 9 AM,15
451524,5 PM - before 9 PM,3
451530,Before 9 AM,30
451539,Before 9 AM,25
451540,9 AM - before 11 AM,0
451546,2 PM - before 5 PM,10
451546,5 PM - before 9 PM,8
451548,9 AM - before 11 AM,9
451568,5 PM - before 9 PM,3
451568,Before 9 AM,2
451569,Before 9 AM,14
451570,5 PM - before 9 PM,4
451571,5 PM - before 9 PM,3
451571,Before 9 AM,2
451578,2 PM - before 5 PM,17
451591,2 PM - before 5 PM,1
451591,5 PM - before 9 PM,1
451600,5 PM - before 9 PM,0
451600,Before 9 AM,25
451606,2 PM - before 5 PM,12
451623,2 PM - before 5 PM,2
451623,5 PM - before 9 PM,2
451624,11 AM - before 2 PM,4
451627,5 PM - before 9 PM,4
451628,5 PM - before 9 PM,4
451629,2 PM - before 5 PM,2
451629,5 PM - before 9 PM,1
451629,Before 9 AM,1
451693,9 AM - before 11 AM,21
451695,11 AM - before 2 PM,12
451701,5 PM - before 9 PM,2
451701,Before 9 AM,3
451715,2 PM - before 5 PM,20
451715,Before 9 AM,18
451718,Before 9 AM,5
451749,Before 9 AM,4
451750,2 PM - before 5 PM,24
451764,5 PM - before 9 PM,22
451764,Before 9 AM,20
451775,Before 9 AM,0
451815,2 PM - before 5 PM,2
451815,Before 9 AM,4
451839,5 PM - before 9 PM,1
451839,Before 9 AM,1
451840,2 PM - before 5 PM,1
451840,Before 9 AM,24
451841,9 AM - before 11 AM,2
451841,Before 9 AM,24
451842,2 PM - before 5 PM,3
451842,Before 9 AM,22
451843,11 AM - before 2 PM,4
451843,2 PM - before 5 PM,4
451843,9 AM - before 11 AM,2
451843,Before 9 AM,15
451845,9 AM - before 11 AM,2
451845,Before 9 AM,6
451846,5 PM - before 9 PM,2
451847,9 AM - before 11 AM,2
451847,Before 9 AM,2
451848,5 PM - before 9 PM,10
451849,5 PM - before 9 PM,0
451850,5 PM - before 9 PM,4
451850,Before 9 AM,4
451851,5 PM - before 9 PM,5
451851,9 PM or later,0
451852,5 PM - before 9 PM,3
451852,Before 9 AM,5
451853,9 AM - before 11 AM,0
451853,Before 9 AM,3
451855,5 PM - before 9 PM,2
451856,Before 9 AM,3
451857,5 PM - before 9 PM,1
451858,2 PM - before 5 PM,6
451858,Before 9 AM,6
451859,11 AM - before 2 PM,12
451859,Before 9 AM,12
451860,11 AM - before 2 PM,3
451860,5 PM - before 9 PM,3
451861,Before 9 AM,24
451862,11 AM - before 2 PM,12
451862,Before 9 AM,12
451863,2 PM - before 5 PM,7
451863,9 AM - before 11 AM,7
451870,5 PM - before 9 PM,2
451871,2 PM - before 5 PM,3
451872,5 PM - before 9 PM,4
451873,Before 9 AM,3
451874,5 PM - before 9 PM,5
451874,9 AM - before 11 AM,5
451875,5 PM - before 9 PM,6
451875,9 AM - before 11 AM,1
451876,5 PM - before 9 PM,3
451877,5 PM - before 9 PM,4
451878,5 PM - before 9 PM,3
451879,5 PM - before 9 PM,4
451880,5 PM - before 9 PM,3
451880,9 AM - before 11 AM,6
451881,5 PM - before 9 PM,5
451888,5 PM - before 9 PM,4
451889,5 PM - before 9 PM,5
451889,9 AM - before 11 AM,5
451890,9 PM or later,4
451891,5 PM - before 9 PM,0
451892,5 PM - before 9 PM,0
451893,5 PM - before 9 PM,2
451894,5 PM - before 9 PM,1
451894,9 PM or later,1
451895,Before 9 AM,26
451896,2 PM - before 5 PM,1
451896,9 AM - before 11 AM,3
451897,5 PM - before 9 PM,3
451898,5 PM - before 9 PM,10
451898,Before 9 AM,16
451899,5 PM - before 9 PM,1
451900,5 PM - before 9 PM,0
451901,2 PM - before 5 PM,2
451901,5 PM - before 9 PM,2
451901,9 AM - before 11 AM,2
451902,9 AM - before 11 AM,0
451903,5 PM - before 9 PM,0
451904,5 PM - before 9 PM,1
451905,5 PM - before 9 PM,2
451906,5 PM - before 9 PM,5
451907,5 PM - before 9 PM,0
451908,5 PM - before 9 PM,1
451909,2 PM - before 5 PM,0
451909,9 AM - before 11 AM,1
451910,5 PM - before 9 PM,3
451910,9 AM - before 11 AM,2
451911,5 PM - before 9 PM,4
451912,2 PM - before 5 PM,2
451912,5 PM - before 9 PM,2
451913,5 PM - before 9 PM,0
451914,5 PM - before 9 PM,2
451916,9 AM - before 11 AM,0
451918,Before 9 AM,5
451935,2 PM - before 5 PM,1
451935,9 PM or later,1
451935,Before 9 AM,24
451936,9 PM or later,2
451937,2 PM - before 5 PM,2
451938,9 AM - before 11 AM,10
451939,2 PM - before 5 PM,4
451941,5 PM - before 9 PM,1
451979,5 PM - before 9 PM,6
451979,Before 9 AM,9
451999,5 PM - before 9 PM,3
452000,5 PM - before 9 PM,1
452001,5 PM - before 9 PM,0
452002,5 PM - before 9 PM,3
452009,9 AM - before 11 AM,4
452012,5 PM - before 9 PM,4
452014,Before 9 AM,11
452038,5 PM - before 9 PM,1
452038,Before 9 AM,24
452039,5 PM - before 9 PM,4
452047,5 PM - before 9 PM,2
452047,Before 9 AM,24
452079,11 AM - before 2 PM,4
452079,5 PM - before 9 PM,6
452079,Before 9 AM,11
452087,2 PM - before 5 PM,1
452087,Before 9 AM,1
452095,5 PM - before 9 PM,4
452098,2 PM - before 5 PM,4
452099,5 PM - before 9 PM,4
452108,9 AM - before 11 AM,26
452125,11 AM - before 2 PM,3
452125,5 PM - before 9 PM,1
452134,5 PM - before 9 PM,4
452162,11 AM - before 2 PM,5
452162,Before 9 AM,5
452199,5 PM - before 9 PM,3
452225,5 PM - before 9 PM,4
452235,5 PM - before 9 PM,11
452235,Before 9 AM,11
452239,5 PM - before 9 PM,4
452239,Before 9 AM,4
452258,11 AM - before 2 PM,1
452258,5 PM - before 9 PM,1
452268,5 PM - before 9 PM,0
452276,Before 9 AM,0
452277,2 PM - before 5 PM,1
452277,5 PM - before 9 PM,1
452299,Before 9 AM,0
452302,5 PM - before 9 PM,0
452304,5 PM - before 9 PM,4
452306,5 PM - before 9 PM,4
452306,9 AM - before 11 AM,5
452317,11 AM - before 2 PM,12
452317,Before 9 AM,12
452319,Before 9 AM,12
452332,5 PM - before 9 PM,0
452332,9 AM - before 11 AM,0
452332,Before 9 AM,0
452339,Before 9 AM,12
452351,5 PM - before 9 PM,2
452351,Before 9 AM,6
452353,Before 9 AM,25
452355,Before 9 AM,6
452356,2 PM - before 5 PM,4
452375,11 AM - before 2 PM,4
452375,5 PM - before 9 PM,2
452378,2 PM - before 5 PM,3
452378,Before 9 AM,3
452379,2 PM - before 5 PM,10
452379,Before 9 AM,24
452396,5 PM - before 9 PM,6
452396,9 AM - before 11 AM,8
452400,5 PM - before 9 PM,3
452402,Before 9 AM,6
452404,5 PM - before 9 PM,3
452404,Before 9 AM,9
452411,Before 9 AM,8
452419,5 PM - before 9 PM,1
452419,Before 9 AM,2
452436,Before 9 AM,0
452437,11 AM - before 2 PM,4
452453,5 PM - before 9 PM,0
452471,5 PM - before 9 PM,2
452471,Before 9 AM,2
452487,5 PM - before 9 PM,12
452488,9 AM - before 11 AM,0
452507,9 AM - before 11 AM,12
452510,5 PM - before 9 PM,2
452516,5 PM - before 9 PM,1
452517,5 PM - before 9 PM,4
452522,5 PM - before 9 PM,3
452523,5 PM - before 9 PM,3
452527,5 PM - before 9 PM,1
452527,Before 9 AM,6
452528,Before 9 AM,16
452529,5 PM - before 9 PM,7
452530,2 PM - before 5 PM,2
452530,5 PM - before 9 PM,3
452532,5 PM - before 9 PM,1
452533,Before 9 AM,24
452535,5 PM - before 9 PM,4
452541,5 PM - before 9 PM,4
452560,5 PM - before 9 PM,0
452561,5 PM - before 9 PM,2
452569,Before 9 AM,4
452572,5 PM - before 9 PM,3
452572,9 AM - before 11 AM,5
452577,5 PM - before 9 PM,3
452586,Before 9 AM,4
452588,11 AM - before 2 PM,1
452588,5 PM - before 9 PM,1
452589,9 PM or later,1
452589,Before 9 AM,2
452595,11 AM - before 2 PM,5
452595,5 PM - before 9 PM,5
452608,Before 9 AM,25
452611,Before 9 AM,24
452616,5 PM - before 9 PM,3
452625,5 PM - before 9 PM,0
452632,5 PM - before 9 PM,0
452635,5 PM - before 9 PM,2
452635,9 AM - before 11 AM,2
452636,5 PM - before 9 PM,8
452644,2 PM - before 5 PM,2
452644,Before 9 AM,1
452647,Before 9 AM,1
452648,5 PM - before 9 PM,11
452648,Before 9 AM,25
452650,5 PM - before 9 PM,3
452650,9 AM - before 11 AM,6
452658,5 PM - before 9 PM,2
452675,5 PM - before 9 PM,13
452700,2 PM - before 5 PM,2
452700,9 AM - before 11 AM,1
452700,Before 9 AM,1
452707,5 PM - before 9 PM,8
452707,9 PM or later,1
452709,5 PM - before 9 PM,4
452721,5 PM - before 9 PM,5
452745,5 PM - before 9 PM,1
452745,Before 9 AM,1
452747,5 PM - before 9 PM,2
452749,5 PM - before 9 PM,1
452757,5 PM - before 9 PM,1
452757,9 PM or later,1
452757,Before 9 AM,5
452761,5 PM - before 9 PM,2
452761,9 AM - before 11 AM,2
452767,5 PM - before 9 PM,2
452767,9 AM - before 11 AM,2
452809,Before 9 AM,24
452831,11 AM - before 2 PM,2
452831,5 PM - before 9 PM,2
452848,11 AM - before 2 PM,3
452848,5 PM - before 9 PM,3
452880,5 PM - before 9 PM,9
452880,Before 9 AM,17
452922,5 PM - before 9 PM,4
452926,5 PM - before 9 PM,8
452926,9 AM - before 11 AM,8
452926,9 PM or later,1
452931,5 PM - before 9 PM,2
452931,Before 9 AM,4
452942,Before 9 AM,12
452949,11 AM - before 2 PM,1
452949,5 PM - before 9 PM,1
452984,2 PM - before 5 PM,1
452984,5 PM - before 9 PM,0
452984,Before 9 AM,2
452990,5 PM - before 9 PM,3
452990,9 AM - before 11 AM,3
452993,5 PM - before 9 PM,4
453023,11 AM - before 2 PM,2
453023,5 PM - before 9 PM,2
453024,11 AM - before 2 PM,1
453024,5 PM - before 9 PM,1
453082,5 PM - before 9 PM,0
453082,Before 9 AM,0
453083,5 PM - before 9 PM,4
453084,Before 9 AM,17
453085,5 PM - before 9 PM,4
453086,Before 9 AM,0
453087,5 PM - before 9 PM,2
453087,Before 9 AM,12
453119,5 PM - before 9 PM,0
453120,Before 9 AM,24
453148,Before 9 AM,4
453151,Before 9 AM,5
453176,9 AM - before 11 AM,0
453196,2 PM - before 5 PM,9
453196,5 PM - before 9 PM,5
453196,Before 9 AM,24
453250,5 PM - before 9 PM,4
453267,5 PM - before 9 PM,4
453267,Before 9 AM,4
453276,5 PM - before 9 PM,1
453276,Before 9 AM,2
453283,Before 9 AM,3
453285,11 AM - before 2 PM,2
453288,Before 9 AM,2
453296,Before 9 AM,7
453299,5 PM - before 9 PM,8
453351,2 PM - before 5 PM,3
453374,2 PM - before 5 PM,5
453374,5 PM - before 9 PM,5
453393,5 PM - before 9 PM,6
453393,Before 9 AM,26
453399,5 PM - before 9 PM,2
453400,5 PM - before 9 PM,1
453404,Before 9 AM,8
453412,5 PM - before 9 PM,4
453413,Before 9 AM,25
453415,11 AM - before 2 PM,12
453415,Before 9 AM,23
453418,5 PM - before 9 PM,5
453418,9 AM - before 11 AM,3
453460,5 PM - before 9 PM,1
453460,Before 9 AM,1
453461,5 PM - before 9 PM,6
453489,Before 9 AM,26
453506,5 PM - before 9 PM,8
453546,5 PM - before 9 PM,2
453546,Before 9 AM,0
453550,9 PM or later,5
453550,Before 9 AM,10
453555,11 AM - before 2 PM,3
453555,5 PM - before 9 PM,1
453555,Before 9 AM,2
453561,5 PM - before 9 PM,1
453561,9 PM or later,1
453568,9 AM - before 11 AM,0
453571,5 PM - before 9 PM,1
453572,5 PM - before 9 PM,3
453572,9 AM - before 11 AM,3
453573,5 PM - before 9 PM,5
453573,9 PM or later,1
453574,5 PM - before 9 PM,1
453576,5 PM - before 9 PM,4
453577,5 PM - before 9 PM,3
453578,5 PM - before 9 PM,2
453579,5 PM - before 9 PM,6
453598,5 PM - before 9 PM,3
453607,Before 9 AM,0
453615,11 AM - before 2 PM,2
453615,5 PM - before 9 PM,4
453619,2 PM - before 5 PM,0
453619,Before 9 AM,25
453621,5 PM - before 9 PM,4
453627,Before 9 AM,25
453637,5 PM - before 9 PM,25
453637,Before 9 AM,25
453650,Before 9 AM,0
453658,Before 9 AM,0
453659,2 PM - before 5 PM,0
453659,5 PM - before 9 PM,0
453666,Before 9 AM,8
453684,Before 9 AM,25
453685,5 PM - before 9 PM,1
453686,Before 9 AM,0
453725,Before 9 AM,25
453726,9 AM - before 11 AM,4
453731,5 PM - before 9 PM,1
453731,9 AM - before 11 AM,2
453737,2 PM - before 5 PM,0
453738,5 PM - before 9 PM,0
453739,2 PM - before 5 PM,3
453741,2 PM - before 5 PM,3
453741,9 AM - before 11 AM,4
453754,9 AM - before 11 AM,5
453757,11 AM - before 2 PM,2
453757,5 PM - before 9 PM,4
453757,9 AM - before 11 AM,5
453758,5 PM - before 9 PM,3
453759,2 PM - before 5 PM,1
453759,5 PM - before 9 PM,1
453760,5 PM - before 9 PM,1
453760,Before 9 AM,1
453761,5 PM - before 9 PM,3
453764,Before 9 AM,24
453779,5 PM - before 9 PM,12
453782,5 PM - before 9 PM,5
453782,Before 9 AM,8
453783,Before 9 AM,2
453816,11 AM - before 2 PM,1
453828,5 PM - before 9 PM,4
453843,5 PM - before 9 PM,3
453843,Before 9 AM,2
453846,5 PM - before 9 PM,0
453868,5 PM - before 9 PM,2
453884,5 PM - before 9 PM,2
453885,9 AM - before 11 AM,0
453896,Before 9 AM,4
453916,5 PM - before 9 PM,3
453936,5 PM - before 9 PM,3
453936,9 AM - before 11 AM,5
453950,Before 9 AM,0
453991,5 PM - before 9 PM,3
453991,Before 9 AM,1
453994,9 AM - before 11 AM,4
453996,5 PM - before 9 PM,2
454037,11 AM - before 2 PM,4
454079,9 PM or later,2
454079,Before 9 AM,5
454102,2 PM - before 5 PM,4
454102,9 AM - before 11 AM,0
454114,2 PM - before 5 PM,2
454114,Before 9 AM,5
454122,5 PM - before 9 PM,24
454122,Before 9 AM,24
454149,Before 9 AM,14
454195,Before 9 AM,18
454269,5 PM - before 9 PM,4
454269,Before 9 AM,6
454273,Before 9 AM,0
454274,Before 9 AM,17
454275,5 PM - before 9 PM,2
454275,Before 9 AM,6
454276,5 PM - before 9 PM,4
454288,Before 9 AM,4
454292,5 PM - before 9 PM,3
454292,Before 9 AM,3
454305,Before 9 AM,24
454308,Before 9 AM,0
454310,2 PM - before 5 PM,4
454310,Before 9 AM,22
454331,Before 9 AM,24
454332,Before 9 AM,6
454333,5 PM - before 9 PM,1
454333,Before 9 AM,0
454334,5 PM - before 9 PM,0
454336,2 PM - before 5 PM,6
454336,Before 9 AM,19
454375,Before 9 AM,0
454386,Before 9 AM,0
454422,2 PM - before 5 PM,6
454422,5 PM - before 9 PM,5
454422,Before 9 AM,24
454424,11 AM - before 2 PM,7
454424,Before 9 AM,11
454456,5 PM - before 9 PM,0
454456,Before 9 AM,0
454506,2 PM - before 5 PM,10
454506,Before 9 AM,24
454523,5 PM - before 9 PM,0
454544,11 AM - before 2 PM,0
454567,11 AM - before 2 PM,6
454567,Before 9 AM,2
454579,5 PM - before 9 PM,0
454579,Before 9 AM,24
454584,Before 9 AM,26
454604,5 PM - before 9 PM,3
454604,Before 9 AM,5
454621,5 PM - before 9 PM,0
454621,Before 9 AM,5
454634,5 PM - before 9 PM,0
454634,Before 9 AM,0
454672,5 PM - before 9 PM,0
454672,9 AM - before 11 AM,2
454673,5 PM - before 9 PM,4
454673,Before 9 AM,4
454692,5 PM - before 9 PM,2
454703,Before 9 AM,4
454704,Before 9 AM,0
454705,5 PM - before 9 PM,2
454705,9 AM - before 11 AM,3
454719,Before 9 AM,0
454721,5 PM - before 9 PM,6
454721,Before 9 AM,19
454736,5 PM - before 9 PM,8
454736,9 PM or later,4
454750,5 PM - before 9 PM,7
454751,5 PM - before 9 PM,2
454751,9 AM - before 11 AM,0
454752,2 PM - before 5 PM,0
454752,5 PM - before 9 PM,1
454753,5 PM - before 9 PM,6
454767,5 PM - before 9 PM,2
454767,9 AM - before 11 AM,1
454788,Before 9 AM,25
454790,5 PM - before 9 PM,1
454790,9 AM - before 11 AM,1
454792,5 PM - before 9 PM,0
454793,2 PM - before 5 PM,6
454793,5 PM - before 9 PM,4
454803,2 PM - before 5 PM,0
454805,5 PM - before 9 PM,2
454805,Before 9 AM,2
454831,5 PM - before 9 PM,2
454844,5 PM - before 9 PM,2
454854,2 PM - before 5 PM,4
454860,5 PM - before 9 PM,4
454860,Before 9 AM,1
454881,Before 9 AM,4
454887,5 PM - before 9 PM,3
454887,Before 9 AM,5
454898,2 PM - before 5 PM,2
454898,9 AM - before 11 AM,2
454911,5 PM - before 9 PM,1
454912,5 PM - before 9 PM,4
454913,2 PM - before 5 PM,9
454913,Before 9 AM,13
454915,Before 9 AM,0
454916,9 AM - before 11 AM,24
454918,5 PM - before 9 PM,0
454918,9 AM - before 11 AM,0
454919,2 PM - before 5 PM,2
454919,5 PM - before 9 PM,1
454919,Before 9 AM,3
454921,9 AM - before 11 AM,2
454924,Before 9 AM,3
454936,5 PM - before 9 PM,0
454943,Before 9 AM,24
454952,2 PM - before 5 PM,1
454958,5 PM - before 9 PM,3
454962,11 AM - before 2 PM,8
454962,Before 9 AM,10
454969,5 PM - before 9 PM,3
454969,9 AM - before 11 AM,4
454976,11 AM - before 2 PM,5
454979,5 PM - before 9 PM,5
454980,5 PM - before 9 PM,2
454984,Before 9 AM,0
454985,5 PM - before 9 PM,0
455004,5 PM - before 9 PM,4
455007,5 PM - before 9 PM,4
455010,5 PM - before 9 PM,2
455019,Before 9 AM,8
455053,Before 9 AM,2
455061,11 AM - before 2 PM,4
455068,Before 9 AM,4
455070,Before 9 AM,22
455072,Before 9 AM,9
455083,5 PM - before 9 PM,2
455100,5 PM - before 9 PM,1
455141,Before 9 AM,19
455145,2 PM - before 5 PM,5
455145,5 PM - before 9 PM,5
455145,Before 9 AM,14
455166,Before 9 AM,0
455180,Before 9 AM,0
455197,5 PM - before 9 PM,12
455197,Before 9 AM,12
455225,Before 9 AM,26
455232,5 PM - before 9 PM,4
455232,9 AM - before 11 AM,4
455259,5 PM - before 9 PM,1
455274,5 PM - before 9 PM,2
455319,5 PM - before 9 PM,0
455320,5 PM - before 9 PM,0
455330,5 PM - before 9 PM,1
455330,9 PM or later,1
455337,11 AM - before 2 PM,4
455348,5 PM - before 9 PM,5
455348,Before 9 AM,5
455349,5 PM - before 9 PM,0
455353,Before 9 AM,24
455408,9 AM - before 11 AM,4
455410,5 PM - before 9 PM,4
455418,9 AM - before 11 AM,0
455439,5 PM - before 9 PM,2
455442,5 PM - before 9 PM,4
455443,5 PM - before 9 PM,0
455444,5 PM - before 9 PM,12
455444,Before 9 AM,12
455461,Before 9 AM,24
455491,11 AM - before 2 PM,2
455496,Before 9 AM,18
455530,Before 9 AM,2
455537,Before 9 AM,24
455548,5 PM - before 9 PM,1
455550,5 PM - before 9 PM,5
455550,Before 9 AM,4
455573,5 PM - before 9 PM,0
455582,5 PM - before 9 PM,0
455587,5 PM - before 9 PM,0
455604,5 PM - before 9 PM,3
455623,5 PM - before 9 PM,2
455691,2 PM - before 5 PM,3
455691,5 PM - before 9 PM,9
455691,Before 9 AM,13
455712,5 PM - before 9 PM,4
455712,9 AM - before 11 AM,3
455716,5 PM - before 9 PM,2
455716,9 AM - before 11 AM,2
455719,5 PM - before 9 PM,3
455719,9 AM - before 11 AM,2
455720,5 PM - before 9 PM,3
455740,5 PM - before 9 PM,1
455740,9 PM or later,1
455770,5 PM - before 9 PM,4
455806,9 AM - before 11 AM,0
455807,5 PM - before 9 PM,3
455807,Before 9 AM,6
455808,2 PM - before 5 PM,2
455808,5 PM - before 9 PM,7
455809,5 PM - before 9 PM,5
455809,9 PM or later,2
455814,Before 9 AM,0
455815,5 PM - before 9 PM,0
455816,Before 9 AM,15
455825,9 AM - before 11 AM,0
455840,Before 9 AM,2
455898,5 PM - before 9 PM,4
455911,Before 9 AM,3
455927,11 AM - before 2 PM,4
455968,Before 9 AM,18
455993,Before 9 AM,24
456027,5 PM - before 9 PM,3
456027,Before 9 AM,6
456044,5 PM - before 9 PM,3
456053,5 PM - before 9 PM,4
456067,5 PM - before 9 PM,7
456072,9 AM - before 11 AM,2
456072,Before 9 AM,2
456103,Before 9 AM,24
456138,Before 9 AM,26
456149,5 PM - before 9 PM,2
456150,5 PM - before 9 PM,1
456150,9 AM - before 11 AM,3
456151,5 PM - before 9 PM,3
456157,Before 9 AM,0
456167,2 PM - before 5 PM,11
456167,9 AM - before 11 AM,11
456175,5 PM - before 9 PM,2
456180,5 PM - before 9 PM,2
456180,Before 9 AM,0
456232,Before 9 AM,12
456256,5 PM - before 9 PM,4
456257,5 PM - before 9 PM,2
456257,Before 9 AM,24
456260,11 AM - before 2 PM,4
456260,Before 9 AM,4
456309,5 PM - before 9 PM,0
456309,Before 9 AM,0
456313,Before 9 AM,4
456381,9 AM - before 11 AM,0
456387,5 PM - before 9 PM,4
456387,Before 9 AM,3
456394,5 PM - before 9 PM,5
456394,Before 9 AM,3
456399,Before 9 AM,2
456444,Before 9 AM,24
456501,2 PM - before 5 PM,3
456501,Before 9 AM,4
456512,5 PM - before 9 PM,0
456518,Before 9 AM,24
456524,5 PM - before 9 PM,4
456538,11 AM - before 2 PM,12
456547,2 PM - before 5 PM,2
456547,9 AM - before 11 AM,2
456547,Before 9 AM,3
456548,5 PM - before 9 PM,2
456548,Before 9 AM,5
456549,2 PM - before 5 PM,2
456549,5 PM - before 9 PM,2
456559,9 AM - before 11 AM,24
456562,11 AM - before 2 PM,4
456562,5 PM - before 9 PM,2
456562,9 AM - before 11 AM,2
456563,5 PM - before 9 PM,3
456564,2 PM - before 5 PM,3
456564,Before 9 AM,7
456565,5 PM - before 9 PM,2
456565,Before 9 AM,1
456571,Before 9 AM,16
456572,Before 9 AM,10
456573,5 PM - before 9 PM,1
456573,9 AM - before 11 AM,1
456582,5 PM - before 9 PM,2
456582,Before 9 AM,2
456583,5 PM - before 9 PM,1
456583,Before 9 AM,3
456584,5 PM - before 9 PM,0
456588,5 PM - before 9 PM,3
456588,Before 9 AM,3
456600,Before 9 AM,0
456618,Before 9 AM,25
456627,Before 9 AM,13
456628,5 PM - before 9 PM,0
456628,Before 9 AM,0
456668,2 PM - before 5 PM,6
456668,Before 9 AM,12
456689,2 PM - before 5 PM,7
456689,Before 9 AM,9
456724,Before 9 AM,6
456729,Before 9 AM,24
456735,Before 9 AM,22
456739,5 PM - before 9 PM,12
456739,Before 9 AM,12
456740,5 PM - before 9 PM,9
456760,5 PM - before 9 PM,4
456760,9 PM or later,3
456760,Before 9 AM,9
456777,5 PM - before 9 PM,11
456777,Before 9 AM,15
456781,5 PM - before 9 PM,12
456781,Before 9 AM,8
456787,5 PM - before 9 PM,18
456799,11 AM - before 2 PM,7
456802,Before 9 AM,18
456808,Before 9 AM,25
456809,5 PM - before 9 PM,0
456826,2 PM - before 5 PM,13
456826,Before 9 AM,11
456854,5 PM - before 9 PM,0
456857,5 PM - before 9 PM,0
456857,9 PM or later,0
456880,5 PM - before 9 PM,4
456907,Before 9 AM,2
456910,Before 9 AM,12
456936,Before 9 AM,18
456937,2 PM - before 5 PM,2
456937,5 PM - before 9 PM,2
456937,9 AM - before 11 AM,1
456943,2 PM - before 5 PM,1
456943,5 PM - before 9 PM,1
456943,9 AM - before 11 AM,2
456947,5 PM - before 9 PM,3
456947,Before 9 AM,5
456954,5 PM - before 9 PM,4
457003,5 PM - before 9 PM,6
457005,2 PM - before 5 PM,12
457005,Before 9 AM,24
457023,11 AM - before 2 PM,4
457052,11 AM - before 2 PM,3
457052,9 AM - before 11 AM,2
457102,5 PM - before 9 PM,8
457104,5 PM - before 9 PM,6
457104,Before 9 AM,12
457128,9 AM - before 11 AM,4
457149,5 PM - before 9 PM,1
457153,11 AM - before 2 PM,10
457153,Before 9 AM,16
457171,5 PM - before 9 PM,8
457175,5 PM - before 9 PM,3
457175,Before 9 AM,4
457212,5 PM - before 9 PM,3
457212,Before 9 AM,5
457213,5 PM - before 9 PM,2
457213,Before 9 AM,2
457214,2 PM - before 5 PM,7
457214,5 PM - before 9 PM,3
457216,5 PM - before 9 PM,6
457228,5 PM - before 9 PM,2
457229,Before 9 AM,4
457245,2 PM - before 5 PM,7
457245,9 AM - before 11 AM,8
457245,Before 9 AM,10
457269,Before 9 AM,18
457275,5 PM - before 9 PM,1
457275,Before 9 AM,1
457287,5 PM - before 9 PM,0
457288,2 PM - before 5 PM,9
457288,Before 9 AM,11
457289,2 PM - before 5 PM,5
457289,Before 9 AM,5
457290,11 AM - before 2 PM,5
457290,5 PM - before 9 PM,5
457290,Before 9 AM,12
457291,5 PM - before 9 PM,3
457291,Before 9 AM,18
457300,5 PM - before 9 PM,0
457300,Before 9 AM,2
457301,11 AM - before 2 PM,2
457301,5 PM - before 9 PM,1
457302,5 PM - before 9 PM,2
457303,2 PM - before 5 PM,2
457303,Before 9 AM,6
457304,2 PM - before 5 PM,4
457304,Before 9 AM,21
457307,9 AM - before 11 AM,4
457329,5 PM - before 9 PM,3
457329,Before 9 AM,3
457338,11 AM - before 2 PM,6
457338,Before 9 AM,4
457419,Before 9 AM,9
457459,Before 9 AM,3
457477,5 PM - before 9 PM,5
457495,Before 9 AM,0
457498,5 PM - before 9 PM,2
457517,5 PM - before 9 PM,0
457517,9 AM - before 11 AM,3
457551,Before 9 AM,9
457554,Before 9 AM,2
457570,5 PM - before 9 PM,4
457571,5 PM - before 9 PM,4
457572,9 AM - before 11 AM,3
457583,Before 9 AM,26
457601,9 AM - before 11 AM,0
457602,Before 9 AM,24
457621,5 PM - before 9 PM,5
457621,Before 9 AM,20
457622,9 AM - before 11 AM,4
457622,Before 9 AM,1
457627,Before 9 AM,0
457637,9 AM - before 11 AM,0
457660,5 PM - before 9 PM,12
457677,Before 9 AM,4
457695,5 PM - before 9 PM,3
457695,Before 9 AM,4
457699,2 PM - before 5 PM,1
457699,9 AM - before 11 AM,1
457714,9 AM - before 11 AM,0
457718,11 AM - before 2 PM,10
457718,Before 9 AM,10
457728,2 PM - before 5 PM,5
457728,Before 9 AM,5
457771,5 PM - before 9 PM,0
457774,Before 9 AM,2
457777,Before 9 AM,4
457778,9 AM - before 11 AM,4
457783,5 PM - before 9 PM,2
457783,Before 9 AM,2
457786,5 PM - before 9 PM,5
457786,Before 9 AM,0
457789,5 PM - before 9 PM,2
457789,Before 9 AM,22
457825,5 PM - before 9 PM,18
457935,Before 9 AM,8
457953,Before 9 AM,4
458002,Before 9 AM,6
458021,Before 9 AM,7
458046,11 AM - before 2 PM,2
458046,Before 9 AM,6
458059,2 PM - before 5 PM,3
458059,5 PM - before 9 PM,3
458063,2 PM - before 5 PM,3
458063,5 PM - before 9 PM,3
458085,5 PM - before 9 PM,0
458086,Before 9 AM,4
458088,5 PM - before 9 PM,0
458090,Before 9 AM,20
458091,Before 9 AM,6
458095,5 PM - before 9 PM,3
458096,Before 9 AM,12
458098,5 PM - before 9 PM,2
458099,Before 9 AM,12
458100,5 PM - before 9 PM,2
458101,2 PM - before 5 PM,0
458101,5 PM - before 9 PM,1
458123,11 AM - before 2 PM,6
458123,Before 9 AM,10
458126,9 AM - before 11 AM,2
458164,9 AM - before 11 AM,0
458165,5 PM - before 9 PM,0
458186,11 AM - before 2 PM,3
458186,5 PM - before 9 PM,4
458206,11 AM - before 2 PM,2
458206,5 PM - before 9 PM,3
458207,5 PM - before 9 PM,3
458208,5 PM - before 9 PM,4
458210,5 PM - before 9 PM,1
458230,2 PM - before 5 PM,5
458230,5 PM - before 9 PM,5
458231,5 PM - before 9 PM,4
458232,5 PM - before 9 PM,2
458232,Before 9 AM,2
458233,Before 9 AM,0
458245,9 AM - before 11 AM,4
458246,2 PM - before 5 PM,11
458246,Before 9 AM,14
458247,5 PM - before 9 PM,2
458248,9 AM - before 11 AM,9
458249,2 PM - before 5 PM,4
458249,9 AM - before 11 AM,9
458250,5 PM - before 9 PM,2
458250,9 AM - before 11 AM,11
458251,11 AM - before 2 PM,8
458251,Before 9 AM,9
458253,2 PM - before 5 PM,0
458253,5 PM - before 9 PM,0
458253,9 AM - before 11 AM,1
458269,Before 9 AM,4
458270,9 AM - before 11 AM,1
458270,Before 9 AM,12
458271,Before 9 AM,10
458273,Before 9 AM,12
458280,2 PM - before 5 PM,8
458280,Before 9 AM,21
458314,9 AM - before 11 AM,4
458345,5 PM - before 9 PM,1
458345,9 AM - before 11 AM,1
458350,Before 9 AM,25
458351,5 PM - before 9 PM,4
458351,Before 9 AM,8
458352,5 PM - before 9 PM,10
458352,Before 9 AM,10
458361,5 PM - before 9 PM,4
458376,11 AM - before 2 PM,2
458376,5 PM - before 9 PM,2
458399,11 AM - before 2 PM,2
458399,2 PM - before 5 PM,2
458419,Before 9 AM,24
458436,2 PM - before 5 PM,5
458436,Before 9 AM,5
458444,Before 9 AM,23
458462,5 PM - before 9 PM,1
458462,Before 9 AM,1
458490,Before 9 AM,5
458496,5 PM - before 9 PM,12
458496,9 AM - before 11 AM,9
458503,Before 9 AM,24
458507,2 PM - before 5 PM,3
458507,5 PM - before 9 PM,2
458545,5 PM - before 9 PM,0
458546,9 AM - before 11 AM,1
458556,9 AM - before 11 AM,6
458556,Before 9 AM,6
458577,11 AM - before 2 PM,6
458577,5 PM - before 9 PM,6
458610,9 AM - before 11 AM,4
458612,Before 9 AM,24
458619,5 PM - before 9 PM,2
458622,5 PM - before 9 PM,3
458622,Before 9 AM,3
458630,5 PM - before 9 PM,2
458641,5 PM - before 9 PM,4
458644,5 PM - before 9 PM,7
458698,5 PM - before 9 PM,1
458698,Before 9 AM,7
458710,Before 9 AM,2
458719,5 PM - before 9 PM,2
458719,Before 9 AM,2
458747,9 AM - before 11 AM,2
458748,5 PM - before 9 PM,0
458762,Before 9 AM,12
458770,5 PM - before 9 PM,2
458777,Before 9 AM,25
458778,Before 9 AM,12
458782,5 PM - before 9 PM,3
458782,Before 9 AM,2
458783,Before 9 AM,25
458791,11 AM - before 2 PM,16
458791,5 PM - before 9 PM,8
458797,Before 9 AM,12
458803,9 AM - before 11 AM,1
458803,Before 9 AM,2
458807,5 PM - before 9 PM,3
458820,Before 9 AM,2
458847,5 PM - before 9 PM,3
458864,Before 9 AM,16
458884,Before 9 AM,22
458885,Before 9 AM,8
458886,5 PM - before 9 PM,1
458886,9 AM - before 11 AM,2
458886,Before 9 AM,1
458887,5 PM - before 9 PM,4
458887,Before 9 AM,6
458891,2 PM - before 5 PM,2
458891,9 PM or later,20
458891,Before 9 AM,4
458900,5 PM - before 9 PM,4
458904,9 AM - before 11 AM,2
458907,5 PM - before 9 PM,4
458909,5 PM - before 9 PM,10
458909,Before 9 AM,5
458920,9 AM - before 11 AM,3
458932,5 PM - before 9 PM,2
458936,5 PM - before 9 PM,0
458962,5 PM - before 9 PM,4
458962,Before 9 AM,20
458967,9 AM - before 11 AM,2
458967,Before 9 AM,2
458977,5 PM - before 9 PM,0
458985,Before 9 AM,25
459025,5 PM - before 9 PM,2
459038,5 PM - before 9 PM,1
459046,11 AM - before 2 PM,3
459046,5 PM - before 9 PM,4
459054,5 PM - before 9 PM,0
459054,9 AM - before 11 AM,7
459074,Before 9 AM,2
459107,2 PM - before 5 PM,9
459107,9 AM - before 11 AM,11
459113,9 AM - before 11 AM,4
459120,5 PM - before 9 PM,6
459120,9 AM - before 11 AM,6
459121,2 PM - before 5 PM,5
459121,5 PM - before 9 PM,2
459147,2 PM - before 5 PM,3
459148,5 PM - before 9 PM,15
459148,Before 9 AM,11
459161,5 PM - before 9 PM,2
459244,5 PM - before 9 PM,6
459244,9 AM - before 11 AM,0
459274,9 AM - before 11 AM,4
459289,5 PM - before 9 PM,4
459289,9 AM - before 11 AM,1
459292,5 PM - before 9 PM,2
459292,Before 9 AM,2
459316,5 PM - before 9 PM,4
459321,Before 9 AM,4
459356,5 PM - before 9 PM,4
459356,Before 9 AM,4
459480,5 PM - before 9 PM,0
459493,11 AM - before 2 PM,3
459493,5 PM - before 9 PM,4
459503,9 AM - before 11 AM,4
459512,5 PM - before 9 PM,1
459512,9 AM - before 11 AM,2
459516,5 PM - before 9 PM,4
459630,11 AM - before 2 PM,3
459630,5 PM - before 9 PM,5
459631,2 PM - before 5 PM,3
459631,Before 9 AM,5
459635,9 AM - before 11 AM,8
459636,11 AM - before 2 PM,8
459641,5 PM - before 9 PM,2
459659,5 PM - before 9 PM,4
459660,5 PM - before 9 PM,4
459661,2 PM - before 5 PM,2
459676,5 PM - before 9 PM,3
459676,9 AM - before 11 AM,4
459681,Before 9 AM,2
459682,Before 9 AM,20
459693,Before 9 AM,24
459706,11 AM - before 2 PM,6
459706,Before 9 AM,6
459709,5 PM - before 9 PM,10
459709,Before 9 AM,14
459712,11 AM - before 2 PM,4
459712,Before 9 AM,4
459780,5 PM - before 9 PM,4
459780,9 AM - before 11 AM,4
459783,5 PM - before 9 PM,0
459787,5 PM - before 9 PM,2
459806,5 PM - before 9 PM,2
459806,Before 9 AM,23
459811,2 PM - before 5 PM,11
459811,Before 9 AM,15
459834,5 PM - before 9 PM,7
459877,2 PM - before 5 PM,8
459877,9 AM - before 11 AM,8
459884,11 AM - before 2 PM,4
459884,9 AM - before 11 AM,4
459890,5 PM - before 9 PM,0
459898,5 PM - before 9 PM,6
459898,Before 9 AM,1
459927,5 PM - before 9 PM,3
459927,9 AM - before 11 AM,5
459933,2 PM - before 5 PM,3
459933,5 PM - before 9 PM,2
459933,9 AM - before 11 AM,4
459934,5 PM - before 9 PM,2
459935,9 AM - before 11 AM,0
459969,Before 9 AM,8
459970,5 PM - before 9 PM,3
459971,5 PM - before 9 PM,2
459972,5 PM - before 9 PM,3
459973,9 AM - before 11 AM,2
459974,5 PM - before 9 PM,3
459975,5 PM - before 9 PM,2
459985,11 AM - before 2 PM,12
459985,5 PM - before 9 PM,14
459985,Before 9 AM,24
460006,5 PM - before 9 PM,5
460006,9 PM or later,2
460007,9 AM - before 11 AM,0
460008,5 PM - before 9 PM,1
460009,11 AM - before 2 PM,3
460010,5 PM - before 9 PM,0
460031,5 PM - before 9 PM,1
460031,9 AM - before 11 AM,1
460033,Before 9 AM,26
460043,5 PM - before 9 PM,7
460043,Before 9 AM,17
460061,5 PM - before 9 PM,9
460063,5 PM - before 9 PM,3
460074,Before 9 AM,4
460080,5 PM - before 9 PM,6
460080,Before 9 AM,0
460094,5 PM - before 9 PM,6
460096,5 PM - before 9 PM,8
460096,9 AM - before 11 AM,7
460140,5 PM - before 9 PM,4
460140,Before 9 AM,22
460141,5 PM - before 9 PM,1
460141,9 AM - before 11 AM,1
460160,5 PM - before 9 PM,3
460164,2 PM - before 5 PM,4
460164,9 AM - before 11 AM,4
460165,Before 9 AM,25
460166,2 PM - before 5 PM,12
460166,9 AM - before 11 AM,12
460170,5 PM - before 9 PM,8
460170,Before 9 AM,3
460172,5 PM - before 9 PM,16
460180,11 AM - before 2 PM,4
460191,Before 9 AM,3
460192,5 PM - before 9 PM,6
460192,Before 9 AM,6
460193,5 PM - before 9 PM,2
460194,11 AM - before 2 PM,4
460205,5 PM - before 9 PM,1
460207,5 PM - before 9 PM,2
460207,Before 9 AM,1
460208,Before 9 AM,26
460215,Before 9 AM,0
460218,5 PM - before 9 PM,3
460218,Before 9 AM,3
460219,11 AM - before 2 PM,2
460219,5 PM - before 9 PM,1
460221,5 PM - before 9 PM,4
460221,Before 9 AM,2
460223,5 PM - before 9 PM,2
460225,5 PM - before 9 PM,4
460225,9 AM - before 11 AM,4
460226,2 PM - before 5 PM,6
460226,9 AM - before 11 AM,6
460229,5 PM - before 9 PM,4
460229,Before 9 AM,4
460230,5 PM - before 9 PM,8
460230,Before 9 AM,12
460231,Before 9 AM,8
460235,5 PM - before 9 PM,3
460235,Before 9 AM,1
460247,5 PM - before 9 PM,3
460247,Before 9 AM,23
460250,Before 9 AM,0
460255,Before 9 AM,24
460260,11 AM - before 2 PM,2
460260,5 PM - before 9 PM,4
460260,Before 9 AM,1
460263,5 PM - before 9 PM,6
460264,5 PM - before 9 PM,2
460264,Before 9 AM,2
460265,5 PM - before 9 PM,2
460265,Before 9 AM,2
460267,Before 9 AM,20
460279,11 AM - before 2 PM,2
460279,5 PM - before 9 PM,2
460281,Before 9 AM,1
460283,Before 9 AM,15
460289,Before 9 AM,6
460296,Before 9 AM,25
460304,Before 9 AM,0
460309,5 PM - before 9 PM,23
460334,5 PM - before 9 PM,2
460334,Before 9 AM,1
460346,Before 9 AM,25
460347,Before 9 AM,7
460358,5 PM - before 9 PM,7
460358,Before 9 AM,8
460360,Before 9 AM,7
460364,11 AM - before 2 PM,2
460364,5 PM - before 9 PM,2
460367,5 PM - before 9 PM,9
460367,9 AM - before 11 AM,10
460380,Before 9 AM,25
460382,Before 9 AM,0
460393,5 PM - before 9 PM,3
460393,Before 9 AM,3
460398,5 PM - before 9 PM,5
460403,Before 9 AM,0
460404,5 PM - before 9 PM,8
460404,9 AM - before 11 AM,2
460422,5 PM - before 9 PM,3
460424,Before 9 AM,0
460426,5 PM - before 9 PM,4
460431,2 PM - before 5 PM,1
460431,Before 9 AM,2
460442,5 PM - before 9 PM,0
460442,9 AM - before 11 AM,0
460451,9 AM - before 11 AM,0
460455,5 PM - before 9 PM,4
460591,Before 9 AM,12
462776,5 PM - before 9 PM,7
462776,9 AM - before 11 AM,6
462776,9 PM or later,3
462884,2 PM - before 5 PM,0
462930,5 PM - before 9 PM,4
463037,5 PM - before 9 PM,3
709124,2 PM - before 5 PM,2
709124,Before 9 AM,6
709345,9 PM or later,25
724325,Before 9 AM,9
724358,Before 9 AM,5
724898,5 PM - before 9 PM,10
724898,Before 9 AM,10
724919,2 PM - before 5 PM,10
724919,Before 9 AM,6
724930,5 PM - before 9 PM,5
725076,5 PM - before 9 PM,5
725118,5 PM - before 9 PM,4
725118,9 AM - before 11 AM,4
725334,Before 9 AM,1
725466,2 PM - before 5 PM,1
725466,Before 9 AM,4
725818,11 AM - before 2 PM,2
725818,5 PM - before 9 PM,2
725818,Before 9 AM,6
726111,5 PM - before 9 PM,5
726329,5 PM - before 9 PM,3
726561,9 AM - before 11 AM,5
726771,5 PM - before 9 PM,3
726862,5 PM - before 9 PM,4
726862,9 PM or later,4
726862,Before 9 AM,2
727015,5 PM - before 9 PM,4
727219,2 PM - before 5 PM,2
727331,5 PM - before 9 PM,6
727340,Before 9 AM,10
727611,11 AM - before 2 PM,2
727611,5 PM - before 9 PM,4
727611,9 PM or later,2
727622,5 PM - before 9 PM,3
727642,2 PM - before 5 PM,30
727642,Before 9 AM,30
727650,11 AM - before 2 PM,6
727701,5 PM - before 9 PM,4
727861,5 PM - before 9 PM,4
727923,Before 9 AM,5
727990,5 PM - before 9 PM,6
728002,11 AM - before 2 PM,1
728002,2 PM - before 5 PM,2
728002,5 PM - before 9 PM,3
728008,5 PM - before 9 PM,30
728113,11 AM - before 2 PM,2
728113,5 PM - before 9 PM,3
728113,9 AM - before 11 AM,3
728149,5 PM - before 9 PM,6
728177,2 PM - before 5 PM,5
728177,5 PM - before 9 PM,5
728210,5 PM - before 9 PM,8
728210,Before 9 AM,4
728697,5 PM - before 9 PM,3
728697,Before 9 AM,7
729019,11 AM - before 2 PM,5
729019,2 PM - before 5 PM,5
729019,5 PM - before 9 PM,5
729019,Before 9 AM,5
729070,5 PM - before 9 PM,5
729081,9 AM - before 11 AM,4
729112,11 AM - before 2 PM,2
729112,9 AM - before 11 AM,3
729216,5 PM - before 9 PM,6
729216,9 AM - before 11 AM,6
729216,Before 9 AM,8
729274,2 PM - before 5 PM,1
729274,5 PM - before 9 PM,3
729375,11 AM - before 2 PM,2
729375,5 PM - before 9 PM,3
729674,11 AM - before 2 PM,3
729674,5 PM - before 9 PM,2
729674,9 AM - before 11 AM,2
729704,5 PM - before 9 PM,7
729704,Before 9 AM,29
729879,11 AM - before 2 PM,5
729880,9 AM - before 11 AM,10
729880,Before 9 AM,20
729919,5 PM - before 9 PM,4
729919,9 AM - before 11 AM,8
729954,11 AM - before 2 PM,2
729954,5 PM - before 9 PM,3
730037,5 PM - before 9 PM,4
730037,9 PM or later,4
730271,5 PM - before 9 PM,10
730347,Before 9 AM,4
730358,2 PM - before 5 PM,1
730358,9 AM - before 11 AM,3
730379,5 PM - before 9 PM,23
730379,Before 9 AM,30
730433,5 PM - before 9 PM,3
730433,9 AM - before 11 AM,2
730433,9 PM or later,3
730445,2 PM - before 5 PM,3
730448,5 PM - before 9 PM,3
730448,9 AM - before 11 AM,3
730448,9 PM or later,4
730472,2 PM - before 5 PM,3
730472,5 PM - before 9 PM,2
730582,2 PM - before 5 PM,5
730582,9 AM - before 11 AM,5
730582,Before 9 AM,20
730590,5 PM - before 9 PM,3
730605,5 PM - before 9 PM,1
730605,Before 9 AM,3
730624,5 PM - before 9 PM,1
730624,Before 9 AM,3
730662,5 PM - before 9 PM,2
730662,Before 9 AM,28
730669,5 PM - before 9 PM,6
730669,Before 9 AM,10
730804,2 PM - before 5 PM,10
730804,5 PM - before 9 PM,5
730804,9 AM - before 11 AM,10
730804,Before 9 AM,5
730821,5 PM - before 9 PM,5
730842,Before 9 AM,4
730883,5 PM - before 9 PM,6
730883,9 AM - before 11 AM,4
730883,Before 9 AM,15
730932,5 PM - before 9 PM,4
730957,2 PM - before 5 PM,2
730957,5 PM - before 9 PM,4
730965,2 PM - before 5 PM,3
730965,5 PM - before 9 PM,5
730965,9 AM - before 11 AM,2
730994,9 AM - before 11 AM,8
730994,Before 9 AM,5
731029,2 PM - before 5 PM,2
731029,9 AM - before 11 AM,2
731029,Before 9 AM,6
731070,11 AM - before 2 PM,1
731070,5 PM - before 9 PM,3
731084,2 PM - before 5 PM,4
731084,Before 9 AM,2
731095,Before 9 AM,30
731107,2 PM - before 5 PM,8
731141,9 AM - before 11 AM,30
731148,2 PM - before 5 PM,4
731148,5 PM - before 9 PM,1
731148,9 PM or later,1
731177,9 AM - before 11 AM,4
731177,Before 9 AM,4
731245,Before 9 AM,15
731268,11 AM - before 2 PM,2
731268,5 PM - before 9 PM,3
731268,9 AM - before 11 AM,3
731273,2 PM - before 5 PM,1
731273,5 PM - before 9 PM,3
731273,9 AM - before 11 AM,4
731329,Before 9 AM,15
731390,Before 9 AM,30
731475,5 PM - before 9 PM,3
731475,Before 9 AM,7
731481,2 PM - before 5 PM,2
731481,5 PM - before 9 PM,1
731486,11 AM - before 2 PM,5
731486,5 PM - before 9 PM,6
731486,Before 9 AM,4
731526,11 AM - before 2 PM,2
731526,5 PM - before 9 PM,1
731668,11 AM - before 2 PM,6
731668,5 PM - before 9 PM,5
731668,9 AM - before 11 AM,4
731668,Before 9 AM,5
731691,5 PM - before 9 PM,4
731715,5 PM - before 9 PM,4
731740,5 PM - before 9 PM,4
731768,Before 9 AM,2
731782,5 PM - before 9 PM,5
731807,5 PM - before 9 PM,4
731843,5 PM - before 9 PM,3
731932,11 AM - before 2 PM,5
731932,5 PM - before 9 PM,1
731932,9 PM or later,2
731972,11 AM - before 2 PM,2
731972,5 PM - before 9 PM,4
731972,9 AM - before 11 AM,2
731972,Before 9 AM,2
732361,11 AM - before 2 PM,1
732361,5 PM - before 9 PM,2
732434,2 PM - before 5 PM,1
732434,9 AM - before 11 AM,2
732437,2 PM - before 5 PM,1
732437,5 PM - before 9 PM,1
732437,Before 9 AM,2
732618,5 PM - before 9 PM,20
732618,Before 9 AM,30
732669,2 PM - before 5 PM,3
732669,5 PM - before 9 PM,3
732669,9 AM - before 11 AM,2
732706,5 PM - before 9 PM,3
732706,9 AM - before 11 AM,2
732719,2 PM - before 5 PM,2
732719,9 AM - before 11 AM,1
732720,5 PM - before 9 PM,8
732732,11 AM - before 2 PM,2
732732,5 PM - before 9 PM,2
732817,Before 9 AM,30
732821,11 AM - before 2 PM,2
732821,5 PM - before 9 PM,4
732821,Before 9 AM,2
732944,11 AM - before 2 PM,2
732944,5 PM - before 9 PM,2
732944,Before 9 AM,2
732958,5 PM - before 9 PM,5
732958,Before 9 AM,2
732959,11 AM - before 2 PM,1
732959,5 PM - before 9 PM,2
732986,Before 9 AM,4
732989,5 PM - before 9 PM,30
732989,Before 9 AM,30
733009,5 PM - before 9 PM,1
733009,Before 9 AM,3
733144,Before 9 AM,1
733422,9 AM - before 11 AM,2
733533,5 PM - before 9 PM,20
733533,Before 9 AM,20
733574,5 PM - before 9 PM,2
733574,9 AM - before 11 AM,4
733647,5 PM - before 9 PM,4
733654,9 AM - before 11 AM,4
733720,11 AM - before 2 PM,2
733720,2 PM - before 5 PM,3
733720,5 PM - before 9 PM,1
733730,5 PM - before 9 PM,10
733736,2 PM - before 5 PM,2
733736,5 PM - before 9 PM,4
733736,9 AM - before 11 AM,2
733740,5 PM - before 9 PM,4
733740,9 PM or later,6
733754,11 AM - before 2 PM,1
733754,5 PM - before 9 PM,2
733754,9 AM - before 11 AM,2
733754,Before 9 AM,3
733800,2 PM - before 5 PM,2
733800,Before 9 AM,2
733873,5 PM - before 9 PM,4
733873,Before 9 AM,4
733902,5 PM - before 9 PM,10
733902,Before 9 AM,20
733904,11 AM - before 2 PM,5
733904,Before 9 AM,5
733939,11 AM - before 2 PM,1
733939,5 PM - before 9 PM,1
733939,9 AM - before 11 AM,1
733941,5 PM - before 9 PM,1
733941,9 AM - before 11 AM,3
733945,11 AM - before 2 PM,2
733945,5 PM - before 9 PM,2
733945,Before 9 AM,2
733952,11 AM - before 2 PM,4
733952,5 PM - before 9 PM,4
733952,9 PM or later,3
733973,Before 9 AM,10
733977,5 PM - before 9 PM,3
733977,9 AM - before 11 AM,1
733985,2 PM - before 5 PM,4
733985,5 PM - before 9 PM,4
733988,5 PM - before 9 PM,4
734042,11 AM - before 2 PM,22
734042,5 PM - before 9 PM,8
734112,9 AM - before 11 AM,6
734147,5 PM - before 9 PM,20
734147,9 PM or later,11
734147,Before 9 AM,4
734152,2 PM - before 5 PM,3
734152,5 PM - before 9 PM,3
734169,11 AM - before 2 PM,3
734169,5 PM - before 9 PM,1
734255,5 PM - before 9 PM,4
734255,Before 9 AM,4
734310,2 PM - before 5 PM,2
734310,5 PM - before 9 PM,1
734311,5 PM - before 9 PM,18
734311,Before 9 AM,8
734438,5 PM - before 9 PM,6
734438,Before 9 AM,2
734518,5 PM - before 9 PM,4
734518,9 AM - before 11 AM,2
734520,5 PM - before 9 PM,3
734563,11 AM - before 2 PM,1
734563,5 PM - before 9 PM,2
734563,Before 9 AM,1
734595,5 PM - before 9 PM,6
734595,Before 9 AM,6
734676,2 PM - before 5 PM,5
734676,Before 9 AM,10
734677,11 AM - before 2 PM,2
734677,5 PM - before 9 PM,4
734677,9 AM - before 11 AM,3
734677,9 PM or later,1
734740,2 PM - before 5 PM,1
734740,5 PM - before 9 PM,2
734754,11 AM - before 2 PM,2
734754,5 PM - before 9 PM,3
734792,5 PM - before 9 PM,30
734844,5 PM - before 9 PM,20
734867,2 PM - before 5 PM,4
734867,5 PM - before 9 PM,4
734867,9 AM - before 11 AM,3
734867,9 PM or later,4
734914,Before 9 AM,4
734990,2 PM - before 5 PM,10
734990,9 AM - before 11 AM,7
735026,9 AM - before 11 AM,20
735033,11 AM - before 2 PM,5
735033,5 PM - before 9 PM,7
735043,2 PM - before 5 PM,3
735043,5 PM - before 9 PM,3
735043,9 AM - before 11 AM,2
735059,5 PM - before 9 PM,4
735066,5 PM - before 9 PM,3
735105,5 PM - before 9 PM,6
735105,9 AM - before 11 AM,4
735138,5 PM - before 9 PM,2
735138,9 AM - before 11 AM,2
735683,9 AM - before 11 AM,4
735741,5 PM - before 9 PM,5
735741,9 AM - before 11 AM,5
735957,5 PM - before 9 PM,5
736248,2 PM - before 5 PM,4
736248,9 AM - before 11 AM,2
736248,Before 9 AM,3
736254,Before 9 AM,4
736404,11 AM - before 2 PM,30
736404,Before 9 AM,30
736421,2 PM - before 5 PM,3
736421,5 PM - before 9 PM,3
736421,9 AM - before 11 AM,3
736421,9 PM or later,3
736467,5 PM - before 9 PM,4
736467,Before 9 AM,4
736531,5 PM - before 9 PM,1
736531,Before 9 AM,5
736777,2 PM - before 5 PM,4
736777,5 PM - before 9 PM,2
736777,9 AM - before 11 AM,4
736817,11 AM - before 2 PM,3
736817,5 PM - before 9 PM,4
736817,9 AM - before 11 AM,3
736894,2 PM - before 5 PM,2
736894,5 PM - before 9 PM,2
736894,9 PM or later,2
736894,Before 9 AM,2
737074,5 PM - before 9 PM,4
737085,5 PM - before 9 PM,1
737085,9 AM - before 11 AM,2
737100,Before 9 AM,28
737128,Before 9 AM,30
737254,5 PM - before 9 PM,10
737286,11 AM - before 2 PM,5
737286,2 PM - before 5 PM,5
737286,5 PM - before 9 PM,5
737286,Before 9 AM,5
737360,9 AM - before 11 AM,4
737379,11 AM - before 2 PM,1
737379,5 PM - before 9 PM,2
737379,9 AM - before 11 AM,1
737382,9 AM - before 11 AM,2
737402,5 PM - before 9 PM,3
737402,9 AM - before 11 AM,2
737459,9 AM - before 11 AM,8
737459,Before 9 AM,4
737464,9 AM - before 11 AM,8
737464,Before 9 AM,2
737467,5 PM - before 9 PM,4
737467,9 PM or later,2
737514,2 PM - before 5 PM,2
737514,5 PM - before 9 PM,3
737543,5 PM - before 9 PM,4
737543,9 PM or later,2
737583,11 AM - before 2 PM,4
737583,Before 9 AM,12
737606,Before 9 AM,6
737716,5 PM - before 9 PM,2
737716,9 AM - before 11 AM,2
737755,Before 9 AM,6
737758,2 PM - before 5 PM,4
737758,9 AM - before 11 AM,2
737800,2 PM - before 5 PM,4
737800,5 PM - before 9 PM,4
737849,2 PM - before 5 PM,2
737849,Before 9 AM,2
737851,Before 9 AM,20
737867,11 AM - before 2 PM,7
737867,5 PM - before 9 PM,6
737867,9 AM - before 11 AM,7
737921,Before 9 AM,4
737986,Before 9 AM,30
738009,5 PM - before 9 PM,4
738010,5 PM - before 9 PM,3
738013,9 AM - before 11 AM,20
738053,5 PM - before 9 PM,30
738053,Before 9 AM,30
738119,2 PM - before 5 PM,2
738119,5 PM - before 9 PM,6
738127,Before 9 AM,1
738134,5 PM - before 9 PM,6
738135,Before 9 AM,6
738140,11 AM - before 2 PM,2
738140,2 PM - before 5 PM,2
738196,Before 9 AM,12
738212,2 PM - before 5 PM,5
738215,Before 9 AM,30
738225,5 PM - before 9 PM,2
738225,9 AM - before 11 AM,1
738244,11 AM - before 2 PM,1
738244,5 PM - before 9 PM,1
738244,9 AM - before 11 AM,1
738307,5 PM - before 9 PM,4
738307,9 PM or later,4
738349,11 AM - before 2 PM,30
738349,Before 9 AM,30
738351,5 PM - before 9 PM,4
738351,Before 9 AM,2
738417,5 PM - before 9 PM,5
738417,Before 9 AM,30
738426,2 PM - before 5 PM,3
738426,5 PM - before 9 PM,4
738426,9 PM or later,3
738432,Before 9 AM,10
738435,2 PM - before 5 PM,2
738435,5 PM - before 9 PM,4
738435,9 AM - before 11 AM,2
738508,5 PM - before 9 PM,10
738508,Before 9 AM,10
738587,5 PM - before 9 PM,6
738587,9 AM - before 11 AM,2
738587,Before 9 AM,8
738653,5 PM - before 9 PM,5
738678,2 PM - before 5 PM,3
738678,5 PM - before 9 PM,1
738694,11 AM - before 2 PM,1
738694,5 PM - before 9 PM,3
738756,Before 9 AM,30
738882,Before 9 AM,15
738897,5 PM - before 9 PM,6
738897,Before 9 AM,30
738921,9 AM - before 11 AM,5
738942,11 AM - before 2 PM,1
738942,5 PM - before 9 PM,1
738985,Before 9 AM,30
738997,5 PM - before 9 PM,8
738997,9 AM - before 11 AM,1
739061,2 PM - before 5 PM,2
739061,Before 9 AM,2
739159,5 PM - before 9 PM,17
739159,Before 9 AM,23
739167,11 AM - before 2 PM,2
739167,Before 9 AM,30
739189,9 AM - before 11 AM,30
739202,5 PM - before 9 PM,4
739272,9 AM - before 11 AM,3
739358,9 AM - before 11 AM,2
739387,Before 9 AM,8
739475,11 AM - before 2 PM,1
739475,2 PM - before 5 PM,2
739475,5 PM - before 9 PM,3
739475,9 AM - before 11 AM,2
739479,Before 9 AM,4
739488,Before 9 AM,30
739501,5 PM - before 9 PM,3
739501,9 PM or later,1
739630,9 AM - before 11 AM,2
739630,Before 9 AM,1
739650,11 AM - before 2 PM,5
739650,5 PM - before 9 PM,7
739650,Before 9 AM,20
739684,2 PM - before 5 PM,1
739684,9 AM - before 11 AM,1
739684,Before 9 AM,2
739729,Before 9 AM,25
739750,2 PM - before 5 PM,2
739750,Before 9 AM,2
739792,5 PM - before 9 PM,4
739792,Before 9 AM,3
739856,5 PM - before 9 PM,10
739856,Before 9 AM,8
739897,Before 9 AM,3
739939,9 AM - before 11 AM,4
739958,Before 9 AM,20
739963,5 PM - before 9 PM,10
739972,2 PM - before 5 PM,1
739972,5 PM - before 9 PM,1
739972,9 AM - before 11 AM,1
739972,9 PM or later,1
740084,Before 9 AM,5
740497,9 PM or later,4
740497,Before 9 AM,4
740773,9 AM - before 11 AM,30
740785,5 PM - before 9 PM,5
740785,9 AM - before 11 AM,5
740785,Before 9 AM,5
741185,5 PM - before 9 PM,2
741185,9 AM - before 11 AM,2
741218,5 PM - before 9 PM,7
741218,9 AM - before 11 AM,5
741281,5 PM - before 9 PM,5
741281,9 PM or later,4
741584,11 AM - before 2 PM,3
741584,2 PM - before 5 PM,3
741584,Before 9 AM,2
741655,2 PM - before 5 PM,1
741655,5 PM - before 9 PM,2
741676,5 PM - before 9 PM,2
741676,9 AM - before 11 AM,2
741676,Before 9 AM,2
741680,11 AM - before 2 PM,10
741680,5 PM - before 9 PM,10
741680,Before 9 AM,10
741729,5 PM - before 9 PM,2
741729,Before 9 AM,2
741732,5 PM - before 9 PM,5
741732,9 AM - before 11 AM,3
742021,2 PM - before 5 PM,2
742021,5 PM - before 9 PM,3
742021,9 AM - before 11 AM,3
742145,Before 9 AM,5
742205,2 PM - before 5 PM,10
742205,Before 9 AM,10
742309,5 PM - before 9 PM,3
742309,9 PM or later,3
742385,5 PM - before 9 PM,4
742385,Before 9 AM,2
742389,Before 9 AM,7
742419,11 AM - before 2 PM,4
742419,5 PM - before 9 PM,7
742419,Before 9 AM,4
742480,11 AM - before 2 PM,3
742480,Before 9 AM,2
742522,11 AM - before 2 PM,7
742522,5 PM - before 9 PM,7
742522,Before 9 AM,6
742613,9 AM - before 11 AM,3
742629,11 AM - before 2 PM,3
742629,2 PM - before 5 PM,4
742629,Before 9 AM,8
742657,5 PM - before 9 PM,4
742657,9 AM - before 11 AM,6
742701,11 AM - before 2 PM,1
742701,5 PM - before 9 PM,1
742701,9 AM - before 11 AM,1
742711,11 AM - before 2 PM,13
742784,Before 9 AM,30
742977,9 AM - before 11 AM,4
742977,Before 9 AM,6
742978,5 PM - before 9 PM,4
742978,9 AM - before 11 AM,2
743123,5 PM - before 9 PM,4
743140,Before 9 AM,3
743156,11 AM - before 2 PM,1
743156,5 PM - before 9 PM,3
743170,2 PM - before 5 PM,20
743170,Before 9 AM,30
743236,Before 9 AM,5
743253,11 AM - before 2 PM,5
743253,Before 9 AM,3
743290,2 PM - before 5 PM,3
743290,5 PM - before 9 PM,4
743290,9 AM - before 11 AM,4
743338,5 PM - before 9 PM,2
743338,9 PM or later,1
743341,Before 9 AM,5
743355,Before 9 AM,20
743362,2 PM - before 5 PM,4
743362,Before 9 AM,4
743600,5 PM - before 9 PM,25
743600,Before 9 AM,25
743628,9 AM - before 11 AM,4
743645,11 AM - before 2 PM,3
743645,2 PM - before 5 PM,3
743645,5 PM - before 9 PM,2
743645,9 AM - before 11 AM,2
743669,9 AM - before 11 AM,8
743669,Before 9 AM,2
743670,2 PM - before 5 PM,4
743670,Before 9 AM,7
743762,2 PM - before 5 PM,4
743762,9 AM - before 11 AM,4
743790,Before 9 AM,30
743936,2 PM - before 5 PM,2
743936,5 PM - before 9 PM,2
744018,2 PM - before 5 PM,2
744018,Before 9 AM,1
744031,11 AM - before 2 PM,2
744031,9 AM - before 11 AM,3
744036,Before 9 AM,30
744065,11 AM - before 2 PM,6
744065,2 PM - before 5 PM,3
744065,5 PM - before 9 PM,5
744065,9 AM - before 11 AM,5
744065,Before 9 AM,5
744137,11 AM - before 2 PM,6
744137,2 PM - before 5 PM,7
744137,9 AM - before 11 AM,7
744137,Before 9 AM,10
744212,2 PM - before 5 PM,3
744212,9 AM - before 11 AM,5
744276,11 AM - before 2 PM,3
744276,2 PM - before 5 PM,9
744276,Before 9 AM,3
744338,11 AM - before 2 PM,5
744338,2 PM - before 5 PM,6
744338,5 PM - before 9 PM,6
744338,9 AM - before 11 AM,4
744338,Before 9 AM,4
744362,9 AM - before 11 AM,2
744362,9 PM or later,1
744379,5 PM - before 9 PM,4
744379,9 PM or later,4
744379,Before 9 AM,4
744391,9 AM - before 11 AM,6
744398,5 PM - before 9 PM,6
744478,9 AM - before 11 AM,5
744478,Before 9 AM,20
744540,9 AM - before 11 AM,3
744554,9 AM - before 11 AM,4
744565,11 AM - before 2 PM,5
744565,Before 9 AM,5
744570,5 PM - before 9 PM,16
744702,5 PM - before 9 PM,2
744702,9 AM - before 11 AM,1
744783,5 PM - before 9 PM,6
744830,11 AM - before 2 PM,1
744830,2 PM - before 5 PM,1
744830,5 PM - before 9 PM,6
744830,9 AM - before 11 AM,1
744830,9 PM or later,1
744830,Before 9 AM,20
744935,5 PM - before 9 PM,9
744949,Before 9 AM,8
744957,Before 9 AM,30
744991,5 PM - before 9 PM,4
745008,2 PM - before 5 PM,2
745008,9 AM - before 11 AM,2
745139,5 PM - before 9 PM,4
745160,5 PM - before 9 PM,10
745160,Before 9 AM,4
745541,Before 9 AM,30
745573,11 AM - before 2 PM,1
745573,Before 9 AM,3
745579,5 PM - before 9 PM,8
745579,Before 9 AM,25
745581,Before 9 AM,23
745728,2 PM - before 5 PM,2
745728,5 PM - before 9 PM,1
745728,9 AM - before 11 AM,5
745753,2 PM - before 5 PM,12
745753,Before 9 AM,18
745812,5 PM - before 9 PM,4
745812,9 AM - before 11 AM,3
745827,11 AM - before 2 PM,9
745827,9 AM - before 11 AM,3
746013,9 AM - before 11 AM,4
746038,5 PM - before 9 PM,5
746038,Before 9 AM,10
746047,5 PM - before 9 PM,3
746199,2 PM - before 5 PM,3
746310,2 PM - before 5 PM,3
746310,5 PM - before 9 PM,2
746310,9 AM - before 11 AM,3
746310,Before 9 AM,2
746410,Before 9 AM,4
746432,Before 9 AM,20
746554,9 AM - before 11 AM,3
746554,Before 9 AM,7
746594,2 PM - before 5 PM,1
746594,5 PM - before 9 PM,1
746594,9 AM - before 11 AM,2
746729,9 AM - before 11 AM,2
746729,Before 9 AM,2
746896,11 AM - before 2 PM,2
746896,5 PM - before 9 PM,4
746896,9 PM or later,2
746931,5 PM - before 9 PM,8
746931,Before 9 AM,10
746969,11 AM - before 2 PM,3
746969,5 PM - before 9 PM,3
746969,9 PM or later,3
746996,5 PM - before 9 PM,2
746996,9 PM or later,4
747026,Before 9 AM,3
747125,Before 9 AM,30
747134,11 AM - before 2 PM,4
747134,5 PM - before 9 PM,5
747134,9 PM or later,3
747152,9 AM - before 11 AM,3
747241,5 PM - before 9 PM,6
747241,9 PM or later,4
747246,5 PM - before 9 PM,8
747293,2 PM - before 5 PM,2
747293,9 AM - before 11 AM,2
747354,Before 9 AM,10
747383,2 PM - before 5 PM,3
747383,5 PM - before 9 PM,3
747383,9 PM or later,2
747389,Before 9 AM,6
747410,Before 9 AM,20
747411,11 AM - before 2 PM,6
747544,2 PM - before 5 PM,2
747544,5 PM - before 9 PM,2
747553,5 PM - before 9 PM,3
747553,9 AM - before 11 AM,2
747578,5 PM - before 9 PM,4
747636,2 PM - before 5 PM,4
747636,9 AM - before 11 AM,4
747694,5 PM - before 9 PM,4
747704,2 PM - before 5 PM,1
747704,5 PM - before 9 PM,3
747766,Before 9 AM,20
747835,5 PM - before 9 PM,5
747835,Before 9 AM,3
747860,5 PM - before 9 PM,4
747978,2 PM - before 5 PM,10
747978,5 PM - before 9 PM,5
747978,Before 9 AM,20
747983,Before 9 AM,30
748020,9 AM - before 11 AM,8
748029,Before 9 AM,4
748057,Before 9 AM,30
748086,2 PM - before 5 PM,4
748086,5 PM - before 9 PM,4
748086,Before 9 AM,4
748160,2 PM - before 5 PM,5
748160,Before 9 AM,25
748184,2 PM - before 5 PM,1
748184,5 PM - before 9 PM,2
748184,9 AM - before 11 AM,1
748185,2 PM - before 5 PM,1
748185,9 AM - before 11 AM,2
748242,9 AM - before 11 AM,7
748242,Before 9 AM,5
748265,5 PM - before 9 PM,3
748285,Before 9 AM,30
748304,Before 9 AM,10
748364,11 AM - before 2 PM,1
748364,5 PM - before 9 PM,3
748364,9 AM - before 11 AM,1
748373,2 PM - before 5 PM,10
748373,Before 9 AM,20
748374,9 AM - before 11 AM,4
748374,Before 9 AM,3
748393,5 PM - before 9 PM,8
748418,Before 9 AM,5
748497,Before 9 AM,30
748528,Before 9 AM,4
748554,5 PM - before 9 PM,6
748563,Before 9 AM,30
748569,5 PM - before 9 PM,10
748578,5 PM - before 9 PM,4
748578,9 AM - before 11 AM,4
748613,Before 9 AM,20
748678,11 AM - before 2 PM,5
748678,5 PM - before 9 PM,5
748738,5 PM - before 9 PM,3
748738,9 AM - before 11 AM,4
748748,5 PM - before 9 PM,2
748748,Before 9 AM,3
748758,9 PM or later,2
748758,Before 9 AM,2
748807,2 PM - before 5 PM,2
748807,5 PM - before 9 PM,4
748875,11 AM - before 2 PM,20
748875,2 PM - before 5 PM,10
748875,Before 9 AM,30
748883,11 AM - before 2 PM,1
748883,5 PM - before 9 PM,2
748883,9 AM - before 11 AM,1
748944,5 PM - before 9 PM,2
748944,9 AM - before 11 AM,2
749176,11 AM - before 2 PM,4
749176,5 PM - before 9 PM,4
749176,9 PM or later,4
749179,9 AM - before 11 AM,3
749179,Before 9 AM,7
749187,2 PM - before 5 PM,3
749187,5 PM - before 9 PM,4
749187,Before 9 AM,6
749194,11 AM - before 2 PM,4
749194,Before 9 AM,4
749208,Before 9 AM,4
749403,5 PM - before 9 PM,6
749403,Before 9 AM,4
749417,9 AM - before 11 AM,8
749417,Before 9 AM,7
749434,5 PM - before 9 PM,5
749434,9 AM - before 11 AM,3
749457,5 PM - before 9 PM,2
749457,9 AM - before 11 AM,3
749495,11 AM - before 2 PM,4
749495,2 PM - before 5 PM,3
749495,Before 9 AM,3
749526,11 AM - before 2 PM,4
749526,2 PM - before 5 PM,4
749558,9 AM - before 11 AM,4
749617,Before 9 AM,30
749619,Before 9 AM,16
749834,5 PM - before 9 PM,4
749834,Before 9 AM,6
749837,5 PM - before 9 PM,5
749837,9 PM or later,5
749862,2 PM - before 5 PM,1
749862,Before 9 AM,1
749897,2 PM - before 5 PM,2
749897,5 PM - before 9 PM,3
749904,11 AM - before 2 PM,2
749904,2 PM - before 5 PM,2
749904,5 PM - before 9 PM,4
749977,5 PM - before 9 PM,6
750058,5 PM - before 9 PM,5
750065,2 PM - before 5 PM,2
750065,Before 9 AM,1
750119,5 PM - before 9 PM,3
750119,Before 9 AM,1
750139,2 PM - before 5 PM,3
750139,5 PM - before 9 PM,3
750139,Before 9 AM,2
750219,11 AM - before 2 PM,15
750219,5 PM - before 9 PM,10
750219,Before 9 AM,20
750323,2 PM - before 5 PM,5
750323,5 PM - before 9 PM,5
750323,Before 9 AM,20
750363,11 AM - before 2 PM,9
750392,11 AM - before 2 PM,2
750392,2 PM - before 5 PM,3
750392,9 AM - before 11 AM,3
750415,2 PM - before 5 PM,4
750415,Before 9 AM,4
750599,5 PM - before 9 PM,5
750621,5 PM - before 9 PM,5
750705,2 PM - before 5 PM,5
750705,9 AM - before 11 AM,5
750705,Before 9 AM,20
750784,2 PM - before 5 PM,1
750784,Before 9 AM,3
750786,11 AM - before 2 PM,2
750786,5 PM - before 9 PM,4
750786,9 AM - before 11 AM,2
750786,9 PM or later,2
750852,11 AM - before 2 PM,4
750852,9 AM - before 11 AM,4
750888,5 PM - before 9 PM,28
750944,2 PM - before 5 PM,11
750944,Before 9 AM,19
750972,Before 9 AM,22
751029,Before 9 AM,10
751050,11 AM - before 2 PM,15
751050,2 PM - before 5 PM,10
751050,Before 9 AM,15
751063,11 AM - before 2 PM,15
751063,Before 9 AM,10
751086,5 PM - before 9 PM,6
751086,9 PM or later,8
751086,Before 9 AM,6
751130,Before 9 AM,30
751279,Before 9 AM,20
751422,5 PM - before 9 PM,5
751422,9 AM - before 11 AM,7
751422,Before 9 AM,8
751460,5 PM - before 9 PM,5
751460,Before 9 AM,5
751488,5 PM - before 9 PM,5
751488,Before 9 AM,5
751577,9 AM - before 11 AM,1
751606,11 AM - before 2 PM,15
751606,5 PM - before 9 PM,15
751637,5 PM - before 9 PM,2
751637,9 AM - before 11 AM,1
751637,Before 9 AM,1
751792,Before 9 AM,10
751798,Before 9 AM,3
751840,Before 9 AM,5
751990,11 AM - before 2 PM,15
751997,Before 9 AM,4
752017,5 PM - before 9 PM,10
752021,5 PM - before 9 PM,4
752021,Before 9 AM,6
752187,11 AM - before 2 PM,7
752187,2 PM - before 5 PM,6
752187,Before 9 AM,7
752198,5 PM - before 9 PM,8
752198,Before 9 AM,28
752214,11 AM - before 2 PM,13
752214,Before 9 AM,7
752252,Before 9 AM,8
752274,Before 9 AM,6
752287,Before 9 AM,4
752442,Before 9 AM,10
752593,11 AM - before 2 PM,10
752593,2 PM - before 5 PM,5
752593,Before 9 AM,30
752673,5 PM - before 9 PM,4
752673,9 AM - before 11 AM,4
752673,Before 9 AM,4
752715,Before 9 AM,20
752734,11 AM - before 2 PM,6
752734,5 PM - before 9 PM,10
752734,Before 9 AM,14
752737,11 AM - before 2 PM,10
752737,5 PM - before 9 PM,10
752737,Before 9 AM,25
752760,5 PM - before 9 PM,3
752760,9 AM - before 11 AM,3
752774,11 AM - before 2 PM,10
752774,5 PM - before 9 PM,5
752826,Before 9 AM,30
752860,Before 9 AM,10
752923,11 AM - before 2 PM,20
752923,Before 9 AM,10
752947,2 PM - before 5 PM,15
752947,Before 9 AM,15
753075,11 AM - before 2 PM,3
753075,5 PM - before 9 PM,3
753075,Before 9 AM,5
753287,Before 9 AM,20
753429,Before 9 AM,30
753476,11 AM - before 2 PM,7
753476,9 PM or later,5
753540,11 AM - before 2 PM,7
753540,5 PM - before 9 PM,8
753557,5 PM - before 9 PM,2
753557,Before 9 AM,28
753604,11 AM - before 2 PM,5
753604,Before 9 AM,25
753731,Before 9 AM,30
753962,11 AM - before 2 PM,7
753962,5 PM - before 9 PM,8
754178,Before 9 AM,15
754212,9 AM - before 11 AM,5
754301,11 AM - before 2 PM,9
754301,Before 9 AM,6
754334,5 PM - before 9 PM,6
754468,Before 9 AM,10
754605,2 PM - before 5 PM,5
754605,Before 9 AM,4
754606,Before 9 AM,5
754679,Before 9 AM,30
755205,Before 9 AM,30
755669,5 PM - before 9 PM,6
755768,Before 9 AM,8
755816,5 PM - before 9 PM,4
755816,9 AM - before 11 AM,2
755816,Before 9 AM,2
755862,5 PM - before 9 PM,2
755862,Before 9 AM,4
755910,5 PM - before 9 PM,2
755910,Before 9 AM,3
755951,Before 9 AM,4
756044,11 AM - before 2 PM,6
756044,5 PM - before 9 PM,8
756044,Before 9 AM,7
756045,Before 9 AM,8
756062,Before 9 AM,10
756192,2 PM - before 5 PM,2
756192,5 PM - before 9 PM,2
756395,2 PM - before 5 PM,6
756395,5 PM - before 9 PM,5
756395,9 AM - before 11 AM,5
756395,Before 9 AM,6
756627,Before 9 AM,20
756694,5 PM - before 9 PM,6
756694,Before 9 AM,6
756805,5 PM - before 9 PM,4
756849,5 PM - before 9 PM,2
756858,5 PM - before 9 PM,4
756858,9 AM - before 11 AM,4
757077,Before 9 AM,4
757084,11 AM - before 2 PM,7
757084,2 PM - before 5 PM,9
757084,9 AM - before 11 AM,7
757182,2 PM - before 5 PM,7
757182,5 PM - before 9 PM,9
757182,9 AM - before 11 AM,7
757182,Before 9 AM,7
757507,2 PM - before 5 PM,20
757507,5 PM - before 9 PM,20
757507,Before 9 AM,20
757600,5 PM - before 9 PM,10
757600,9 AM - before 11 AM,10
757659,5 PM - before 9 PM,2
757659,Before 9 AM,8
757703,Before 9 AM,30
757809,11 AM - before 2 PM,1
757809,9 PM or later,4
757813,11 AM - before 2 PM,2
757813,5 PM - before 9 PM,2
757873,9 AM - before 11 AM,4
757910,Before 9 AM,8
758044,5 PM - before 9 PM,3
758148,11 AM - before 2 PM,4
758148,2 PM - before 5 PM,4
758148,5 PM - before 9 PM,4
758148,9 AM - before 11 AM,4
758148,Before 9 AM,10
758160,11 AM - before 2 PM,3
758160,5 PM - before 9 PM,3
758160,Before 9 AM,2
758164,Before 9 AM,30
758243,5 PM - before 9 PM,10
758243,Before 9 AM,20
758332,11 AM - before 2 PM,1
758332,5 PM - before 9 PM,1
758332,9 PM or later,1
758332,Before 9 AM,1
758407,9 AM - before 11 AM,10
758407,Before 9 AM,20
758482,5 PM - before 9 PM,8
758618,2 PM - before 5 PM,2
758618,9 AM - before 11 AM,4
758701,Before 9 AM,10
758732,9 AM - before 11 AM,4
758732,Before 9 AM,26
758734,5 PM - before 9 PM,2
758753,2 PM - before 5 PM,4
758753,5 PM - before 9 PM,2
758827,11 AM - before 2 PM,10
758827,5 PM - before 9 PM,10
758827,9 AM - before 11 AM,10
758827,Before 9 AM,10
758905,2 PM - before 5 PM,1
758905,5 PM - before 9 PM,3
758905,9 AM - before 11 AM,2
759238,5 PM - before 9 PM,4
759238,9 AM - before 11 AM,3
759284,5 PM - before 9 PM,2
759284,9 AM - before 11 AM,6
759284,9 PM or later,2
759300,Before 9 AM,15
759414,Before 9 AM,10
759443,2 PM - before 5 PM,2
759494,5 PM - before 9 PM,4
759873,Before 9 AM,15
759973,11 AM - before 2 PM,5
759973,Before 9 AM,5
760150,5 PM - before 9 PM,6
760248,11 AM - before 2 PM,10
760248,Before 9 AM,20
760937,9 AM - before 11 AM,10
760937,Before 9 AM,20
760969,5 PM - before 9 PM,28
760977,Before 9 AM,30
761044,11 AM - before 2 PM,5
761044,Before 9 AM,5
761149,5 PM - before 9 PM,15
761149,Before 9 AM,15
761182,9 AM - before 11 AM,10
761182,Before 9 AM,20
761354,11 AM - before 2 PM,30
761750,11 AM - before 2 PM,20
762012,Before 9 AM,30
762255,Before 9 AM,10
762852,Before 9 AM,15
763355,5 PM - before 9 PM,5
763355,9 AM - before 11 AM,2
763355,9 PM or later,3
763500,5 PM - before 9 PM,15
763500,9 AM - before 11 AM,5
763500,Before 9 AM,10
763558,5 PM - before 9 PM,4
763558,9 AM - before 11 AM,4
763762,5 PM - before 9 PM,1
763762,Before 9 AM,2
763845,5 PM - before 9 PM,30
763845,Before 9 AM,30
764111,Before 9 AM,30
764154,11 AM - before 2 PM,1
764154,5 PM - before 9 PM,1
764281,11 AM - before 2 PM,2
764281,5 PM - before 9 PM,2
764370,2 PM - before 5 PM,2
764370,9 AM - before 11 AM,3
764539,5 PM - before 9 PM,18
764539,Before 9 AM,5
764577,2 PM - before 5 PM,10
764577,Before 9 AM,10
764580,Before 9 AM,30
764618,5 PM - before 9 PM,2
764618,9 AM - before 11 AM,4
764618,Before 9 AM,2
764623,5 PM - before 9 PM,4
764654,11 AM - before 2 PM,1
764654,5 PM - before 9 PM,2
764663,11 AM - before 2 PM,2
764663,5 PM - before 9 PM,2
764703,2 PM - before 5 PM,2
764703,5 PM - before 9 PM,4
764703,9 PM or later,1
764846,5 PM - before 9 PM,30
764857,Before 9 AM,10
764882,5 PM - before 9 PM,4
765076,11 AM - before 2 PM,5
765076,5 PM - before 9 PM,5
765076,9 PM or later,5
765184,Before 9 AM,30
765249,5 PM - before 9 PM,30
765249,Before 9 AM,30
765342,11 AM - before 2 PM,2
765342,9 PM or later,1
765470,11 AM - before 2 PM,10
765470,5 PM - before 9 PM,10
765470,Before 9 AM,10
765501,11 AM - before 2 PM,1
765501,2 PM - before 5 PM,1
765501,5 PM - before 9 PM,2
765509,11 AM - before 2 PM,2
765509,5 PM - before 9 PM,2
765692,Before 9 AM,30
765811,2 PM - before 5 PM,1
765811,9 PM or later,2
765811,Before 9 AM,1
765848,Before 9 AM,30
765990,11 AM - before 2 PM,1
765990,5 PM - before 9 PM,4
766003,11 AM - before 2 PM,2
766003,5 PM - before 9 PM,5
766003,9 AM - before 11 AM,3
766003,9 PM or later,2
766496,9 PM or later,1
766496,Before 9 AM,1
767264,Before 9 AM,15
767540,Before 9 AM,10
767644,5 PM - before 9 PM,4
767644,Before 9 AM,6
767694,11 AM - before 2 PM,1
767694,5 PM - before 9 PM,2
767775,2 PM - before 5 PM,5
767775,Before 9 AM,15
767805,5 PM - before 9 PM,3
767805,9 AM - before 11 AM,3
767805,9 PM or later,4
767878,2 PM - before 5 PM,2
767878,5 PM - before 9 PM,1
767878,9 AM - before 11 AM,5
768033,Before 9 AM,30
768329,5 PM - before 9 PM,1
768329,9 AM - before 11 AM,4
768332,5 PM - before 9 PM,1
768332,9 PM or later,1
768461,Before 9 AM,30
768521,11 AM - before 2 PM,2
768521,5 PM - before 9 PM,2
768521,9 PM or later,3
768521,Before 9 AM,5
768538,5 PM - before 9 PM,4
768538,Before 9 AM,4
768577,9 AM - before 11 AM,4
768725,Before 9 AM,4
768874,5 PM - before 9 PM,5
768874,Before 9 AM,10
769062,9 AM - before 11 AM,4
769065,11 AM - before 2 PM,1
769065,5 PM - before 9 PM,2
769092,11 AM - before 2 PM,2
769092,Before 9 AM,5
769107,9 AM - before 11 AM,6
769107,Before 9 AM,6
769162,Before 9 AM,10
769207,11 AM - before 2 PM,2
769207,5 PM - before 9 PM,2
769392,5 PM - before 9 PM,1
769392,9 AM - before 11 AM,3
769410,5 PM - before 9 PM,2
769410,Before 9 AM,1
769476,2 PM - before 5 PM,1
769476,5 PM - before 9 PM,2
769476,9 AM - before 11 AM,2
769484,11 AM - before 2 PM,1
769484,5 PM - before 9 PM,2
769484,9 PM or later,1
769578,9 AM - before 11 AM,4
769812,5 PM - before 9 PM,5
769866,2 PM - before 5 PM,1
769866,5 PM - before 9 PM,2
769866,9 AM - before 11 AM,1
769934,Before 9 AM,15
770076,11 AM - before 2 PM,2
770076,5 PM - before 9 PM,3
770151,5 PM - before 9 PM,7
770151,Before 9 AM,8
770161,2 PM - before 5 PM,2
770161,Before 9 AM,2
770361,5 PM - before 9 PM,30
770420,9 AM - before 11 AM,30
770510,5 PM - before 9 PM,4
770510,9 PM or later,4
770588,11 AM - before 2 PM,1
770588,2 PM - before 5 PM,2
770602,9 AM - before 11 AM,4
770602,Before 9 AM,5
770627,5 PM - before 9 PM,3
770674,5 PM - before 9 PM,10
770674,Before 9 AM,20
770941,5 PM - before 9 PM,4
770941,Before 9 AM,4
770949,11 AM - before 2 PM,2
770949,5 PM - before 9 PM,4
770949,9 AM - before 11 AM,3
770949,9 PM or later,1
770975,5 PM - before 9 PM,7
771047,2 PM - before 5 PM,2
771047,Before 9 AM,2
771105,11 AM - before 2 PM,5
771105,5 PM - before 9 PM,6
771164,9 AM - before 11 AM,7
771164,Before 9 AM,3
771327,9 PM or later,4
771368,5 PM - before 9 PM,2
771368,9 AM - before 11 AM,2
771940,2 PM - before 5 PM,3
771940,9 AM - before 11 AM,6
774936,9 AM - before 11 AM,6
775425,5 PM - before 9 PM,10
775425,Before 9 AM,20
775864,5 PM - before 9 PM,10
775864,Before 9 AM,20
776783,2 PM - before 5 PM,8
776783,5 PM - before 9 PM,3
776783,9 AM - before 11 AM,9
776783,Before 9 AM,5
776835,11 AM - before 2 PM,4
776835,5 PM - before 9 PM,3
776835,9 AM - before 11 AM,3
777021,9 PM or later,3
777021,Before 9 AM,1
777116,11 AM - before 2 PM,1
777116,5 PM - before 9 PM,1
777319,11 AM - before 2 PM,2
777319,5 PM - before 9 PM,3
777319,9 AM - before 11 AM,3
777687,5 PM - before 9 PM,2
777687,9 PM or later,1
777775,5 PM - before 9 PM,10
777775,9 AM - before 11 AM,8
777775,Before 9 AM,10
777873,11 AM - before 2 PM,10
777873,2 PM - before 5 PM,7
777873,9 AM - before 11 AM,10
777873,Before 9 AM,28
777899,2 PM - before 5 PM,3
777899,5 PM - before 9 PM,5
777899,9 PM or later,2
777967,11 AM - before 2 PM,2
777967,5 PM - before 9 PM,3
777967,9 AM - before 11 AM,3
777967,9 PM or later,2
778052,5 PM - before 9 PM,13
778052,Before 9 AM,30
778056,5 PM - before 9 PM,4
778056,9 AM - before 11 AM,4
778056,Before 9 AM,4
778066,Before 9 AM,20
778086,2 PM - before 5 PM,3
778086,5 PM - before 9 PM,3
778115,11 AM - before 2 PM,1
778115,5 PM - before 9 PM,1
778115,9 PM or later,1
778119,11 AM - before 2 PM,2
778119,5 PM - before 9 PM,2
778119,9 PM or later,2
778133,5 PM - before 9 PM,6
778133,9 AM - before 11 AM,6
778146,5 PM - before 9 PM,3
778146,9 AM - before 11 AM,7
778297,5 PM - before 9 PM,2
778297,Before 9 AM,2
778485,9 AM - before 11 AM,2
778491,Before 9 AM,2
778557,11 AM - before 2 PM,2
778557,5 PM - before 9 PM,4
778557,9 PM or later,1
778557,Before 9 AM,3
778682,Before 9 AM,3
778686,9 AM - before 11 AM,2
778686,Before 9 AM,2
778694,5 PM - before 9 PM,3
778694,9 PM or later,1
778702,9 AM - before 11 AM,3
778745,11 AM - before 2 PM,3
778745,5 PM - before 9 PM,3
778745,9 PM or later,1
778813,9 AM - before 11 AM,2
778827,9 AM - before 11 AM,3
778880,9 AM - before 11 AM,2
778891,Before 9 AM,4
778941,5 PM - before 9 PM,8
778941,Before 9 AM,22
779000,2 PM - before 5 PM,2
779000,5 PM - before 9 PM,2
779000,9 AM - before 11 AM,1
779002,2 PM - before 5 PM,2
779002,5 PM - before 9 PM,2
779039,9 AM - before 11 AM,8
779092,9 AM - before 11 AM,5
779188,2 PM - before 5 PM,2
779226,5 PM - before 9 PM,2
779226,Before 9 AM,2
779488,Before 9 AM,8
779634,Before 9 AM,4
779696,2 PM - before 5 PM,1
779696,9 AM - before 11 AM,1
779711,11 AM - before 2 PM,2
779711,Before 9 AM,3
779860,2 PM - before 5 PM,4
779860,5 PM - before 9 PM,10
779860,Before 9 AM,10
779863,5 PM - before 9 PM,6
779863,9 AM - before 11 AM,4
779883,5 PM - before 9 PM,2
779883,9 AM - before 11 AM,3
779883,Before 9 AM,3
780024,2 PM - before 5 PM,7
780024,5 PM - before 9 PM,15
780024,Before 9 AM,10
780027,Before 9 AM,4
780133,Before 9 AM,4
780186,Before 9 AM,4
780275,11 AM - before 2 PM,3
780275,5 PM - before 9 PM,4
780275,9 AM - before 11 AM,2
780275,9 PM or later,2
780356,Before 9 AM,6
780377,11 AM - before 2 PM,3
780377,5 PM - before 9 PM,4
780377,Before 9 AM,3
780422,2 PM - before 5 PM,1
780422,9 AM - before 11 AM,2
780427,9 AM - before 11 AM,4
780428,Before 9 AM,8
780448,5 PM - before 9 PM,2
780448,9 AM - before 11 AM,3
780513,11 AM - before 2 PM,5
780513,5 PM - before 9 PM,5
780513,9 AM - before 11 AM,10
780513,Before 9 AM,30
780531,2 PM - before 5 PM,2
780531,5 PM - before 9 PM,6
780531,9 AM - before 11 AM,7
780545,5 PM - before 9 PM,4
780545,9 PM or later,2
780575,5 PM - before 9 PM,10
780575,Before 9 AM,15
780577,11 AM - before 2 PM,15
780577,5 PM - before 9 PM,12
780604,11 AM - before 2 PM,3
780604,5 PM - before 9 PM,1
780620,Before 9 AM,2
780630,2 PM - before 5 PM,2
780630,9 AM - before 11 AM,6
780698,9 AM - before 11 AM,4
780726,Before 9 AM,20
780763,11 AM - before 2 PM,10
780763,5 PM - before 9 PM,10
780788,2 PM - before 5 PM,4
780788,5 PM - before 9 PM,2
780788,Before 9 AM,4
780830,2 PM - before 5 PM,2
780830,5 PM - before 9 PM,4
780835,2 PM - before 5 PM,2
780835,5 PM - before 9 PM,4
780835,9 PM or later,2
781027,11 AM - before 2 PM,2
781027,5 PM - before 9 PM,3
781095,5 PM - before 9 PM,4
781095,9 AM - before 11 AM,4
781110,2 PM - before 5 PM,3
781110,5 PM - before 9 PM,5
781110,9 PM or later,2
781111,5 PM - before 9 PM,3
781111,9 PM or later,1
781145,11 AM - before 2 PM,2
781145,5 PM - before 9 PM,3
781168,11 AM - before 2 PM,6
781237,5 PM - before 9 PM,4
781266,11 AM - before 2 PM,3
781266,2 PM - before 5 PM,2
781266,5 PM - before 9 PM,3
781266,Before 9 AM,7
781296,5 PM - before 9 PM,2
781296,Before 9 AM,2
781337,Before 9 AM,8
781338,2 PM - before 5 PM,3
781338,5 PM - before 9 PM,3
781338,9 AM - before 11 AM,3
781338,9 PM or later,2
781344,5 PM - before 9 PM,3
781344,9 AM - before 11 AM,1
781349,2 PM - before 5 PM,3
781349,5 PM - before 9 PM,2
781407,Before 9 AM,8
781444,9 AM - before 11 AM,4
781452,11 AM - before 2 PM,1
781452,2 PM - before 5 PM,2
781559,Before 9 AM,10
781598,Before 9 AM,10
781673,5 PM - before 9 PM,2
781673,Before 9 AM,1
781679,9 AM - before 11 AM,4
781683,5 PM - before 9 PM,3
781691,5 PM - before 9 PM,4
781716,5 PM - before 9 PM,2
781716,9 AM - before 11 AM,2
781720,11 AM - before 2 PM,5
781720,5 PM - before 9 PM,7
781753,2 PM - before 5 PM,6
781761,11 AM - before 2 PM,1
781761,Before 9 AM,3
781808,9 AM - before 11 AM,2
781816,Before 9 AM,4
781864,9 AM - before 11 AM,2
781867,9 AM - before 11 AM,3
781899,5 PM - before 9 PM,10
781899,Before 9 AM,5
781942,Before 9 AM,10
781969,11 AM - before 2 PM,2
781969,5 PM - before 9 PM,3
782110,5 PM - before 9 PM,5
782110,Before 9 AM,7
782122,5 PM - before 9 PM,6
782122,9 AM - before 11 AM,4
782223,11 AM - before 2 PM,2
782223,5 PM - before 9 PM,1
782267,2 PM - before 5 PM,1
782267,9 AM - before 11 AM,4
782267,Before 9 AM,3
782281,2 PM - before 5 PM,3
782281,5 PM - before 9 PM,1
782293,5 PM - before 9 PM,8
782293,9 AM - before 11 AM,4
782322,2 PM - before 5 PM,1
782322,9 AM - before 11 AM,2
782431,11 AM - before 2 PM,4
782431,5 PM - before 9 PM,4
782431,Before 9 AM,2
782475,11 AM - before 2 PM,2
782475,5 PM - before 9 PM,3
782475,9 AM - before 11 AM,2
782475,Before 9 AM,2
782486,9 AM - before 11 AM,5
782497,9 AM - before 11 AM,3
782633,Before 9 AM,30
782797,5 PM - before 9 PM,10
782797,Before 9 AM,20
782806,Before 9 AM,8
782852,5 PM - before 9 PM,8
782852,Before 9 AM,8
782937,5 PM - before 9 PM,5
782990,Before 9 AM,2
783007,2 PM - before 5 PM,10
783007,Before 9 AM,20
783034,2 PM - before 5 PM,4
783034,9 AM - before 11 AM,4
783057,11 AM - before 2 PM,3
783057,5 PM - before 9 PM,3
783057,Before 9 AM,4
783062,11 AM - before 2 PM,1
783062,5 PM - before 9 PM,3
783066,5 PM - before 9 PM,21
783116,5 PM - before 9 PM,5
783116,Before 9 AM,20
783122,Before 9 AM,30
783137,5 PM - before 9 PM,2
783137,Before 9 AM,2
783177,11 AM - before 2 PM,1
783177,5 PM - before 9 PM,2
783177,9 PM or later,2
783226,Before 9 AM,30
783233,5 PM - before 9 PM,3
783233,9 AM - before 11 AM,3
783281,5 PM - before 9 PM,4
783281,Before 9 AM,4
783310,11 AM - before 2 PM,3
783310,9 PM or later,4
783310,Before 9 AM,2
783322,5 PM - before 9 PM,1
783322,9 AM - before 11 AM,2
783335,9 AM - before 11 AM,3
783344,5 PM - before 9 PM,4
783344,9 AM - before 11 AM,4
783358,Before 9 AM,12
783368,11 AM - before 2 PM,5
783368,5 PM - before 9 PM,5
783382,2 PM - before 5 PM,1
783382,5 PM - before 9 PM,2
783412,11 AM - before 2 PM,1
783412,5 PM - before 9 PM,1
783412,9 AM - before 11 AM,1
783439,Before 9 AM,5
783442,2 PM - before 5 PM,2
783442,5 PM - before 9 PM,1
783467,2 PM - before 5 PM,3
783467,5 PM - before 9 PM,1
783467,9 AM - before 11 AM,2
783496,5 PM - before 9 PM,4
783496,Before 9 AM,26
783509,5 PM - before 9 PM,3
783509,9 PM or later,1
783544,11 AM - before 2 PM,3
783544,5 PM - before 9 PM,2
783544,Before 9 AM,3
783591,5 PM - before 9 PM,3
783614,2 PM - before 5 PM,1
783614,5 PM - before 9 PM,2
783618,11 AM - before 2 PM,2
783618,2 PM - before 5 PM,1
783618,5 PM - before 9 PM,1
783618,9 PM or later,2
783665,5 PM - before 9 PM,4
783705,Before 9 AM,4
783720,5 PM - before 9 PM,6
783720,9 AM - before 11 AM,3
783720,Before 9 AM,3
783728,5 PM - before 9 PM,6
783728,9 PM or later,2
783762,Before 9 AM,10
783867,11 AM - before 2 PM,4
783867,5 PM - before 9 PM,5
783867,9 AM - before 11 AM,6
783881,5 PM - before 9 PM,4
783881,Before 9 AM,1
783948,5 PM - before 9 PM,7
783948,9 AM - before 11 AM,4
784021,5 PM - before 9 PM,5
784035,11 AM - before 2 PM,1
784035,9 AM - before 11 AM,3
784047,2 PM - before 5 PM,2
784047,5 PM - before 9 PM,2
784047,Before 9 AM,1
784055,Before 9 AM,30
784079,2 PM - before 5 PM,8
784156,5 PM - before 9 PM,4
784156,Before 9 AM,2
784172,5 PM - before 9 PM,4
784172,9 AM - before 11 AM,2
784316,5 PM - before 9 PM,2
784316,9 AM - before 11 AM,1
784325,9 AM - before 11 AM,5
784325,Before 9 AM,25
784329,11 AM - before 2 PM,7
784329,9 AM - before 11 AM,4
784329,9 PM or later,1
784329,Before 9 AM,8
784332,9 AM - before 11 AM,4
784366,5 PM - before 9 PM,1
784366,9 AM - before 11 AM,3
784403,2 PM - before 5 PM,2
784403,9 AM - before 11 AM,2
784423,11 AM - before 2 PM,1
784423,5 PM - before 9 PM,5
784423,9 AM - before 11 AM,1
784423,Before 9 AM,7
784430,Before 9 AM,30
784445,5 PM - before 9 PM,4
784503,5 PM - before 9 PM,8
784503,9 AM - before 11 AM,4
784503,9 PM or later,4
784511,9 PM or later,2
784511,Before 9 AM,10
784935,5 PM - before 9 PM,6
784935,Before 9 AM,6
784954,Before 9 AM,3
785317,5 PM - before 9 PM,4
785351,5 PM - before 9 PM,5
785351,9 AM - before 11 AM,5
785470,Before 9 AM,2
785479,11 AM - before 2 PM,2
785479,5 PM - before 9 PM,3
785479,9 AM - before 11 AM,3
785671,2 PM - before 5 PM,3
785671,5 PM - before 9 PM,2
785671,9 AM - before 11 AM,1
785740,2 PM - before 5 PM,1
785740,5 PM - before 9 PM,1
785740,9 AM - before 11 AM,3
785881,5 PM - before 9 PM,2
785881,Before 9 AM,2
786004,5 PM - before 9 PM,4
786004,9 AM - before 11 AM,2
786019,5 PM - before 9 PM,5
786019,Before 9 AM,3
786028,11 AM - before 2 PM,5
786173,11 AM - before 2 PM,2
786173,9 AM - before 11 AM,3
786188,11 AM - before 2 PM,2
786188,5 PM - before 9 PM,4
786237,9 AM - before 11 AM,4
786259,5 PM - before 9 PM,10
786307,5 PM - before 9 PM,2
786307,9 AM - before 11 AM,1
786341,Before 9 AM,12
786373,5 PM - before 9 PM,3
786373,9 AM - before 11 AM,2
786374,5 PM - before 9 PM,4
786374,9 PM or later,4
786408,2 PM - before 5 PM,1
786408,5 PM - before 9 PM,2
786408,Before 9 AM,2
786472,5 PM - before 9 PM,5
786472,9 AM - before 11 AM,2
786472,9 PM or later,1
786479,2 PM - before 5 PM,3
786479,5 PM - before 9 PM,5
786479,9 PM or later,2
786547,2 PM - before 5 PM,2
786547,Before 9 AM,4
786553,5 PM - before 9 PM,4
786563,5 PM - before 9 PM,1
786563,Before 9 AM,1
786613,2 PM - before 5 PM,2
786613,5 PM - before 9 PM,2
786623,5 PM - before 9 PM,7
786623,Before 9 AM,28
786667,5 PM - before 9 PM,9
786667,Before 9 AM,7
786733,5 PM - before 9 PM,4
786804,11 AM - before 2 PM,2
786804,5 PM - before 9 PM,3
786833,5 PM - before 9 PM,2
786833,Before 9 AM,1
786843,Before 9 AM,3
786848,9 AM - before 11 AM,3
786870,2 PM - before 5 PM,4
786870,9 AM - before 11 AM,3
786912,5 PM - before 9 PM,3
786922,2 PM - before 5 PM,2
786922,5 PM - before 9 PM,2
786936,2 PM - before 5 PM,2
786936,5 PM - before 9 PM,4
786952,5 PM - before 9 PM,4
786990,2 PM - before 5 PM,2
786990,5 PM - before 9 PM,2
786990,9 AM - before 11 AM,1
787038,2 PM - before 5 PM,2
787038,9 AM - before 11 AM,3
787127,2 PM - before 5 PM,2
787127,5 PM - before 9 PM,3
787135,2 PM - before 5 PM,2
787135,5 PM - before 9 PM,3
787135,9 PM or later,1
787164,5 PM - before 9 PM,4
787218,9 AM - before 11 AM,3
787218,Before 9 AM,2
787289,11 AM - before 2 PM,2
787289,5 PM - before 9 PM,4
787289,9 PM or later,2
787315,5 PM - before 9 PM,5
787315,9 AM - before 11 AM,2
787315,9 PM or later,3
787493,Before 9 AM,15
787564,5 PM - before 9 PM,4
787704,9 PM or later,2
787704,Before 9 AM,8
787815,5 PM - before 9 PM,3
787815,9 AM - before 11 AM,2
787815,9 PM or later,2
787887,2 PM - before 5 PM,2
787887,5 PM - before 9 PM,3
787910,2 PM - before 5 PM,2
787910,5 PM - before 9 PM,2
787910,9 AM - before 11 AM,4
787949,11 AM - before 2 PM,10
787962,5 PM - before 9 PM,2
787962,9 AM - before 11 AM,2
787962,Before 9 AM,2
788019,5 PM - before 9 PM,9
788487,5 PM - before 9 PM,2
788487,9 AM - before 11 AM,3
788493,Before 9 AM,15
788556,Before 9 AM,16
788564,Before 9 AM,14
788645,2 PM - before 5 PM,2
788645,5 PM - before 9 PM,2
788645,9 AM - before 11 AM,1
788783,2 PM - before 5 PM,4
788783,5 PM - before 9 PM,4
788783,9 AM - before 11 AM,3
788783,Before 9 AM,4
788908,2 PM - before 5 PM,2
788908,5 PM - before 9 PM,1
788908,Before 9 AM,3
788918,11 AM - before 2 PM,2
788918,5 PM - before 9 PM,2
788931,11 AM - before 2 PM,2
788931,2 PM - before 5 PM,2
788931,5 PM - before 9 PM,2
788990,Before 9 AM,4
788995,5 PM - before 9 PM,4
788995,Before 9 AM,4
789080,Before 9 AM,4
789086,Before 9 AM,2
789153,2 PM - before 5 PM,11
789153,Before 9 AM,10
789161,Before 9 AM,30
789235,5 PM - before 9 PM,2
789235,9 AM - before 11 AM,2
789235,Before 9 AM,2
789255,5 PM - before 9 PM,3
789255,9 AM - before 11 AM,2
789261,2 PM - before 5 PM,1
789261,5 PM - before 9 PM,2
789278,11 AM - before 2 PM,2
789283,Before 9 AM,2
789295,9 AM - before 11 AM,4
789371,Before 9 AM,10
789380,11 AM - before 2 PM,2
789380,5 PM - before 9 PM,2
789386,11 AM - before 2 PM,1
789386,2 PM - before 5 PM,1
789386,5 PM - before 9 PM,1
789398,5 PM - before 9 PM,8
789398,9 AM - before 11 AM,10
789440,2 PM - before 5 PM,2
789440,5 PM - before 9 PM,3
789441,11 AM - before 2 PM,2
789441,5 PM - before 9 PM,2
789449,5 PM - before 9 PM,14
789508,Before 9 AM,2
789521,11 AM - before 2 PM,2
789521,2 PM - before 5 PM,1
789521,5 PM - before 9 PM,1
789521,9 AM - before 11 AM,2
789523,Before 9 AM,12
789529,Before 9 AM,8
789566,11 AM - before 2 PM,2
789566,5 PM - before 9 PM,2
789566,9 AM - before 11 AM,1
789578,5 PM - before 9 PM,3
789606,5 PM - before 9 PM,2
789606,9 PM or later,2
789623,5 PM - before 9 PM,4
789625,2 PM - before 5 PM,2
789625,5 PM - before 9 PM,4
789625,9 PM or later,2
789631,11 AM - before 2 PM,2
789631,2 PM - before 5 PM,3
789631,5 PM - before 9 PM,3
789636,2 PM - before 5 PM,10
789636,Before 9 AM,20
789709,11 AM - before 2 PM,2
789709,5 PM - before 9 PM,2
789709,Before 9 AM,2
789711,11 AM - before 2 PM,3
789711,5 PM - before 9 PM,3
789711,9 AM - before 11 AM,3
789725,Before 9 AM,4
789742,11 AM - before 2 PM,2
789742,5 PM - before 9 PM,2
789761,2 PM - before 5 PM,2
789761,5 PM - before 9 PM,2
789761,9 PM or later,2
789765,2 PM - before 5 PM,3
789765,5 PM - before 9 PM,4
789765,9 AM - before 11 AM,3
789774,Before 9 AM,5
789781,2 PM - before 5 PM,7
789781,Before 9 AM,8
789789,5 PM - before 9 PM,4
789789,9 PM or later,3
789789,Before 9 AM,3
789806,Before 9 AM,7
789849,9 AM - before 11 AM,2
789857,11 AM - before 2 PM,1
789857,2 PM - before 5 PM,1
789857,5 PM - before 9 PM,1
789917,2 PM - before 5 PM,2
789917,5 PM - before 9 PM,4
789917,9 PM or later,2
789941,9 AM - before 11 AM,5
789943,Before 9 AM,2
789960,11 AM - before 2 PM,1
789960,9 AM - before 11 AM,1
789996,9 AM - before 11 AM,2
789999,11 AM - before 2 PM,2
789999,5 PM - before 9 PM,2
790008,11 AM - before 2 PM,1
790008,9 AM - before 11 AM,2
790010,9 AM - before 11 AM,4
790053,9 AM - before 11 AM,3
790075,2 PM - before 5 PM,2
790075,5 PM - before 9 PM,3
790088,2 PM - before 5 PM,1
790088,5 PM - before 9 PM,4
790155,Before 9 AM,15
790187,9 AM - before 11 AM,4
790217,2 PM - before 5 PM,10
790220,2 PM - before 5 PM,2
790234,11 AM - before 2 PM,4
790234,5 PM - before 9 PM,3
790234,Before 9 AM,3
790237,11 AM - before 2 PM,15
790237,Before 9 AM,15
790252,5 PM - before 9 PM,4
790252,Before 9 AM,4
790261,5 PM - before 9 PM,2
790261,Before 9 AM,1
790263,Before 9 AM,15
790326,2 PM - before 5 PM,2
790326,5 PM - before 9 PM,2
790334,11 AM - before 2 PM,5
790334,5 PM - before 9 PM,7
790334,Before 9 AM,8
790336,2 PM - before 5 PM,2
790336,5 PM - before 9 PM,4
790336,9 PM or later,2
790347,11 AM - before 2 PM,1
790347,2 PM - before 5 PM,1
790347,5 PM - before 9 PM,2
790347,9 PM or later,2
790366,5 PM - before 9 PM,6
790366,9 PM or later,4
790378,Before 9 AM,4
790423,5 PM - before 9 PM,5
790423,9 AM - before 11 AM,5
790460,5 PM - before 9 PM,3
790494,11 AM - before 2 PM,5
790494,9 AM - before 11 AM,5
790515,2 PM - before 5 PM,4
790515,9 AM - before 11 AM,3
790515,Before 9 AM,3
790548,11 AM - before 2 PM,10
790548,5 PM - before 9 PM,10
790548,Before 9 AM,10
790595,Before 9 AM,10
790619,11 AM - before 2 PM,2
790619,5 PM - before 9 PM,3
790624,2 PM - before 5 PM,4
790676,5 PM - before 9 PM,4
790676,9 PM or later,4
790732,Before 9 AM,7
790806,5 PM - before 9 PM,5
790806,Before 9 AM,25
790830,9 AM - before 11 AM,10
790855,Before 9 AM,8
790859,Before 9 AM,22
790867,Before 9 AM,3
790873,11 AM - before 2 PM,2
790873,5 PM - before 9 PM,13
790898,11 AM - before 2 PM,3
790898,5 PM - before 9 PM,6
790904,5 PM - before 9 PM,3
790904,9 PM or later,1
790945,11 AM - before 2 PM,10
790945,9 AM - before 11 AM,10
790958,5 PM - before 9 PM,1
790958,9 PM or later,1
790968,5 PM - before 9 PM,8
790971,9 AM - before 11 AM,5
790990,11 AM - before 2 PM,3
790990,2 PM - before 5 PM,2
790990,Before 9 AM,6
791013,5 PM - before 9 PM,3
791541,5 PM - before 9 PM,4
791541,Before 9 AM,10
791581,5 PM - before 9 PM,3
791581,9 PM or later,1
791582,5 PM - before 9 PM,4
791618,9 AM - before 11 AM,4
791665,5 PM - before 9 PM,4
791668,2 PM - before 5 PM,3
791725,11 AM - before 2 PM,1
791725,2 PM - before 5 PM,2
791725,5 PM - before 9 PM,1
791730,11 AM - before 2 PM,3
791730,5 PM - before 9 PM,2
791737,11 AM - before 2 PM,1
791737,5 PM - before 9 PM,1
791737,9 AM - before 11 AM,1
791751,Before 9 AM,30
791761,Before 9 AM,30
791779,2 PM - before 5 PM,2
791779,5 PM - before 9 PM,2
791788,2 PM - before 5 PM,1
791788,5 PM - before 9 PM,3
791788,9 PM or later,2
791868,2 PM - before 5 PM,10
791868,Before 9 AM,10
791915,5 PM - before 9 PM,3
791915,Before 9 AM,7
791957,9 PM or later,5
791957,Before 9 AM,25
791962,5 PM - before 9 PM,4
791962,9 AM - before 11 AM,4
792011,9 AM - before 11 AM,4
792019,2 PM - before 5 PM,2
792019,5 PM - before 9 PM,4
792019,9 PM or later,2
792021,Before 9 AM,8
792023,5 PM - before 9 PM,3
792023,9 PM or later,2
792058,2 PM - before 5 PM,1
792058,5 PM - before 9 PM,2
792060,11 AM - before 2 PM,2
792060,5 PM - before 9 PM,2
792066,Before 9 AM,30
792069,2 PM - before 5 PM,2
792069,5 PM - before 9 PM,1
792069,9 AM - before 11 AM,1
792074,Before 9 AM,30
792139,5 PM - before 9 PM,5
792139,9 AM - before 11 AM,2
792146,2 PM - before 5 PM,3
792148,9 AM - before 11 AM,8
792150,5 PM - before 9 PM,4
792150,Before 9 AM,4
792152,2 PM - before 5 PM,15
792152,9 AM - before 11 AM,15
792214,5 PM - before 9 PM,3
792214,Before 9 AM,1
792291,2 PM - before 5 PM,4
792291,5 PM - before 9 PM,4
792291,9 AM - before 11 AM,3
792291,9 PM or later,4
792344,9 AM - before 11 AM,2
792345,Before 9 AM,2
792353,Before 9 AM,8
792540,11 AM - before 2 PM,2
792540,5 PM - before 9 PM,4
792542,5 PM - before 9 PM,8
792542,Before 9 AM,12
792556,Before 9 AM,7
792575,5 PM - before 9 PM,2
792575,9 AM - before 11 AM,3
792580,5 PM - before 9 PM,20
792580,9 AM - before 11 AM,10
792580,Before 9 AM,30
792588,2 PM - before 5 PM,6
792588,5 PM - before 9 PM,4
792590,5 PM - before 9 PM,2
792593,9 AM - before 11 AM,3
792598,2 PM - before 5 PM,2
792613,11 AM - before 2 PM,1
792613,2 PM - before 5 PM,3
792621,Before 9 AM,8
792648,9 AM - before 11 AM,4
792654,11 AM - before 2 PM,3
792654,5 PM - before 9 PM,1
792655,11 AM - before 2 PM,3
792655,2 PM - before 5 PM,1
792655,5 PM - before 9 PM,1
792660,11 AM - before 2 PM,2
792660,5 PM - before 9 PM,4
792708,Before 9 AM,5
792710,5 PM - before 9 PM,3
792710,9 AM - before 11 AM,1
792710,Before 9 AM,3
792726,5 PM - before 9 PM,4
792734,9 AM - before 11 AM,4
792736,5 PM - before 9 PM,2
792743,5 PM - before 9 PM,30
792743,Before 9 AM,30
792746,5 PM - before 9 PM,2
792750,11 AM - before 2 PM,1
792750,5 PM - before 9 PM,2
792768,5 PM - before 9 PM,2
792768,9 AM - before 11 AM,1
792768,9 PM or later,1
792770,5 PM - before 9 PM,1
792770,9 PM or later,2
792772,2 PM - before 5 PM,2
792772,5 PM - before 9 PM,4
792776,2 PM - before 5 PM,2
792776,5 PM - before 9 PM,3
792776,9 AM - before 11 AM,3
792777,5 PM - before 9 PM,4
792777,9 PM or later,1
792780,11 AM - before 2 PM,2
792780,5 PM - before 9 PM,2
792784,2 PM - before 5 PM,2
792784,5 PM - before 9 PM,2
792784,9 PM or later,1
792789,11 AM - before 2 PM,1
792789,2 PM - before 5 PM,1
792789,5 PM - before 9 PM,1
792790,2 PM - before 5 PM,2
792790,5 PM - before 9 PM,2
792797,Before 9 AM,8
792800,Before 9 AM,4
792820,Before 9 AM,15
792834,5 PM - before 9 PM,6
792834,9 AM - before 11 AM,4
792834,Before 9 AM,6
792844,5 PM - before 9 PM,4
792853,5 PM - before 9 PM,6
792855,2 PM - before 5 PM,30
792855,Before 9 AM,30
792860,2 PM - before 5 PM,4
792860,5 PM - before 9 PM,4
792863,5 PM - before 9 PM,4
792863,Before 9 AM,3
792866,2 PM - before 5 PM,2
792866,5 PM - before 9 PM,4
792866,9 PM or later,2
792873,5 PM - before 9 PM,13
792873,Before 9 AM,17
792876,5 PM - before 9 PM,30
792876,Before 9 AM,30
792889,9 PM or later,3
792889,Before 9 AM,12
792893,Before 9 AM,4
792894,Before 9 AM,4
792898,9 AM - before 11 AM,3
792912,2 PM - before 5 PM,3
792912,5 PM - before 9 PM,2
792914,11 AM - before 2 PM,1
792914,2 PM - before 5 PM,2
792914,5 PM - before 9 PM,1
792916,11 AM - before 2 PM,2
792916,5 PM - before 9 PM,2
792922,11 AM - before 2 PM,4
792922,2 PM - before 5 PM,1
792922,5 PM - before 9 PM,1
792924,2 PM - before 5 PM,4
792924,5 PM - before 9 PM,2
792930,5 PM - before 9 PM,2
792930,9 AM - before 11 AM,1
792940,5 PM - before 9 PM,8
792940,Before 9 AM,22
792950,5 PM - before 9 PM,1
792950,9 PM or later,3
792955,5 PM - before 9 PM,2
792955,9 AM - before 11 AM,2
792962,5 PM - before 9 PM,5
792962,Before 9 AM,15
792963,5 PM - before 9 PM,3
792963,9 AM - before 11 AM,2
792976,9 AM - before 11 AM,8
793005,11 AM - before 2 PM,2
793005,5 PM - before 9 PM,1
793017,Before 9 AM,30
793019,Before 9 AM,4
793043,2 PM - before 5 PM,2
793043,5 PM - before 9 PM,4
793043,9 AM - before 11 AM,2
793043,9 PM or later,2
793056,11 AM - before 2 PM,10
793056,5 PM - before 9 PM,10
793067,5 PM - before 9 PM,2
793076,5 PM - before 9 PM,8
793084,5 PM - before 9 PM,20
793084,Before 9 AM,10
793113,5 PM - before 9 PM,2
793118,5 PM - before 9 PM,5
793129,5 PM - before 9 PM,4
793129,9 PM or later,1
793132,5 PM - before 9 PM,2
793136,5 PM - before 9 PM,3
793136,9 PM or later,1
793176,2 PM - before 5 PM,5
793176,5 PM - before 9 PM,13
793176,9 AM - before 11 AM,10
793176,Before 9 AM,7
793209,2 PM - before 5 PM,2
793209,Before 9 AM,4
793220,Before 9 AM,30
793360,Before 9 AM,30
793388,5 PM - before 9 PM,4
793394,2 PM - before 5 PM,2
793394,9 AM - before 11 AM,1
793424,11 AM - before 2 PM,1
793424,5 PM - before 9 PM,3
793456,9 AM - before 11 AM,5
793458,5 PM - before 9 PM,5
793458,Before 9 AM,5
793461,2 PM - before 5 PM,1
793461,5 PM - before 9 PM,3
793464,Before 9 AM,30
793475,11 AM - before 2 PM,30
793475,5 PM - before 9 PM,30
793475,Before 9 AM,30
793485,Before 9 AM,30
793489,5 PM - before 9 PM,10
793489,Before 9 AM,30
793545,11 AM - before 2 PM,2
793545,5 PM - before 9 PM,2
793568,5 PM - before 9 PM,2
793568,Before 9 AM,3
793569,5 PM - before 9 PM,8
793569,Before 9 AM,4
793579,11 AM - before 2 PM,6
793585,9 AM - before 11 AM,5
793902,Before 9 AM,10
793939,Before 9 AM,30
793942,9 AM - before 11 AM,4
793942,Before 9 AM,4
794003,5 PM - before 9 PM,30
794003,Before 9 AM,30
794115,Before 9 AM,10
794157,11 AM - before 2 PM,4
794157,5 PM - before 9 PM,2
794157,Before 9 AM,6
794171,2 PM - before 5 PM,2
794171,5 PM - before 9 PM,2
794175,11 AM - before 2 PM,2
794175,2 PM - before 5 PM,2
794175,5 PM - before 9 PM,1
794177,11 AM - before 2 PM,1
794177,5 PM - before 9 PM,2
794179,2 PM - before 5 PM,1
794179,5 PM - before 9 PM,2
794181,11 AM - before 2 PM,15
794181,5 PM - before 9 PM,10
794181,9 PM or later,10
794181,Before 9 AM,25
794229,9 AM - before 11 AM,4
794258,5 PM - before 9 PM,6
794258,9 AM - before 11 AM,8
794347,11 AM - before 2 PM,2
794347,5 PM - before 9 PM,2
794385,5 PM - before 9 PM,4
794385,9 AM - before 11 AM,2
794392,5 PM - before 9 PM,4
794505,2 PM - before 5 PM,3
794511,Before 9 AM,4
794521,5 PM - before 9 PM,6
794533,5 PM - before 9 PM,20
794533,9 AM - before 11 AM,10
794560,5 PM - before 9 PM,1
794560,9 PM or later,1
794587,11 AM - before 2 PM,10
794587,Before 9 AM,10
794595,2 PM - before 5 PM,2
794595,5 PM - before 9 PM,1
794599,11 AM - before 2 PM,2
794599,5 PM - before 9 PM,2
794606,2 PM - before 5 PM,1
794606,5 PM - before 9 PM,2
794635,5 PM - before 9 PM,2
794703,5 PM - before 9 PM,5
794703,Before 9 AM,15
794718,11 AM - before 2 PM,11
794735,2 PM - before 5 PM,1
794735,5 PM - before 9 PM,2
794735,Before 9 AM,3
794784,2 PM - before 5 PM,1
794784,5 PM - before 9 PM,4
794784,9 AM - before 11 AM,4
794818,11 AM - before 2 PM,6
794824,Before 9 AM,7
794828,5 PM - before 9 PM,5
794828,9 AM - before 11 AM,5
794862,2 PM - before 5 PM,3
794862,9 AM - before 11 AM,3
794998,2 PM - before 5 PM,10
794998,Before 9 AM,10
795043,2 PM - before 5 PM,2
795043,9 PM or later,3
795043,Before 9 AM,5
795086,11 AM - before 2 PM,20
795086,2 PM - before 5 PM,10
795086,Before 9 AM,30
795102,Before 9 AM,6
795104,5 PM - before 9 PM,2
795104,Before 9 AM,2
795105,2 PM - before 5 PM,2
795105,5 PM - before 9 PM,2
795108,2 PM - before 5 PM,3
795146,5 PM - before 9 PM,20
795146,Before 9 AM,20
795151,5 PM - before 9 PM,15
795151,9 AM - before 11 AM,10
795179,Before 9 AM,12
795193,5 PM - before 9 PM,4
795193,9 AM - before 11 AM,4
795214,11 AM - before 2 PM,1
795214,5 PM - before 9 PM,4
795222,5 PM - before 9 PM,30
795222,Before 9 AM,4
795227,5 PM - before 9 PM,1
795227,9 AM - before 11 AM,2
795230,2 PM - before 5 PM,5
795230,Before 9 AM,10
795238,2 PM - before 5 PM,4
795238,5 PM - before 9 PM,4
795238,Before 9 AM,4
795258,5 PM - before 9 PM,1
795258,9 AM - before 11 AM,3
795282,2 PM - before 5 PM,4
795292,Before 9 AM,8
795315,5 PM - before 9 PM,2
795315,Before 9 AM,28
795337,5 PM - before 9 PM,4
795339,5 PM - before 9 PM,30
795340,9 AM - before 11 AM,2
795340,Before 9 AM,8
795342,5 PM - before 9 PM,3
795365,5 PM - before 9 PM,2
795365,Before 9 AM,2
795367,11 AM - before 2 PM,20
795367,2 PM - before 5 PM,10
795367,Before 9 AM,30
795370,11 AM - before 2 PM,10
795370,5 PM - before 9 PM,5
795376,9 AM - before 11 AM,3
795403,11 AM - before 2 PM,5
795403,Before 9 AM,30
795472,5 PM - before 9 PM,4
795472,Before 9 AM,4
795482,11 AM - before 2 PM,4
795482,Before 9 AM,4
795508,5 PM - before 9 PM,15
795508,Before 9 AM,15
795509,9 AM - before 11 AM,2
795511,5 PM - before 9 PM,10
795522,11 AM - before 2 PM,2
795522,5 PM - before 9 PM,8
795553,11 AM - before 2 PM,1
795553,5 PM - before 9 PM,2
795553,Before 9 AM,1
795580,2 PM - before 5 PM,2
795580,5 PM - before 9 PM,3
795580,9 AM - before 11 AM,3
795580,9 PM or later,1
795589,Before 9 AM,25
795609,5 PM - before 9 PM,4
795613,11 AM - before 2 PM,30
795613,Before 9 AM,30
795683,5 PM - before 9 PM,20
795683,Before 9 AM,10
795707,9 AM - before 11 AM,4
795722,5 PM - before 9 PM,8
795734,11 AM - before 2 PM,3
795734,5 PM - before 9 PM,5
795745,5 PM - before 9 PM,2
795745,9 AM - before 11 AM,3
795752,11 AM - before 2 PM,2
795752,5 PM - before 9 PM,4
795752,9 PM or later,2
795796,9 PM or later,2
795921,5 PM - before 9 PM,4
795957,2 PM - before 5 PM,10
795957,Before 9 AM,10
795958,11 AM - before 2 PM,3
795958,5 PM - before 9 PM,4
795958,Before 9 AM,3
795996,5 PM - before 9 PM,10
795996,Before 9 AM,20
796081,5 PM - before 9 PM,10
796113,5 PM - before 9 PM,5
796181,2 PM - before 5 PM,1
796181,5 PM - before 9 PM,2
796204,5 PM - before 9 PM,5
796204,Before 9 AM,5
796221,Before 9 AM,30
796259,11 AM - before 2 PM,4
796259,5 PM - before 9 PM,4
796259,Before 9 AM,4
796284,Before 9 AM,8
796357,11 AM - before 2 PM,4
796357,5 PM - before 9 PM,4
796405,2 PM - before 5 PM,1
796405,5 PM - before 9 PM,3
796412,5 PM - before 9 PM,5
796685,5 PM - before 9 PM,5
796685,Before 9 AM,20
796840,Before 9 AM,8
796909,11 AM - before 2 PM,2
796909,2 PM - before 5 PM,1
796909,5 PM - before 9 PM,1
796914,11 AM - before 2 PM,2
796914,2 PM - before 5 PM,2
796914,9 PM or later,1
796921,5 PM - before 9 PM,4
796921,9 PM or later,2
796924,11 AM - before 2 PM,1
796924,5 PM - before 9 PM,2
796944,2 PM - before 5 PM,2
796944,5 PM - before 9 PM,2
797043,5 PM - before 9 PM,15
797043,Before 9 AM,15
797192,11 AM - before 2 PM,5
797231,11 AM - before 2 PM,2
797231,5 PM - before 9 PM,3
797233,2 PM - before 5 PM,2
797233,5 PM - before 9 PM,2
797241,2 PM - before 5 PM,4
797255,Before 9 AM,30
797269,11 AM - before 2 PM,3
797269,5 PM - before 9 PM,5
797269,Before 9 AM,4
797274,2 PM - before 5 PM,5
797274,Before 9 AM,10
797282,Before 9 AM,5
797336,11 AM - before 2 PM,10
797336,5 PM - before 9 PM,18
797336,Before 9 AM,10
797348,5 PM - before 9 PM,5
797386,Before 9 AM,30
797467,2 PM - before 5 PM,2
797467,5 PM - before 9 PM,2
797476,5 PM - before 9 PM,3
797476,9 AM - before 11 AM,7
797512,2 PM - before 5 PM,3
797512,5 PM - before 9 PM,2
797512,9 AM - before 11 AM,2
797515,11 AM - before 2 PM,4
797515,5 PM - before 9 PM,2
797515,9 PM or later,2
797551,5 PM - before 9 PM,2
797551,9 AM - before 11 AM,2
797611,5 PM - before 9 PM,1
797611,Before 9 AM,29
797671,9 AM - before 11 AM,5
797750,11 AM - before 2 PM,2
797750,5 PM - before 9 PM,2
797759,11 AM - before 2 PM,4
797759,Before 9 AM,3
797797,5 PM - before 9 PM,4
797797,Before 9 AM,6
797839,9 AM - before 11 AM,3
797875,5 PM - before 9 PM,7
797877,Before 9 AM,7
797889,2 PM - before 5 PM,2
797889,9 AM - before 11 AM,1
797892,5 PM - before 9 PM,4
797892,Before 9 AM,26
797893,11 AM - before 2 PM,2
797893,2 PM - before 5 PM,1
797893,5 PM - before 9 PM,1
797912,11 AM - before 2 PM,2
797912,5 PM - before 9 PM,4
797914,2 PM - before 5 PM,15
797914,5 PM - before 9 PM,7
797914,9 AM - before 11 AM,8
797916,Before 9 AM,3
797924,Before 9 AM,6
797933,11 AM - before 2 PM,3
797933,9 PM or later,2
797953,5 PM - before 9 PM,3
798003,5 PM - before 9 PM,4
798003,Before 9 AM,4
798035,5 PM - before 9 PM,2
798035,9 AM - before 11 AM,2
798042,11 AM - before 2 PM,5
798046,5 PM - before 9 PM,2
798046,9 AM - before 11 AM,4
798058,5 PM - before 9 PM,2
798058,Before 9 AM,3
798064,2 PM - before 5 PM,5
798064,Before 9 AM,8
798071,Before 9 AM,30
798079,9 AM - before 11 AM,5
798099,11 AM - before 2 PM,12
798114,11 AM - before 2 PM,1
798114,5 PM - before 9 PM,1
798114,9 PM or later,1
798117,11 AM - before 2 PM,1
798117,5 PM - before 9 PM,2
798146,5 PM - before 9 PM,4
798146,9 PM or later,4
798150,Before 9 AM,27
798171,11 AM - before 2 PM,30
798171,Before 9 AM,30
798186,Before 9 AM,3
798187,5 PM - before 9 PM,4
798187,9 AM - before 11 AM,2
798210,5 PM - before 9 PM,3
798210,9 AM - before 11 AM,1
798232,11 AM - before 2 PM,2
798232,5 PM - before 9 PM,2
798232,9 AM - before 11 AM,2
798232,9 PM or later,2
798232,Before 9 AM,2
798237,11 AM - before 2 PM,5
798237,5 PM - before 9 PM,5
798237,Before 9 AM,30
798285,5 PM - before 9 PM,4
798287,9 AM - before 11 AM,4
798336,Before 9 AM,5
798521,2 PM - before 5 PM,30
798521,Before 9 AM,30
798535,2 PM - before 5 PM,3
798556,Before 9 AM,30
798590,2 PM - before 5 PM,4
798590,Before 9 AM,4
798603,5 PM - before 9 PM,26
798603,Before 9 AM,30
798637,2 PM - before 5 PM,25
798637,Before 9 AM,30
798774,5 PM - before 9 PM,5
798775,5 PM - before 9 PM,5
798775,Before 9 AM,10
798786,5 PM - before 9 PM,3
798803,5 PM - before 9 PM,2
798803,9 AM - before 11 AM,3
798803,Before 9 AM,3
798832,2 PM - before 5 PM,12
798834,9 AM - before 11 AM,8
798841,2 PM - before 5 PM,1
798841,5 PM - before 9 PM,2
798841,9 AM - before 11 AM,1
798895,Before 9 AM,8
798903,5 PM - before 9 PM,6
798916,5 PM - before 9 PM,10
798916,Before 9 AM,20
798920,2 PM - before 5 PM,3
798927,Before 9 AM,30
798981,9 AM - before 11 AM,4
799018,11 AM - before 2 PM,1
799018,5 PM - before 9 PM,3
799018,Before 9 AM,1
799034,2 PM - before 5 PM,2
799034,9 AM - before 11 AM,2
799079,2 PM - before 5 PM,10
799079,5 PM - before 9 PM,5
799079,9 AM - before 11 AM,10
799079,Before 9 AM,5
799418,11 AM - before 2 PM,2
799418,5 PM - before 9 PM,2
799488,Before 9 AM,30
799509,5 PM - before 9 PM,5
799509,Before 9 AM,5
799521,11 AM - before 2 PM,1
799521,5 PM - before 9 PM,3
799521,9 PM or later,1
799561,Before 9 AM,4
799568,5 PM - before 9 PM,4
799568,Before 9 AM,2
799578,Before 9 AM,8
799587,2 PM - before 5 PM,15
799587,9 AM - before 11 AM,15
799596,Before 9 AM,20
799614,2 PM - before 5 PM,1
799614,9 AM - before 11 AM,4
799630,5 PM - before 9 PM,3
799633,5 PM - before 9 PM,12
799636,Before 9 AM,12
799734,11 AM - before 2 PM,2
799734,5 PM - before 9 PM,2
799734,9 PM or later,2
799734,Before 9 AM,2
799840,2 PM - before 5 PM,15
799843,5 PM - before 9 PM,8
799843,Before 9 AM,4
799860,Before 9 AM,12
799869,5 PM - before 9 PM,3
799898,2 PM - before 5 PM,1
799898,Before 9 AM,2
799900,Before 9 AM,10
799930,11 AM - before 2 PM,5
799930,2 PM - before 5 PM,5
799930,5 PM - before 9 PM,5
799930,9 AM - before 11 AM,5
799930,Before 9 AM,15
799949,Before 9 AM,4
799951,5 PM - before 9 PM,2
799951,9 AM - before 11 AM,4
799951,Before 9 AM,10
799972,2 PM - before 5 PM,1
799972,5 PM - before 9 PM,2
799972,Before 9 AM,2
799979,11 AM - before 2 PM,4
799979,2 PM - before 5 PM,4
799979,5 PM - before 9 PM,2
800056,11 AM - before 2 PM,1
800056,2 PM - before 5 PM,1
800056,5 PM - before 9 PM,2
800061,5 PM - before 9 PM,2
800061,Before 9 AM,2
800069,2 PM - before 5 PM,4
800091,2 PM - before 5 PM,5
800095,5 PM - before 9 PM,4
800111,11 AM - before 2 PM,3
800111,5 PM - before 9 PM,2
800111,Before 9 AM,3
800113,2 PM - before 5 PM,4
800134,Before 9 AM,2
800181,11 AM - before 2 PM,3
800181,5 PM - before 9 PM,2
800181,9 AM - before 11 AM,3
800181,9 PM or later,2
800182,Before 9 AM,4
800183,Before 9 AM,30
800189,Before 9 AM,24
800208,9 AM - before 11 AM,6
800208,Before 9 AM,9
800216,5 PM - before 9 PM,2
800216,9 AM - before 11 AM,2
800220,11 AM - before 2 PM,2
800220,5 PM - before 9 PM,2
800247,11 AM - before 2 PM,3
800247,5 PM - before 9 PM,3
800247,9 AM - before 11 AM,4
800267,5 PM - before 9 PM,10
800283,2 PM - before 5 PM,1
800283,Before 9 AM,4
800347,11 AM - before 2 PM,21
800347,Before 9 AM,19
800394,2 PM - before 5 PM,30
800394,5 PM - before 9 PM,4
800405,2 PM - before 5 PM,28
800405,Before 9 AM,30
800429,Before 9 AM,8
800438,Before 9 AM,4
800445,11 AM - before 2 PM,2
800445,2 PM - before 5 PM,3
800445,5 PM - before 9 PM,3
800446,Before 9 AM,10
800462,9 AM - before 11 AM,2
800472,11 AM - before 2 PM,2
800472,5 PM - before 9 PM,3
800492,9 AM - before 11 AM,3
800492,9 PM or later,2
800492,Before 9 AM,5
800503,5 PM - before 9 PM,3
800503,9 AM - before 11 AM,4
800503,Before 9 AM,3
800507,2 PM - before 5 PM,10
800507,Before 9 AM,20
800524,5 PM - before 9 PM,8
800565,9 AM - before 11 AM,4
800571,5 PM - before 9 PM,1
800571,Before 9 AM,3
800580,Before 9 AM,4
800589,2 PM - before 5 PM,4
800589,5 PM - before 9 PM,5
800589,9 AM - before 11 AM,3
800622,5 PM - before 9 PM,4
800627,2 PM - before 5 PM,1
800627,5 PM - before 9 PM,1
800627,9 AM - before 11 AM,3
800630,11 AM - before 2 PM,6
800635,Before 9 AM,4
800664,5 PM - before 9 PM,4
800664,9 PM or later,2
800664,Before 9 AM,4
800668,Before 9 AM,8
800671,2 PM - before 5 PM,1
800671,5 PM - before 9 PM,3
800671,Before 9 AM,4
800673,5 PM - before 9 PM,4
800673,9 AM - before 11 AM,2
800673,Before 9 AM,2
800681,2 PM - before 5 PM,5
800681,Before 9 AM,30
800687,5 PM - before 9 PM,7
800687,9 AM - before 11 AM,3
800712,2 PM - before 5 PM,4
800712,5 PM - before 9 PM,5
800712,9 AM - before 11 AM,3
800715,2 PM - before 5 PM,3
800715,5 PM - before 9 PM,3
800715,Before 9 AM,2
800768,5 PM - before 9 PM,6
800816,11 AM - before 2 PM,6
800816,5 PM - before 9 PM,9
800826,Before 9 AM,4
800853,11 AM - before 2 PM,3
800853,5 PM - before 9 PM,3
800856,2 PM - before 5 PM,1
800856,5 PM - before 9 PM,2
800856,9 AM - before 11 AM,2
800856,Before 9 AM,1
800858,5 PM - before 9 PM,2
800858,Before 9 AM,3
800864,5 PM - before 9 PM,4
800864,Before 9 AM,2
800865,5 PM - before 9 PM,4
800865,Before 9 AM,2
800887,5 PM - before 9 PM,6
800887,9 PM or later,4
800887,Before 9 AM,5
800890,5 PM - before 9 PM,2
800890,9 AM - before 11 AM,4
800930,Before 9 AM,20
800989,Before 9 AM,12
801030,Before 9 AM,8
801036,Before 9 AM,25
801049,5 PM - before 9 PM,10
801049,Before 9 AM,5
801055,5 PM - before 9 PM,15
801071,11 AM - before 2 PM,7
801072,Before 9 AM,30
801083,Before 9 AM,3
801087,11 AM - before 2 PM,2
801087,5 PM - before 9 PM,2
801100,11 AM - before 2 PM,2
801100,5 PM - before 9 PM,2
801102,11 AM - before 2 PM,2
801102,2 PM - before 5 PM,2
801102,5 PM - before 9 PM,2
801199,2 PM - before 5 PM,10
801199,Before 9 AM,15
801230,9 AM - before 11 AM,4
801234,Before 9 AM,4
801249,11 AM - before 2 PM,8
801249,5 PM - before 9 PM,8
801249,Before 9 AM,8
801263,5 PM - before 9 PM,4
801277,5 PM - before 9 PM,4
801288,5 PM - before 9 PM,2
801288,Before 9 AM,2
801291,2 PM - before 5 PM,2
801291,5 PM - before 9 PM,3
801291,9 PM or later,2
801291,Before 9 AM,2
801444,11 AM - before 2 PM,3
801444,5 PM - before 9 PM,5
801444,Before 9 AM,7
801476,Before 9 AM,8
801544,5 PM - before 9 PM,6
801544,Before 9 AM,10
801571,2 PM - before 5 PM,1
801571,5 PM - before 9 PM,2
801598,11 AM - before 2 PM,1
801598,2 PM - before 5 PM,3
801598,5 PM - before 9 PM,2
801598,9 AM - before 11 AM,1
801598,Before 9 AM,2
801651,5 PM - before 9 PM,4
802026,Before 9 AM,12
802039,Before 9 AM,6
802121,5 PM - before 9 PM,4
802145,11 AM - before 2 PM,1
802145,2 PM - before 5 PM,3
802145,9 AM - before 11 AM,2
802177,Before 9 AM,30
802231,5 PM - before 9 PM,6
802232,11 AM - before 2 PM,1
802232,5 PM - before 9 PM,2
802273,5 PM - before 9 PM,2
802276,2 PM - before 5 PM,2
802314,Before 9 AM,3
802401,Before 9 AM,30
802412,2 PM - before 5 PM,2
802412,9 AM - before 11 AM,2
802444,Before 9 AM,3
802466,9 AM - before 11 AM,6
802470,9 AM - before 11 AM,1
802503,5 PM - before 9 PM,2
802503,Before 9 AM,2
802506,11 AM - before 2 PM,1
802506,5 PM - before 9 PM,3
802537,11 AM - before 2 PM,3
802537,5 PM - before 9 PM,5
802550,Before 9 AM,7
802582,11 AM - before 2 PM,4
802582,5 PM - before 9 PM,4
802582,Before 9 AM,4
802645,2 PM - before 5 PM,1
802645,Before 9 AM,1
802650,Before 9 AM,30
802653,5 PM - before 9 PM,10
802653,Before 9 AM,20
802658,11 AM - before 2 PM,2
802658,2 PM - before 5 PM,3
802702,5 PM - before 9 PM,5
802709,11 AM - before 2 PM,1
802709,5 PM - before 9 PM,2
802709,9 PM or later,1
802721,11 AM - before 2 PM,5
802735,2 PM - before 5 PM,2
802735,5 PM - before 9 PM,3
802735,9 AM - before 11 AM,3
802746,2 PM - before 5 PM,4
802746,5 PM - before 9 PM,4
802746,9 AM - before 11 AM,4
802746,Before 9 AM,4
802771,5 PM - before 9 PM,10
802771,Before 9 AM,20
802787,5 PM - before 9 PM,8
802787,9 PM or later,3
802800,2 PM - before 5 PM,1
802800,5 PM - before 9 PM,2
802805,Before 9 AM,15
802821,Before 9 AM,8
802841,Before 9 AM,5
802850,5 PM - before 9 PM,20
802850,Before 9 AM,10
802861,5 PM - before 9 PM,8
802861,9 AM - before 11 AM,8
802889,5 PM - before 9 PM,4
802896,9 AM - before 11 AM,2
802905,Before 9 AM,5
802915,2 PM - before 5 PM,5
802915,5 PM - before 9 PM,5
802915,Before 9 AM,20
802966,Before 9 AM,18
802971,5 PM - before 9 PM,4
802988,2 PM - before 5 PM,5
802988,Before 9 AM,5
802990,Before 9 AM,12
802997,Before 9 AM,30
803006,2 PM - before 5 PM,1
803006,Before 9 AM,2
803092,5 PM - before 9 PM,4
803092,9 AM - before 11 AM,2
803092,9 PM or later,2
803096,2 PM - before 5 PM,3
803096,5 PM - before 9 PM,3
803101,2 PM - before 5 PM,3
803101,5 PM - before 9 PM,4
803101,9 AM - before 11 AM,2
803101,9 PM or later,1
803102,5 PM - before 9 PM,4
803102,Before 9 AM,4
803106,2 PM - before 5 PM,2
803106,5 PM - before 9 PM,2
803107,5 PM - before 9 PM,20
803107,Before 9 AM,10
803108,Before 9 AM,2
803152,Before 9 AM,4
803165,11 AM - before 2 PM,1
803165,5 PM - before 9 PM,1
803165,Before 9 AM,4
803167,Before 9 AM,24
803182,Before 9 AM,4
803191,11 AM - before 2 PM,2
803191,5 PM - before 9 PM,2
803193,5 PM - before 9 PM,2
803193,Before 9 AM,2
803195,11 AM - before 2 PM,3
803195,5 PM - before 9 PM,5
803195,Before 9 AM,4
803198,5 PM - before 9 PM,8
803206,11 AM - before 2 PM,1
803206,5 PM - before 9 PM,2
803216,5 PM - before 9 PM,3
803224,5 PM - before 9 PM,25
803224,Before 9 AM,30
803229,5 PM - before 9 PM,10
803229,Before 9 AM,10
803263,5 PM - before 9 PM,3
803263,9 PM or later,1
803267,5 PM - before 9 PM,4
803267,9 PM or later,2
803274,5 PM - before 9 PM,3
803274,9 AM - before 11 AM,5
803276,Before 9 AM,7
803281,Before 9 AM,4
803288,11 AM - before 2 PM,11
803288,Before 9 AM,20
803303,5 PM - before 9 PM,2
803303,9 AM - before 11 AM,2
803308,Before 9 AM,4
803314,5 PM - before 9 PM,11
803314,Before 9 AM,18
803322,11 AM - before 2 PM,5
803322,2 PM - before 5 PM,5
803322,5 PM - before 9 PM,5
803322,9 AM - before 11 AM,5
803322,Before 9 AM,30
803368,9 AM - before 11 AM,15
803413,11 AM - before 2 PM,1
803413,5 PM - before 9 PM,3
803453,11 AM - before 2 PM,8
803453,5 PM - before 9 PM,4
803459,5 PM - before 9 PM,10
803459,Before 9 AM,20
803473,Before 9 AM,3
803478,Before 9 AM,8
803504,11 AM - before 2 PM,4
803504,2 PM - before 5 PM,3
803504,5 PM - before 9 PM,2
803504,9 AM - before 11 AM,3
803504,Before 9 AM,4
803560,11 AM - before 2 PM,4
803560,2 PM - before 5 PM,4
803560,5 PM - before 9 PM,4
803624,5 PM - before 9 PM,4
803624,9 AM - before 11 AM,2
803628,2 PM - before 5 PM,4
803628,5 PM - before 9 PM,4
803638,2 PM - before 5 PM,2
803638,5 PM - before 9 PM,2
803687,2 PM - before 5 PM,2
803687,9 AM - before 11 AM,4
803691,Before 9 AM,10
803696,5 PM - before 9 PM,30
803701,2 PM - before 5 PM,4
803720,9 AM - before 11 AM,8
803727,Before 9 AM,8
803758,2 PM - before 5 PM,5
803758,9 AM - before 11 AM,5
803793,11 AM - before 2 PM,1
803793,9 PM or later,2
803793,Before 9 AM,1
803803,2 PM - before 5 PM,20
803803,9 AM - before 11 AM,20
803803,Before 9 AM,20
803825,5 PM - before 9 PM,1
803825,9 AM - before 11 AM,2
803841,5 PM - before 9 PM,3
803841,Before 9 AM,12
803882,Before 9 AM,2
803896,2 PM - before 5 PM,2
803896,Before 9 AM,3
803901,5 PM - before 9 PM,30
803901,Before 9 AM,30
803915,5 PM - before 9 PM,4
803915,9 PM or later,2
803915,Before 9 AM,4
803948,9 AM - before 11 AM,5
803976,5 PM - before 9 PM,2
803980,5 PM - before 9 PM,1
803980,Before 9 AM,2
803990,5 PM - before 9 PM,4
804004,2 PM - before 5 PM,10
804004,Before 9 AM,20
804010,5 PM - before 9 PM,4
804010,Before 9 AM,6
804016,Before 9 AM,30
804023,5 PM - before 9 PM,20
804023,Before 9 AM,10
804046,Before 9 AM,30
804081,11 AM - before 2 PM,8
804081,2 PM - before 5 PM,10
804081,Before 9 AM,12
804121,11 AM - before 2 PM,20
804121,Before 9 AM,10
804161,2 PM - before 5 PM,2
804161,Before 9 AM,2
804174,11 AM - before 2 PM,3
804174,2 PM - before 5 PM,2
804174,Before 9 AM,1
804294,Before 9 AM,30
804497,11 AM - before 2 PM,6
804497,5 PM - before 9 PM,7
804497,Before 9 AM,4
804538,5 PM - before 9 PM,5
804579,Before 9 AM,15
804597,Before 9 AM,30
804601,2 PM - before 5 PM,30
804601,Before 9 AM,30
804653,Before 9 AM,30
804690,5 PM - before 9 PM,4
804690,9 AM - before 11 AM,4
804704,5 PM - before 9 PM,4
804704,Before 9 AM,2
804711,5 PM - before 9 PM,3
804711,Before 9 AM,1
804737,5 PM - before 9 PM,12
804737,9 AM - before 11 AM,12
804798,Before 9 AM,5
804919,5 PM - before 9 PM,10
804919,Before 9 AM,15
804975,11 AM - before 2 PM,6
804975,5 PM - before 9 PM,6
804975,Before 9 AM,15
804986,9 AM - before 11 AM,4
805028,5 PM - before 9 PM,4
805039,5 PM - before 9 PM,4
805042,Before 9 AM,8
805052,Before 9 AM,4
805096,11 AM - before 2 PM,4
805096,5 PM - before 9 PM,8
805098,2 PM - before 5 PM,10
805098,Before 9 AM,15
805126,5 PM - before 9 PM,4
805127,5 PM - before 9 PM,6
805127,Before 9 AM,6
805132,5 PM - before 9 PM,5
805168,Before 9 AM,30
805223,5 PM - before 9 PM,10
805223,Before 9 AM,10
805224,2 PM - before 5 PM,2
805234,9 AM - before 11 AM,4
805281,11 AM - before 2 PM,2
805281,5 PM - before 9 PM,1
805344,2 PM - before 5 PM,2
805344,9 AM - before 11 AM,2
805355,9 AM - before 11 AM,4
805390,Before 9 AM,30
805402,9 AM - before 11 AM,5
805402,Before 9 AM,10
805412,2 PM - before 5 PM,2
805412,5 PM - before 9 PM,3
805479,5 PM - before 9 PM,4
805479,9 PM or later,1
805508,Before 9 AM,4
805528,11 AM - before 2 PM,3
805528,5 PM - before 9 PM,4
805528,Before 9 AM,3
805538,5 PM - before 9 PM,15
805538,Before 9 AM,15
805548,5 PM - before 9 PM,3
805548,9 AM - before 11 AM,2
805553,5 PM - before 9 PM,2
805553,9 AM - before 11 AM,2
805554,11 AM - before 2 PM,30
805588,5 PM - before 9 PM,13
805614,Before 9 AM,4
805622,2 PM - before 5 PM,3
805622,5 PM - before 9 PM,2
805622,Before 9 AM,1
805632,11 AM - before 2 PM,2
805632,2 PM - before 5 PM,2
805632,5 PM - before 9 PM,1
805632,9 AM - before 11 AM,1
805632,Before 9 AM,3
805639,11 AM - before 2 PM,3
805639,2 PM - before 5 PM,2
805639,5 PM - before 9 PM,2
805639,9 AM - before 11 AM,2
805639,Before 9 AM,3
805687,2 PM - before 5 PM,3
805687,5 PM - before 9 PM,3
805687,9 PM or later,3
805687,Before 9 AM,3
805699,9 AM - before 11 AM,8
805710,11 AM - before 2 PM,4
805710,2 PM - before 5 PM,4
805715,2 PM - before 5 PM,12
805715,Before 9 AM,20
805716,5 PM - before 9 PM,10
805716,Before 9 AM,18
805732,11 AM - before 2 PM,7
805733,Before 9 AM,30
805740,Before 9 AM,30
805746,2 PM - before 5 PM,2
805746,5 PM - before 9 PM,2
805746,9 AM - before 11 AM,1
805756,5 PM - before 9 PM,13
805756,Before 9 AM,30
805764,2 PM - before 5 PM,1
805764,5 PM - before 9 PM,3
805816,Before 9 AM,30
805820,2 PM - before 5 PM,2
805831,Before 9 AM,25
805873,5 PM - before 9 PM,3
805873,Before 9 AM,7
805883,11 AM - before 2 PM,2
805883,2 PM - before 5 PM,2
805885,11 AM - before 2 PM,1
805885,5 PM - before 9 PM,1
805885,9 AM - before 11 AM,2
805904,11 AM - before 2 PM,1
805904,9 PM or later,2
805910,11 AM - before 2 PM,8
805917,2 PM - before 5 PM,30
805917,Before 9 AM,30
805936,2 PM - before 5 PM,30
805936,Before 9 AM,30
805960,11 AM - before 2 PM,2
805960,5 PM - before 9 PM,2
805960,Before 9 AM,4
805964,11 AM - before 2 PM,10
805964,5 PM - before 9 PM,10
805964,Before 9 AM,30
805967,2 PM - before 5 PM,3
805967,5 PM - before 9 PM,3
805967,9 AM - before 11 AM,3
805967,Before 9 AM,5
805980,11 AM - before 2 PM,1
805980,5 PM - before 9 PM,2
805993,5 PM - before 9 PM,7
805993,9 AM - before 11 AM,8
806002,5 PM - before 9 PM,5
806029,5 PM - before 9 PM,4
806029,9 AM - before 11 AM,2
806038,5 PM - before 9 PM,5
806038,9 AM - before 11 AM,5
806049,2 PM - before 5 PM,2
806049,Before 9 AM,3
806053,2 PM - before 5 PM,4
806053,5 PM - before 9 PM,4
806053,9 AM - before 11 AM,4
806057,11 AM - before 2 PM,5
806057,2 PM - before 5 PM,5
806057,5 PM - before 9 PM,5
806057,9 AM - before 11 AM,5
806060,2 PM - before 5 PM,4
806060,9 AM - before 11 AM,2
806079,11 AM - before 2 PM,3
806079,5 PM - before 9 PM,4
806079,9 AM - before 11 AM,3
806090,9 AM - before 11 AM,2
806101,11 AM - before 2 PM,1
806101,5 PM - before 9 PM,1
806103,5 PM - before 9 PM,3
806108,5 PM - before 9 PM,3
806119,5 PM - before 9 PM,1
806119,9 PM or later,1
806122,2 PM - before 5 PM,4
806130,11 AM - before 2 PM,6
806130,Before 9 AM,14
806136,5 PM - before 9 PM,3
806136,9 AM - before 11 AM,1
806136,9 PM or later,1
806143,5 PM - before 9 PM,2
806143,Before 9 AM,1
806173,Before 9 AM,4
806179,2 PM - before 5 PM,2
806179,5 PM - before 9 PM,3
806179,9 AM - before 11 AM,2
806213,2 PM - before 5 PM,20
806213,5 PM - before 9 PM,30
806213,9 AM - before 11 AM,30
806213,Before 9 AM,20
806218,11 AM - before 2 PM,1
806218,2 PM - before 5 PM,2
806218,5 PM - before 9 PM,1
806233,11 AM - before 2 PM,4
806233,2 PM - before 5 PM,4
806233,5 PM - before 9 PM,6
806256,Before 9 AM,4
806257,9 AM - before 11 AM,1
806257,Before 9 AM,1
806271,2 PM - before 5 PM,4
806276,Before 9 AM,30
806288,5 PM - before 9 PM,4
806300,5 PM - before 9 PM,3
806300,Before 9 AM,5
806324,Before 9 AM,5
806327,Before 9 AM,6
806337,5 PM - before 9 PM,3
806339,11 AM - before 2 PM,3
806339,5 PM - before 9 PM,1
806339,Before 9 AM,2
806342,Before 9 AM,4
806343,2 PM - before 5 PM,1
806343,9 AM - before 11 AM,2
806343,Before 9 AM,3
806357,2 PM - before 5 PM,5
806367,9 PM or later,2
806367,Before 9 AM,3
806375,2 PM - before 5 PM,4
806375,5 PM - before 9 PM,4
806378,11 AM - before 2 PM,15
806378,Before 9 AM,15
806382,5 PM - before 9 PM,4
806416,Before 9 AM,12
806459,2 PM - before 5 PM,1
806459,5 PM - before 9 PM,1
806463,2 PM - before 5 PM,2
806463,5 PM - before 9 PM,4
806463,9 PM or later,1
806466,Before 9 AM,4
806470,11 AM - before 2 PM,1
806470,5 PM - before 9 PM,1
806474,Before 9 AM,30
806476,5 PM - before 9 PM,10
806515,5 PM - before 9 PM,5
806517,5 PM - before 9 PM,2
806517,9 PM or later,1
806537,11 AM - before 2 PM,2
806537,5 PM - before 9 PM,2
806548,5 PM - before 9 PM,3
806548,Before 9 AM,2
806625,2 PM - before 5 PM,8
806625,9 AM - before 11 AM,8
806641,2 PM - before 5 PM,2
806641,5 PM - before 9 PM,3
806641,9 AM - before 11 AM,2
806643,2 PM - before 5 PM,2
806643,Before 9 AM,4
806670,9 AM - before 11 AM,3
806670,9 PM or later,1
806679,11 AM - before 2 PM,1
806679,5 PM - before 9 PM,4
806693,5 PM - before 9 PM,6
806713,11 AM - before 2 PM,7
806713,5 PM - before 9 PM,6
806713,Before 9 AM,7
806779,Before 9 AM,3
806785,5 PM - before 9 PM,10
806785,9 AM - before 11 AM,10
806793,11 AM - before 2 PM,3
806793,5 PM - before 9 PM,1
806793,Before 9 AM,4
806858,5 PM - before 9 PM,2
806858,9 AM - before 11 AM,2
806861,2 PM - before 5 PM,2
806861,5 PM - before 9 PM,2
806868,5 PM - before 9 PM,4
806868,9 AM - before 11 AM,4
806891,2 PM - before 5 PM,2
806891,Before 9 AM,3
806903,Before 9 AM,30
806981,9 AM - before 11 AM,4
807190,2 PM - before 5 PM,3
807190,5 PM - before 9 PM,3
807235,5 PM - before 9 PM,10
807235,Before 9 AM,20
807277,2 PM - before 5 PM,5
807277,Before 9 AM,25
807302,2 PM - before 5 PM,2
807302,5 PM - before 9 PM,9
807302,Before 9 AM,10
807343,Before 9 AM,20
807356,5 PM - before 9 PM,4
807356,Before 9 AM,1
807358,11 AM - before 2 PM,1
807358,5 PM - before 9 PM,3
807378,2 PM - before 5 PM,3
807378,5 PM - before 9 PM,4
807378,9 AM - before 11 AM,3
807383,Before 9 AM,10
807477,11 AM - before 2 PM,2
807477,2 PM - before 5 PM,2
807477,5 PM - before 9 PM,2
807477,Before 9 AM,2
807508,2 PM - before 5 PM,15
807508,Before 9 AM,15
807528,2 PM - before 5 PM,10
807528,5 PM - before 9 PM,15
807528,9 AM - before 11 AM,10
807602,Before 9 AM,4
807605,5 PM - before 9 PM,6
807605,Before 9 AM,30
807610,Before 9 AM,4
807611,11 AM - before 2 PM,4
807611,5 PM - before 9 PM,3
807611,9 AM - before 11 AM,3
807618,Before 9 AM,30
807644,2 PM - before 5 PM,5
807644,Before 9 AM,30
807655,2 PM - before 5 PM,5
807655,9 AM - before 11 AM,20
807655,Before 9 AM,30
807657,2 PM - before 5 PM,30
807657,Before 9 AM,30
807662,Before 9 AM,10
807670,2 PM - before 5 PM,4
807670,9 AM - before 11 AM,4
807670,Before 9 AM,4
807673,5 PM - before 9 PM,4
807673,9 AM - before 11 AM,4
807674,5 PM - before 9 PM,6
807684,Before 9 AM,30
807693,2 PM - before 5 PM,4
807693,5 PM - before 9 PM,3
807693,Before 9 AM,3
807723,Before 9 AM,4
807731,5 PM - before 9 PM,15
807731,9 AM - before 11 AM,15
807757,Before 9 AM,2
807765,5 PM - before 9 PM,3
807769,2 PM - before 5 PM,3
807769,5 PM - before 9 PM,1
807769,9 PM or later,1
807771,11 AM - before 2 PM,10
807782,Before 9 AM,30
807818,11 AM - before 2 PM,8
807822,5 PM - before 9 PM,2
807823,2 PM - before 5 PM,8
807823,Before 9 AM,10
807832,2 PM - before 5 PM,13
807832,Before 9 AM,30
807875,Before 9 AM,6
807897,11 AM - before 2 PM,5
807924,2 PM - before 5 PM,10
807926,Before 9 AM,8
807941,11 AM - before 2 PM,15
807987,11 AM - before 2 PM,10
807987,5 PM - before 9 PM,4
808010,11 AM - before 2 PM,1
808010,5 PM - before 9 PM,1
808010,Before 9 AM,4
808025,5 PM - before 9 PM,1
808025,9 PM or later,1
808033,5 PM - before 9 PM,1
808033,9 PM or later,1
808070,5 PM - before 9 PM,10
808070,Before 9 AM,20
808071,5 PM - before 9 PM,8
808085,11 AM - before 2 PM,30
808085,5 PM - before 9 PM,30
808085,Before 9 AM,30
808104,9 PM or later,15
808107,5 PM - before 9 PM,6
808122,5 PM - before 9 PM,4
808122,9 PM or later,1
808122,Before 9 AM,10
808131,11 AM - before 2 PM,1
808131,2 PM - before 5 PM,2
808131,5 PM - before 9 PM,2
808131,9 PM or later,2
808168,9 PM or later,1
808168,Before 9 AM,1
808202,11 AM - before 2 PM,5
808202,5 PM - before 9 PM,10
808202,9 PM or later,5
808202,Before 9 AM,10
808215,Before 9 AM,4
808216,5 PM - before 9 PM,2
808216,9 PM or later,2
808216,Before 9 AM,1
808223,Before 9 AM,8
808227,Before 9 AM,30
808242,5 PM - before 9 PM,4
808242,9 AM - before 11 AM,4
808310,5 PM - before 9 PM,5
808310,9 AM - before 11 AM,5
808347,5 PM - before 9 PM,2
808347,Before 9 AM,2
808350,Before 9 AM,3
808353,Before 9 AM,2
808370,9 AM - before 11 AM,2
808372,Before 9 AM,30
808373,Before 9 AM,30
808380,5 PM - before 9 PM,2
808380,9 PM or later,2
808416,Before 9 AM,12
808444,5 PM - before 9 PM,2
808444,Before 9 AM,28
808445,Before 9 AM,6
808477,5 PM - before 9 PM,2
808477,Before 9 AM,2
808486,2 PM - before 5 PM,6
808486,Before 9 AM,10
808494,5 PM - before 9 PM,2
808494,9 PM or later,1
808495,2 PM - before 5 PM,2
808506,5 PM - before 9 PM,2
808506,9 AM - before 11 AM,2
808506,9 PM or later,2
808506,Before 9 AM,2
808523,Before 9 AM,30
808537,9 AM - before 11 AM,8
808541,5 PM - before 9 PM,3
808553,2 PM - before 5 PM,18
808553,Before 9 AM,12
808580,5 PM - before 9 PM,5
808580,Before 9 AM,15
808612,Before 9 AM,4
808625,2 PM - before 5 PM,3
808625,9 AM - before 11 AM,4
808625,Before 9 AM,3
808659,11 AM - before 2 PM,4
808659,2 PM - before 5 PM,2
808659,5 PM - before 9 PM,2
808659,Before 9 AM,4
808665,5 PM - before 9 PM,2
808665,9 PM or later,1
808682,5 PM - before 9 PM,3
808693,2 PM - before 5 PM,6
808693,Before 9 AM,6
808699,11 AM - before 2 PM,30
808699,Before 9 AM,30
808724,2 PM - before 5 PM,4
808724,5 PM - before 9 PM,10
808724,9 AM - before 11 AM,4
808724,9 PM or later,4
808724,Before 9 AM,20
808733,5 PM - before 9 PM,2
808733,9 PM or later,2
808749,11 AM - before 2 PM,1
808749,5 PM - before 9 PM,1
808749,9 PM or later,1
808768,2 PM - before 5 PM,5
808768,Before 9 AM,2
808769,2 PM - before 5 PM,2
808769,5 PM - before 9 PM,2
808769,9 AM - before 11 AM,2
808777,2 PM - before 5 PM,2
808777,9 AM - before 11 AM,3
808794,2 PM - before 5 PM,4
808794,5 PM - before 9 PM,3
808794,9 AM - before 11 AM,2
808794,9 PM or later,1
808795,11 AM - before 2 PM,4
808795,2 PM - before 5 PM,2
808795,5 PM - before 9 PM,2
808795,9 PM or later,2
808795,Before 9 AM,4
808797,5 PM - before 9 PM,4
808825,9 AM - before 11 AM,4
808835,11 AM - before 2 PM,3
808835,5 PM - before 9 PM,2
808835,9 AM - before 11 AM,3
808878,Before 9 AM,4
808962,11 AM - before 2 PM,2
808962,5 PM - before 9 PM,3
808964,2 PM - before 5 PM,4
808966,5 PM - before 9 PM,8
808966,9 AM - before 11 AM,3
808979,Before 9 AM,2
809004,2 PM - before 5 PM,4
809004,5 PM - before 9 PM,4
809032,Before 9 AM,3
809036,5 PM - before 9 PM,12
809045,11 AM - before 2 PM,5
809045,5 PM - before 9 PM,5
809045,Before 9 AM,5
809144,9 AM - before 11 AM,8
809168,5 PM - before 9 PM,3
809168,9 AM - before 11 AM,4
809169,5 PM - before 9 PM,5
809326,Before 9 AM,8
809338,11 AM - before 2 PM,3
809338,5 PM - before 9 PM,8
809338,9 PM or later,4
809338,Before 9 AM,15
809356,Before 9 AM,20
809365,11 AM - before 2 PM,3
809365,2 PM - before 5 PM,4
809365,9 AM - before 11 AM,3
809389,5 PM - before 9 PM,8
809389,Before 9 AM,18
809391,11 AM - before 2 PM,2
809391,5 PM - before 9 PM,2
809406,5 PM - before 9 PM,3
809406,9 AM - before 11 AM,2
809409,2 PM - before 5 PM,2
809409,5 PM - before 9 PM,4
809409,9 PM or later,2
809422,9 AM - before 11 AM,4
809429,Before 9 AM,30
809444,5 PM - before 9 PM,5
809444,Before 9 AM,25
809468,5 PM - before 9 PM,7
809468,Before 9 AM,3
809471,Before 9 AM,6
809481,2 PM - before 5 PM,10
809481,Before 9 AM,10
809483,2 PM - before 5 PM,15
809483,Before 9 AM,15
809507,2 PM - before 5 PM,10
809507,Before 9 AM,20
809591,11 AM - before 2 PM,2
809591,Before 9 AM,28
809600,Before 9 AM,28
809610,5 PM - before 9 PM,4
809611,2 PM - before 5 PM,3
809611,5 PM - before 9 PM,3
809611,9 AM - before 11 AM,2
809640,5 PM - before 9 PM,7
809640,Before 9 AM,3
809642,2 PM - before 5 PM,5
809642,5 PM - before 9 PM,5
809642,Before 9 AM,5
809679,2 PM - before 5 PM,30
809679,Before 9 AM,30
809723,9 AM - before 11 AM,4
809737,5 PM - before 9 PM,5
809737,Before 9 AM,25
809748,5 PM - before 9 PM,30
809755,5 PM - before 9 PM,4
809758,11 AM - before 2 PM,2
809819,2 PM - before 5 PM,4
809819,5 PM - before 9 PM,4
809819,9 PM or later,2
809844,Before 9 AM,30
809865,9 AM - before 11 AM,2
809865,Before 9 AM,1
809884,11 AM - before 2 PM,3
809884,5 PM - before 9 PM,2
809894,5 PM - before 9 PM,20
809894,Before 9 AM,30
809912,2 PM - before 5 PM,4
809912,5 PM - before 9 PM,4
809912,9 AM - before 11 AM,2
809928,2 PM - before 5 PM,4
809928,9 AM - before 11 AM,4
809930,2 PM - before 5 PM,5
809930,Before 9 AM,15
809946,2 PM - before 5 PM,4
809946,5 PM - before 9 PM,4
809947,Before 9 AM,8
809949,2 PM - before 5 PM,2
809949,5 PM - before 9 PM,4
809953,2 PM - before 5 PM,2
809953,5 PM - before 9 PM,3
809953,9 PM or later,3
809956,5 PM - before 9 PM,2
809956,9 AM - before 11 AM,1
809956,9 PM or later,2
809957,5 PM - before 9 PM,2
809957,9 PM or later,2
809963,2 PM - before 5 PM,3
809963,5 PM - before 9 PM,4
809963,9 AM - before 11 AM,3
809963,9 PM or later,2
810002,9 AM - before 11 AM,1
810002,Before 9 AM,4
810013,5 PM - before 9 PM,3
810013,Before 9 AM,7
810014,5 PM - before 9 PM,4
810030,2 PM - before 5 PM,2
810030,5 PM - before 9 PM,2
810030,Before 9 AM,1
810052,9 AM - before 11 AM,2
810088,9 AM - before 11 AM,4
810090,9 AM - before 11 AM,8
810090,Before 9 AM,8
810097,2 PM - before 5 PM,2
810097,5 PM - before 9 PM,4
810107,11 AM - before 2 PM,2
810107,5 PM - before 9 PM,4
810107,9 PM or later,2
810114,2 PM - before 5 PM,2
810114,5 PM - before 9 PM,3
810124,5 PM - before 9 PM,10
810124,Before 9 AM,20
810143,9 AM - before 11 AM,4
810168,5 PM - before 9 PM,30
810168,9 AM - before 11 AM,30
810173,5 PM - before 9 PM,5
810173,9 AM - before 11 AM,3
810173,9 PM or later,2
810175,2 PM - before 5 PM,3
810175,5 PM - before 9 PM,3
810178,5 PM - before 9 PM,3
810178,9 PM or later,1
810194,5 PM - before 9 PM,2
810194,Before 9 AM,2
810214,5 PM - before 9 PM,3
810241,2 PM - before 5 PM,2
810241,5 PM - before 9 PM,3
810241,9 AM - before 11 AM,3
810241,9 PM or later,1
810245,11 AM - before 2 PM,10
810245,5 PM - before 9 PM,20
810245,Before 9 AM,30
810265,5 PM - before 9 PM,4
810265,9 AM - before 11 AM,4
810295,2 PM - before 5 PM,3
810295,5 PM - before 9 PM,3
810298,5 PM - before 9 PM,4
810298,9 PM or later,1
810300,5 PM - before 9 PM,6
810300,9 AM - before 11 AM,6
810301,2 PM - before 5 PM,3
810301,5 PM - before 9 PM,3
810313,2 PM - before 5 PM,4
810313,5 PM - before 9 PM,3
810375,Before 9 AM,4
810394,11 AM - before 2 PM,1
810394,5 PM - before 9 PM,1
810394,Before 9 AM,1
810403,5 PM - before 9 PM,3
810403,Before 9 AM,2
810425,Before 9 AM,2
810445,5 PM - before 9 PM,5
810445,Before 9 AM,3
810447,11 AM - before 2 PM,1
810447,5 PM - before 9 PM,2
810452,11 AM - before 2 PM,5
810452,5 PM - before 9 PM,5
810552,5 PM - before 9 PM,2
810552,9 AM - before 11 AM,2
810587,11 AM - before 2 PM,2
810587,5 PM - before 9 PM,4
810587,Before 9 AM,4
810596,5 PM - before 9 PM,6
810596,Before 9 AM,4
810614,11 AM - before 2 PM,4
810614,2 PM - before 5 PM,4
810614,5 PM - before 9 PM,2
810614,Before 9 AM,2
810675,Before 9 AM,4
810678,Before 9 AM,15
810683,2 PM - before 5 PM,4
810683,9 PM or later,4
810710,11 AM - before 2 PM,7
810710,2 PM - before 5 PM,7
810710,9 AM - before 11 AM,5
810710,Before 9 AM,9
810724,5 PM - before 9 PM,4
810724,9 PM or later,1
810727,2 PM - before 5 PM,2
810727,5 PM - before 9 PM,2
810728,11 AM - before 2 PM,3
810728,2 PM - before 5 PM,3
810732,5 PM - before 9 PM,5
810732,9 AM - before 11 AM,3
810738,11 AM - before 2 PM,4
810738,5 PM - before 9 PM,4
810738,9 PM or later,2
810743,5 PM - before 9 PM,2
810780,Before 9 AM,30
810784,2 PM - before 5 PM,2
810784,5 PM - before 9 PM,3
810784,9 AM - before 11 AM,2
810784,9 PM or later,1
810786,2 PM - before 5 PM,10
810790,5 PM - before 9 PM,6
810790,9 AM - before 11 AM,4
810823,2 PM - before 5 PM,3
810823,9 AM - before 11 AM,3
810830,2 PM - before 5 PM,15
810830,Before 9 AM,30
810853,5 PM - before 9 PM,4
810853,9 AM - before 11 AM,3
810883,2 PM - before 5 PM,7
810883,9 AM - before 11 AM,7
810893,5 PM - before 9 PM,3
810893,9 AM - before 11 AM,2
811179,11 AM - before 2 PM,30
811209,11 AM - before 2 PM,5
811209,5 PM - before 9 PM,3
811213,5 PM - before 9 PM,30
811213,9 AM - before 11 AM,30
811237,Before 9 AM,4
811278,11 AM - before 2 PM,3
811278,2 PM - before 5 PM,4
811278,9 AM - before 11 AM,3
811287,5 PM - before 9 PM,8
811287,Before 9 AM,8
811288,2 PM - before 5 PM,10
811288,5 PM - before 9 PM,10
811288,Before 9 AM,20
811299,9 AM - before 11 AM,2
811299,Before 9 AM,2
811318,11 AM - before 2 PM,2
811318,5 PM - before 9 PM,4
811318,9 AM - before 11 AM,2
811380,11 AM - before 2 PM,2
811380,2 PM - before 5 PM,3
811380,9 AM - before 11 AM,3
811381,Before 9 AM,4
811382,11 AM - before 2 PM,4
811382,5 PM - before 9 PM,6
811382,Before 9 AM,10
811416,5 PM - before 9 PM,10
811416,Before 9 AM,20
811420,5 PM - before 9 PM,4
811420,9 AM - before 11 AM,3
811439,5 PM - before 9 PM,3
811447,Before 9 AM,5
811471,2 PM - before 5 PM,10
811471,5 PM - before 9 PM,10
811471,Before 9 AM,10
811496,11 AM - before 2 PM,7
811496,5 PM - before 9 PM,6
811496,Before 9 AM,7
811511,2 PM - before 5 PM,1
811511,5 PM - before 9 PM,2
811511,Before 9 AM,3
811522,5 PM - before 9 PM,15
811522,Before 9 AM,10
811560,2 PM - before 5 PM,1
811560,5 PM - before 9 PM,1
811560,Before 9 AM,1
811571,2 PM - before 5 PM,10
811571,Before 9 AM,20
811577,11 AM - before 2 PM,4
811577,5 PM - before 9 PM,3
811583,2 PM - before 5 PM,4
811583,9 AM - before 11 AM,3
811583,Before 9 AM,3
811598,Before 9 AM,12
811652,11 AM - before 2 PM,6
811652,Before 9 AM,6
811683,2 PM - before 5 PM,2
811683,9 AM - before 11 AM,4
811683,9 PM or later,2
811712,2 PM - before 5 PM,3
811712,5 PM - before 9 PM,3
811712,9 PM or later,2
811745,5 PM - before 9 PM,5
811747,Before 9 AM,5
811761,5 PM - before 9 PM,1
811761,Before 9 AM,1
811778,Before 9 AM,4
811784,11 AM - before 2 PM,5
811784,5 PM - before 9 PM,10
811784,9 PM or later,5
811784,Before 9 AM,10
811789,5 PM - before 9 PM,10
811789,Before 9 AM,30
811797,Before 9 AM,15
811815,11 AM - before 2 PM,5
811815,5 PM - before 9 PM,4
811815,Before 9 AM,30
811821,11 AM - before 2 PM,10
811821,5 PM - before 9 PM,10
811821,Before 9 AM,10
811860,Before 9 AM,4
811879,5 PM - before 9 PM,2
811879,9 AM - before 11 AM,2
811880,2 PM - before 5 PM,2
811880,5 PM - before 9 PM,4
811880,9 AM - before 11 AM,1
811887,5 PM - before 9 PM,4
811887,9 AM - before 11 AM,4
811906,2 PM - before 5 PM,8
811906,Before 9 AM,10
811925,9 AM - before 11 AM,10
811950,5 PM - before 9 PM,20
811950,Before 9 AM,30
812015,5 PM - before 9 PM,15
812015,Before 9 AM,15
812038,5 PM - before 9 PM,5
812042,11 AM - before 2 PM,4
812050,9 AM - before 11 AM,5
812057,2 PM - before 5 PM,1
812057,5 PM - before 9 PM,2
812057,9 AM - before 11 AM,3
812081,5 PM - before 9 PM,5
812081,Before 9 AM,3
812098,5 PM - before 9 PM,5
812103,5 PM - before 9 PM,10
812103,Before 9 AM,5
812119,11 AM - before 2 PM,10
812119,5 PM - before 9 PM,30
812119,Before 9 AM,20
812162,5 PM - before 9 PM,5
812174,Before 9 AM,30
812179,11 AM - before 2 PM,30
812179,Before 9 AM,30
812183,5 PM - before 9 PM,4
812189,2 PM - before 5 PM,2
812189,5 PM - before 9 PM,4
812228,9 AM - before 11 AM,4
812235,5 PM - before 9 PM,2
812235,Before 9 AM,4
812244,Before 9 AM,15
812251,Before 9 AM,4
812257,Before 9 AM,16
812283,Before 9 AM,30
812286,2 PM - before 5 PM,1
812286,5 PM - before 9 PM,3
812286,9 AM - before 11 AM,2
812286,9 PM or later,3
812291,11 AM - before 2 PM,12
812292,5 PM - before 9 PM,4
812292,9 AM - before 11 AM,5
812351,11 AM - before 2 PM,2
812351,5 PM - before 9 PM,3
812354,5 PM - before 9 PM,3
812367,9 AM - before 11 AM,4
812379,Before 9 AM,4
812388,11 AM - before 2 PM,10
812391,11 AM - before 2 PM,3
812401,9 PM or later,16
812401,Before 9 AM,14
812412,Before 9 AM,10
812421,5 PM - before 9 PM,5
812472,9 AM - before 11 AM,10
812472,Before 9 AM,10
812473,11 AM - before 2 PM,1
812473,5 PM - before 9 PM,1
812473,Before 9 AM,1
812529,Before 9 AM,30
812533,11 AM - before 2 PM,10
812533,Before 9 AM,30
812546,5 PM - before 9 PM,10
812546,9 AM - before 11 AM,20
812635,2 PM - before 5 PM,1
812635,5 PM - before 9 PM,3
812638,Before 9 AM,20
812675,2 PM - before 5 PM,2
812675,9 AM - before 11 AM,2
812697,11 AM - before 2 PM,6
812697,5 PM - before 9 PM,4
812745,5 PM - before 9 PM,15
812745,Before 9 AM,15
812749,Before 9 AM,4
812774,5 PM - before 9 PM,3
812778,2 PM - before 5 PM,2
812778,5 PM - before 9 PM,4
812779,2 PM - before 5 PM,9
812779,9 AM - before 11 AM,9
812784,2 PM - before 5 PM,6
812784,5 PM - before 9 PM,6
812786,11 AM - before 2 PM,2
812786,5 PM - before 9 PM,2
812792,5 PM - before 9 PM,15
812802,11 AM - before 2 PM,20
812802,Before 9 AM,15
812814,Before 9 AM,6
812818,Before 9 AM,5
812847,Before 9 AM,4
812882,5 PM - before 9 PM,3
812882,9 AM - before 11 AM,2
812886,2 PM - before 5 PM,4
812886,9 AM - before 11 AM,4
812923,Before 9 AM,4
812924,2 PM - before 5 PM,10
812924,5 PM - before 9 PM,5
812924,Before 9 AM,15
812927,Before 9 AM,4
813125,Before 9 AM,6
813135,2 PM - before 5 PM,15
813135,5 PM - before 9 PM,15
813135,Before 9 AM,30
813146,5 PM - before 9 PM,3
813146,9 PM or later,2
813152,5 PM - before 9 PM,4
813152,9 PM or later,2
813155,2 PM - before 5 PM,2
813155,5 PM - before 9 PM,3
813203,2 PM - before 5 PM,10
813203,Before 9 AM,20
813209,11 AM - before 2 PM,1
813209,5 PM - before 9 PM,2
813222,Before 9 AM,10
813247,5 PM - before 9 PM,10
813247,Before 9 AM,20
813278,5 PM - before 9 PM,2
813278,9 AM - before 11 AM,2
813281,5 PM - before 9 PM,6
813281,9 PM or later,2
813286,5 PM - before 9 PM,4
813320,5 PM - before 9 PM,2
813320,9 PM or later,2
813388,Before 9 AM,20
813465,5 PM - before 9 PM,8
813465,9 AM - before 11 AM,7
813467,11 AM - before 2 PM,4
813467,5 PM - before 9 PM,4
813467,Before 9 AM,4
813483,5 PM - before 9 PM,4
813483,9 AM - before 11 AM,3
813483,Before 9 AM,8
813493,11 AM - before 2 PM,2
813493,2 PM - before 5 PM,2
813495,11 AM - before 2 PM,4
813495,5 PM - before 9 PM,3
813495,Before 9 AM,3
813534,2 PM - before 5 PM,3
813534,5 PM - before 9 PM,3
813534,9 AM - before 11 AM,3
813534,9 PM or later,1
813595,5 PM - before 9 PM,4
813595,9 AM - before 11 AM,4
813600,5 PM - before 9 PM,6
813600,9 PM or later,2
813606,2 PM - before 5 PM,6
813606,Before 9 AM,4
813608,5 PM - before 9 PM,5
813608,9 PM or later,1
813616,Before 9 AM,22
813617,5 PM - before 9 PM,4
813645,2 PM - before 5 PM,4
813645,9 AM - before 11 AM,5
813654,11 AM - before 2 PM,3
813654,5 PM - before 9 PM,3
813663,5 PM - before 9 PM,2
813675,2 PM - before 5 PM,2
813675,5 PM - before 9 PM,4
813684,2 PM - before 5 PM,4
813684,Before 9 AM,4
813765,2 PM - before 5 PM,12
813765,9 AM - before 11 AM,10
813765,Before 9 AM,8
813788,5 PM - before 9 PM,4
813797,5 PM - before 9 PM,20
813840,11 AM - before 2 PM,17
813840,Before 9 AM,30
813841,Before 9 AM,30
813857,2 PM - before 5 PM,20
813857,5 PM - before 9 PM,20
813857,9 AM - before 11 AM,10
813860,11 AM - before 2 PM,6
813860,2 PM - before 5 PM,6
813860,5 PM - before 9 PM,8
813875,2 PM - before 5 PM,10
813918,5 PM - before 9 PM,4
813918,9 PM or later,2
813923,2 PM - before 5 PM,8
813930,5 PM - before 9 PM,3
813930,9 PM or later,2
813931,Before 9 AM,30
813936,11 AM - before 2 PM,10
813936,5 PM - before 9 PM,19
813936,Before 9 AM,30
813940,11 AM - before 2 PM,2
813940,5 PM - before 9 PM,4
813946,Before 9 AM,30
813948,11 AM - before 2 PM,10
813948,5 PM - before 9 PM,5
813948,Before 9 AM,10
813950,11 AM - before 2 PM,2
813950,5 PM - before 9 PM,4
813950,9 PM or later,4
813952,2 PM - before 5 PM,10
813952,5 PM - before 9 PM,10
813973,11 AM - before 2 PM,1
813973,5 PM - before 9 PM,1
813994,5 PM - before 9 PM,4
814000,11 AM - before 2 PM,5
814000,2 PM - before 5 PM,5
814000,5 PM - before 9 PM,5
814000,9 AM - before 11 AM,5
814000,Before 9 AM,10
814005,9 AM - before 11 AM,4
814010,5 PM - before 9 PM,3
814010,9 PM or later,1
814011,5 PM - before 9 PM,6
814014,5 PM - before 9 PM,4
814014,9 PM or later,2
814016,2 PM - before 5 PM,5
814016,9 AM - before 11 AM,5
814041,5 PM - before 9 PM,4
814042,2 PM - before 5 PM,10
814042,Before 9 AM,20
814045,2 PM - before 5 PM,4
814045,5 PM - before 9 PM,5
814045,9 AM - before 11 AM,5
814045,Before 9 AM,6
814047,2 PM - before 5 PM,1
814047,5 PM - before 9 PM,1
814047,9 AM - before 11 AM,2
814055,5 PM - before 9 PM,2
814055,9 PM or later,2
814071,2 PM - before 5 PM,3
814071,5 PM - before 9 PM,3
814071,9 AM - before 11 AM,3
814096,5 PM - before 9 PM,5
814096,Before 9 AM,25
814106,2 PM - before 5 PM,2
814106,9 AM - before 11 AM,2
814118,Before 9 AM,4
814121,5 PM - before 9 PM,2
814121,9 AM - before 11 AM,1
814156,2 PM - before 5 PM,2
814156,5 PM - before 9 PM,2
814156,9 AM - before 11 AM,3
814183,2 PM - before 5 PM,4
814183,5 PM - before 9 PM,2
814183,9 PM or later,2
814276,11 AM - before 2 PM,2
814276,5 PM - before 9 PM,3
814318,2 PM - before 5 PM,5
814318,5 PM - before 9 PM,6
814318,9 AM - before 11 AM,6
814329,Before 9 AM,25
814351,2 PM - before 5 PM,5
814351,Before 9 AM,10
814392,2 PM - before 5 PM,2
814392,5 PM - before 9 PM,3
814442,2 PM - before 5 PM,3
814442,9 AM - before 11 AM,5
814453,2 PM - before 5 PM,8
814453,5 PM - before 9 PM,12
814468,9 AM - before 11 AM,2
814486,2 PM - before 5 PM,2
814486,5 PM - before 9 PM,2
814492,2 PM - before 5 PM,2
814492,Before 9 AM,2
814497,11 AM - before 2 PM,2
814497,5 PM - before 9 PM,5
814497,Before 9 AM,3
814534,2 PM - before 5 PM,15
814534,5 PM - before 9 PM,15
814560,Before 9 AM,4
814585,5 PM - before 9 PM,6
814630,11 AM - before 2 PM,7
814630,5 PM - before 9 PM,5
814630,Before 9 AM,8
814640,5 PM - before 9 PM,6
814640,Before 9 AM,4
814651,5 PM - before 9 PM,2
814651,9 AM - before 11 AM,3
814673,2 PM - before 5 PM,4
814680,9 AM - before 11 AM,2
814686,11 AM - before 2 PM,2
814686,2 PM - before 5 PM,2
814686,5 PM - before 9 PM,4
814686,9 PM or later,4
814695,5 PM - before 9 PM,3
814695,9 PM or later,2
814713,5 PM - before 9 PM,2
814738,9 AM - before 11 AM,3
814741,2 PM - before 5 PM,6
814741,Before 9 AM,9
814750,11 AM - before 2 PM,4
814750,Before 9 AM,2
814781,11 AM - before 2 PM,2
814781,2 PM - before 5 PM,1
814781,5 PM - before 9 PM,1
814825,2 PM - before 5 PM,8
814825,Before 9 AM,7
814827,5 PM - before 9 PM,4
814827,9 PM or later,4
814832,5 PM - before 9 PM,8
814832,9 AM - before 11 AM,5
814893,5 PM - before 9 PM,3
814909,2 PM - before 5 PM,3
814909,Before 9 AM,1
814913,11 AM - before 2 PM,2
814913,2 PM - before 5 PM,2
814927,Before 9 AM,10
814945,Before 9 AM,30
814952,Before 9 AM,30
814990,2 PM - before 5 PM,2
814990,5 PM - before 9 PM,1
815053,5 PM - before 9 PM,6
815053,Before 9 AM,2
815056,Before 9 AM,8
815068,2 PM - before 5 PM,2
815099,11 AM - before 2 PM,10
815099,5 PM - before 9 PM,10
815142,5 PM - before 9 PM,14
815142,Before 9 AM,16
815191,11 AM - before 2 PM,2
815191,5 PM - before 9 PM,2
815354,2 PM - before 5 PM,1
815354,5 PM - before 9 PM,1
815354,Before 9 AM,6
815381,5 PM - before 9 PM,4
815381,Before 9 AM,26
815388,11 AM - before 2 PM,18
815388,Before 9 AM,12
815392,5 PM - before 9 PM,30
815438,5 PM - before 9 PM,4
815447,Before 9 AM,7
815453,5 PM - before 9 PM,6
815453,9 PM or later,2
815455,5 PM - before 9 PM,4
815455,9 AM - before 11 AM,2
815457,2 PM - before 5 PM,10
815457,Before 9 AM,10
815550,5 PM - before 9 PM,22
815550,Before 9 AM,18
815596,5 PM - before 9 PM,5
815596,Before 9 AM,15
815603,2 PM - before 5 PM,4
815603,5 PM - before 9 PM,3
815603,Before 9 AM,3
815623,5 PM - before 9 PM,7
815623,Before 9 AM,30
815634,11 AM - before 2 PM,2
815634,5 PM - before 9 PM,3
815634,Before 9 AM,3
815637,Before 9 AM,20
815639,5 PM - before 9 PM,1
815639,9 AM - before 11 AM,4
815641,5 PM - before 9 PM,4
815653,5 PM - before 9 PM,5
815654,5 PM - before 9 PM,2
815658,5 PM - before 9 PM,5
815670,11 AM - before 2 PM,3
815670,5 PM - before 9 PM,3
815670,9 PM or later,2
815682,5 PM - before 9 PM,6
815682,Before 9 AM,26
815685,5 PM - before 9 PM,30
815685,9 AM - before 11 AM,30
815689,11 AM - before 2 PM,30
815689,5 PM - before 9 PM,30
815689,Before 9 AM,30
815706,5 PM - before 9 PM,12
815706,Before 9 AM,18
815711,5 PM - before 9 PM,6
815711,9 AM - before 11 AM,3
815715,5 PM - before 9 PM,30
815715,Before 9 AM,30
815730,5 PM - before 9 PM,3
815746,Before 9 AM,8
815755,11 AM - before 2 PM,10
815755,Before 9 AM,20
815767,Before 9 AM,19
815803,11 AM - before 2 PM,2
815803,5 PM - before 9 PM,1
815814,Before 9 AM,30
815824,11 AM - before 2 PM,3
815824,5 PM - before 9 PM,1
815842,Before 9 AM,30
815849,5 PM - before 9 PM,6
815849,Before 9 AM,24
815854,5 PM - before 9 PM,2
815854,9 AM - before 11 AM,8
815899,5 PM - before 9 PM,6
815920,Before 9 AM,4
815929,5 PM - before 9 PM,4
815929,Before 9 AM,2
815960,5 PM - before 9 PM,3
815960,9 AM - before 11 AM,10
815960,Before 9 AM,3
815970,2 PM - before 5 PM,14
815970,Before 9 AM,16
815990,5 PM - before 9 PM,5
815990,Before 9 AM,5
815992,11 AM - before 2 PM,20
815992,5 PM - before 9 PM,30
815992,Before 9 AM,20
815994,5 PM - before 9 PM,20
815994,Before 9 AM,30
816003,5 PM - before 9 PM,5
816003,9 AM - before 11 AM,5
816006,5 PM - before 9 PM,30
816006,Before 9 AM,20
816007,2 PM - before 5 PM,2
816007,5 PM - before 9 PM,28
816007,Before 9 AM,30
816008,5 PM - before 9 PM,3
816052,2 PM - before 5 PM,2
816052,5 PM - before 9 PM,2
816052,Before 9 AM,3
816054,Before 9 AM,8
816075,Before 9 AM,30
816080,5 PM - before 9 PM,4
816080,Before 9 AM,26
816083,5 PM - before 9 PM,4
816083,9 PM or later,1
816085,5 PM - before 9 PM,4
816087,11 AM - before 2 PM,5
816087,Before 9 AM,25
816088,2 PM - before 5 PM,30
816088,5 PM - before 9 PM,20
816088,9 AM - before 11 AM,30
816089,Before 9 AM,20
816091,5 PM - before 9 PM,5
816092,5 PM - before 9 PM,5
816092,9 PM or later,3
816095,2 PM - before 5 PM,7
816095,5 PM - before 9 PM,11
816095,9 AM - before 11 AM,6
816095,Before 9 AM,6
816107,5 PM - before 9 PM,3
816112,2 PM - before 5 PM,1
816112,5 PM - before 9 PM,2
816115,2 PM - before 5 PM,5
816115,5 PM - before 9 PM,5
816116,9 AM - before 11 AM,6
816135,2 PM - before 5 PM,5
816135,9 AM - before 11 AM,5
816148,2 PM - before 5 PM,2
816148,5 PM - before 9 PM,3
816151,5 PM - before 9 PM,5
816151,Before 9 AM,25
816157,5 PM - before 9 PM,2
816165,Before 9 AM,3
816183,5 PM - before 9 PM,15
816183,Before 9 AM,15
816184,Before 9 AM,30
816185,11 AM - before 2 PM,12
816196,2 PM - before 5 PM,3
816196,5 PM - before 9 PM,3
816197,5 PM - before 9 PM,2
816197,Before 9 AM,4
816230,5 PM - before 9 PM,7
816239,2 PM - before 5 PM,2
816239,9 AM - before 11 AM,1
816241,5 PM - before 9 PM,12
816241,9 AM - before 11 AM,8
816244,Before 9 AM,22
816248,5 PM - before 9 PM,3
816248,9 AM - before 11 AM,3
816251,5 PM - before 9 PM,6
816251,9 PM or later,2
816252,Before 9 AM,4
816254,5 PM - before 9 PM,5
816254,9 PM or later,3
816264,9 AM - before 11 AM,4
816264,Before 9 AM,4
816276,5 PM - before 9 PM,4
816276,9 PM or later,2
816276,Before 9 AM,3
816284,2 PM - before 5 PM,10
816284,5 PM - before 9 PM,10
816284,Before 9 AM,10
816317,9 AM - before 11 AM,4
816323,5 PM - before 9 PM,30
816324,9 AM - before 11 AM,2
816329,Before 9 AM,30
816350,11 AM - before 2 PM,10
816350,5 PM - before 9 PM,5
816350,Before 9 AM,10
816356,5 PM - before 9 PM,2
816356,Before 9 AM,4
816362,11 AM - before 2 PM,2
816362,2 PM - before 5 PM,1
816367,5 PM - before 9 PM,5
816367,Before 9 AM,26
816390,Before 9 AM,4
816392,Before 9 AM,4
816444,5 PM - before 9 PM,3
816444,9 AM - before 11 AM,3
816450,11 AM - before 2 PM,20
816450,5 PM - before 9 PM,10
816452,2 PM - before 5 PM,4
816452,9 AM - before 11 AM,3
816455,Before 9 AM,30
816459,5 PM - before 9 PM,4
816477,Before 9 AM,4
816494,5 PM - before 9 PM,3
816494,Before 9 AM,3
816505,Before 9 AM,2
816512,5 PM - before 9 PM,3
816512,9 PM or later,2
816555,5 PM - before 9 PM,2
816555,Before 9 AM,1
816561,5 PM - before 9 PM,2
816565,2 PM - before 5 PM,3
816565,5 PM - before 9 PM,2
816565,9 AM - before 11 AM,3
816567,Before 9 AM,5
816581,9 PM or later,30
816592,2 PM - before 5 PM,4
816592,9 AM - before 11 AM,3
816602,5 PM - before 9 PM,5
816602,9 AM - before 11 AM,10
816602,Before 9 AM,15
816609,5 PM - before 9 PM,3
816609,9 PM or later,3
816609,Before 9 AM,1
816627,11 AM - before 2 PM,2
816627,2 PM - before 5 PM,4
816627,5 PM - before 9 PM,4
816649,2 PM - before 5 PM,3
816649,5 PM - before 9 PM,4
816649,9 AM - before 11 AM,2
816649,9 PM or later,1
816708,5 PM - before 9 PM,2
816708,Before 9 AM,2
816711,5 PM - before 9 PM,3
816711,9 PM or later,2
816713,Before 9 AM,3
816723,Before 9 AM,10
816730,2 PM - before 5 PM,20
816730,Before 9 AM,30
816754,11 AM - before 2 PM,3
816754,2 PM - before 5 PM,2
816754,Before 9 AM,3
816824,5 PM - before 9 PM,3
816824,9 AM - before 11 AM,4
816844,Before 9 AM,10
816870,Before 9 AM,2
816873,5 PM - before 9 PM,6
816873,9 AM - before 11 AM,5
816880,2 PM - before 5 PM,3
816880,5 PM - before 9 PM,4
816880,9 PM or later,3
816882,2 PM - before 5 PM,3
816882,5 PM - before 9 PM,3
816901,5 PM - before 9 PM,3
816901,9 PM or later,2
816906,2 PM - before 5 PM,20
816906,5 PM - before 9 PM,20
816906,Before 9 AM,20
816928,2 PM - before 5 PM,10
816928,9 AM - before 11 AM,10
816929,Before 9 AM,30
816932,5 PM - before 9 PM,8
816940,11 AM - before 2 PM,3
816940,2 PM - before 5 PM,4
816940,5 PM - before 9 PM,5
816940,9 PM or later,4
816970,5 PM - before 9 PM,2
816972,5 PM - before 9 PM,2
816972,Before 9 AM,4
816997,2 PM - before 5 PM,2
817010,9 AM - before 11 AM,4
817023,11 AM - before 2 PM,1
817023,5 PM - before 9 PM,2
817031,Before 9 AM,30
817042,Before 9 AM,30
817057,Before 9 AM,30
817059,2 PM - before 5 PM,2
817059,5 PM - before 9 PM,3
817086,11 AM - before 2 PM,2
817086,9 AM - before 11 AM,2
817086,Before 9 AM,4
817116,Before 9 AM,2
817121,5 PM - before 9 PM,3
817121,Before 9 AM,1
817190,Before 9 AM,30
817282,5 PM - before 9 PM,10
817282,Before 9 AM,30
817317,5 PM - before 9 PM,8
817426,Before 9 AM,30
817454,5 PM - before 9 PM,3
817462,5 PM - before 9 PM,4
817470,5 PM - before 9 PM,5
817470,9 PM or later,3
817471,11 AM - before 2 PM,2
817471,5 PM - before 9 PM,2
817471,9 PM or later,1
817474,5 PM - before 9 PM,5
817476,5 PM - before 9 PM,3
817476,9 AM - before 11 AM,3
817486,11 AM - before 2 PM,4
817486,Before 9 AM,4
817503,Before 9 AM,4
817521,11 AM - before 2 PM,1
817521,2 PM - before 5 PM,1
817521,5 PM - before 9 PM,1
817521,Before 9 AM,1
817548,5 PM - before 9 PM,20
817548,Before 9 AM,10
817550,Before 9 AM,30
817559,2 PM - before 5 PM,1
817559,9 AM - before 11 AM,4
817562,11 AM - before 2 PM,30
817568,5 PM - before 9 PM,2
817588,Before 9 AM,30
817607,2 PM - before 5 PM,2
817607,9 AM - before 11 AM,2
817624,11 AM - before 2 PM,15
817624,5 PM - before 9 PM,5
817624,Before 9 AM,10
817646,5 PM - before 9 PM,4
817681,11 AM - before 2 PM,2
817681,2 PM - before 5 PM,1
817690,11 AM - before 2 PM,5
817699,11 AM - before 2 PM,1
817699,5 PM - before 9 PM,1
817699,Before 9 AM,1
817723,11 AM - before 2 PM,4
817723,5 PM - before 9 PM,10
817723,Before 9 AM,6
817746,2 PM - before 5 PM,10
817746,Before 9 AM,20
817758,5 PM - before 9 PM,5
817770,Before 9 AM,10
817778,5 PM - before 9 PM,3
817778,9 AM - before 11 AM,4
817780,5 PM - before 9 PM,8
817780,Before 9 AM,7
817786,5 PM - before 9 PM,5
817786,9 PM or later,5
817786,Before 9 AM,30
817801,5 PM - before 9 PM,30
817801,Before 9 AM,30
817815,5 PM - before 9 PM,2
817815,9 PM or later,2
817824,5 PM - before 9 PM,3
817824,Before 9 AM,5
817825,2 PM - before 5 PM,2
817825,9 AM - before 11 AM,2
817825,Before 9 AM,2
817847,11 AM - before 2 PM,10
817847,Before 9 AM,10
817882,5 PM - before 9 PM,4
817885,5 PM - before 9 PM,4
817899,11 AM - before 2 PM,4
817899,5 PM - before 9 PM,2
817899,Before 9 AM,4
817909,Before 9 AM,4
817911,2 PM - before 5 PM,2
817911,5 PM - before 9 PM,3
817911,9 AM - before 11 AM,2
817911,9 PM or later,1
817919,5 PM - before 9 PM,3
817919,9 PM or later,2
817922,5 PM - before 9 PM,10
817922,Before 9 AM,20
817924,11 AM - before 2 PM,1
817924,2 PM - before 5 PM,1
817924,5 PM - before 9 PM,1
817924,Before 9 AM,1
817926,5 PM - before 9 PM,2
817926,Before 9 AM,4
817970,5 PM - before 9 PM,9
817970,9 AM - before 11 AM,5
817970,Before 9 AM,6
817989,2 PM - before 5 PM,2
817989,5 PM - before 9 PM,2
817989,9 PM or later,3
817993,5 PM - before 9 PM,4
817993,9 AM - before 11 AM,4
817993,Before 9 AM,4
817996,5 PM - before 9 PM,4
817996,9 PM or later,2
818005,Before 9 AM,10
818009,2 PM - before 5 PM,3
818009,5 PM - before 9 PM,3
818013,5 PM - before 9 PM,4
818013,9 AM - before 11 AM,4
818013,9 PM or later,2
818018,Before 9 AM,30
818023,2 PM - before 5 PM,1
818023,5 PM - before 9 PM,1
818023,9 AM - before 11 AM,1
818027,5 PM - before 9 PM,6
818028,2 PM - before 5 PM,3
818028,5 PM - before 9 PM,4
818028,9 AM - before 11 AM,2
818028,Before 9 AM,3
818029,5 PM - before 9 PM,18
818029,Before 9 AM,12
818035,Before 9 AM,30
818037,11 AM - before 2 PM,3
818037,5 PM - before 9 PM,5
818037,Before 9 AM,2
818047,2 PM - before 5 PM,2
818047,5 PM - before 9 PM,4
818047,9 AM - before 11 AM,6
818062,2 PM - before 5 PM,1
818062,5 PM - before 9 PM,2
818062,9 PM or later,2
818075,2 PM - before 5 PM,4
818075,Before 9 AM,4
818107,Before 9 AM,2
818112,Before 9 AM,8
818116,5 PM - before 9 PM,7
818118,11 AM - before 2 PM,30
818131,Before 9 AM,4
818136,5 PM - before 9 PM,3
818136,Before 9 AM,2
818139,5 PM - before 9 PM,2
818139,9 PM or later,2
818142,2 PM - before 5 PM,3
818142,5 PM - before 9 PM,3
818144,2 PM - before 5 PM,2
818144,5 PM - before 9 PM,2
818149,5 PM - before 9 PM,8
818161,Before 9 AM,30
818172,5 PM - before 9 PM,6
818172,Before 9 AM,20
818173,Before 9 AM,8
818174,11 AM - before 2 PM,3
818174,9 AM - before 11 AM,3
818174,Before 9 AM,4
818178,5 PM - before 9 PM,8
818178,Before 9 AM,2
818185,5 PM - before 9 PM,4
818185,Before 9 AM,4
818186,11 AM - before 2 PM,4
818186,5 PM - before 9 PM,4
818195,5 PM - before 9 PM,4
818195,9 AM - before 11 AM,4
818197,5 PM - before 9 PM,5
818197,9 AM - before 11 AM,5
818208,11 AM - before 2 PM,1
818208,5 PM - before 9 PM,2
818208,Before 9 AM,1
818238,5 PM - before 9 PM,4
818238,9 AM - before 11 AM,4
818248,11 AM - before 2 PM,10
818248,Before 9 AM,10
818268,5 PM - before 9 PM,4
818268,9 PM or later,2
818269,11 AM - before 2 PM,4
818269,2 PM - before 5 PM,2
818269,5 PM - before 9 PM,2
818272,5 PM - before 9 PM,4
818279,5 PM - before 9 PM,4
818284,2 PM - before 5 PM,4
818302,5 PM - before 9 PM,16
818302,9 PM or later,6
818302,Before 9 AM,20
818307,5 PM - before 9 PM,3
818320,5 PM - before 9 PM,5
818325,Before 9 AM,15
818327,2 PM - before 5 PM,6
818327,9 AM - before 11 AM,6
818335,Before 9 AM,30
818344,Before 9 AM,8
818355,2 PM - before 5 PM,2
818355,5 PM - before 9 PM,3
818355,9 AM - before 11 AM,4
818359,2 PM - before 5 PM,5
818359,5 PM - before 9 PM,5
818359,9 AM - before 11 AM,2
818368,2 PM - before 5 PM,1
818368,5 PM - before 9 PM,3
818368,9 AM - before 11 AM,2
818412,2 PM - before 5 PM,10
818412,5 PM - before 9 PM,5
818412,9 AM - before 11 AM,10
818412,Before 9 AM,30
818453,5 PM - before 9 PM,3
818461,2 PM - before 5 PM,2
818461,5 PM - before 9 PM,4
818461,9 PM or later,1
818464,5 PM - before 9 PM,4
818466,5 PM - before 9 PM,3
818466,9 AM - before 11 AM,3
818467,5 PM - before 9 PM,4
818468,2 PM - before 5 PM,2
818468,9 AM - before 11 AM,1
818547,Before 9 AM,15
818574,5 PM - before 9 PM,2
818578,2 PM - before 5 PM,1
818578,5 PM - before 9 PM,3
818581,9 AM - before 11 AM,4
818581,Before 9 AM,4
818587,2 PM - before 5 PM,2
818587,5 PM - before 9 PM,1
818672,5 PM - before 9 PM,3
818672,9 AM - before 11 AM,3
818672,Before 9 AM,4
818677,Before 9 AM,30
818733,5 PM - before 9 PM,4
818735,2 PM - before 5 PM,3
818739,2 PM - before 5 PM,2
818739,9 AM - before 11 AM,3
818763,Before 9 AM,4
818764,2 PM - before 5 PM,2
818764,Before 9 AM,2
818769,5 PM - before 9 PM,5
818769,Before 9 AM,10
818774,5 PM - before 9 PM,10
818777,11 AM - before 2 PM,1
818777,5 PM - before 9 PM,3
818777,Before 9 AM,1
818791,5 PM - before 9 PM,15
818791,9 PM or later,15
818791,Before 9 AM,30
818802,Before 9 AM,8
818808,2 PM - before 5 PM,15
818808,Before 9 AM,15
818811,Before 9 AM,4
818828,11 AM - before 2 PM,2
818828,5 PM - before 9 PM,3
818828,Before 9 AM,3
818857,5 PM - before 9 PM,4
818889,Before 9 AM,8
818905,Before 9 AM,30
818915,2 PM - before 5 PM,14
819121,9 PM or later,15
819121,Before 9 AM,30
819209,2 PM - before 5 PM,10
819209,Before 9 AM,10
819268,5 PM - before 9 PM,4
819347,2 PM - before 5 PM,10
819347,Before 9 AM,10
819379,2 PM - before 5 PM,1
819379,5 PM - before 9 PM,1
819384,5 PM - before 9 PM,4
819385,11 AM - before 2 PM,1
819385,5 PM - before 9 PM,1
819408,5 PM - before 9 PM,4
819429,11 AM - before 2 PM,4
819429,5 PM - before 9 PM,2
819429,9 PM or later,2
819429,Before 9 AM,4
819469,Before 9 AM,10
819535,5 PM - before 9 PM,10
819535,Before 9 AM,25
819555,11 AM - before 2 PM,1
819555,5 PM - before 9 PM,2
819558,5 PM - before 9 PM,3
819558,9 PM or later,2
819569,11 AM - before 2 PM,3
819642,5 PM - before 9 PM,6
819659,Before 9 AM,25
819663,Before 9 AM,30
819706,Before 9 AM,12
819710,5 PM - before 9 PM,30
819735,Before 9 AM,20
819759,5 PM - before 9 PM,2
819761,2 PM - before 5 PM,2
819761,5 PM - before 9 PM,2
819761,Before 9 AM,3
819811,Before 9 AM,30
819843,Before 9 AM,30
819850,11 AM - before 2 PM,4
819850,5 PM - before 9 PM,2
819872,2 PM - before 5 PM,2
819872,Before 9 AM,2
819873,2 PM - before 5 PM,15
819873,Before 9 AM,10
819896,2 PM - before 5 PM,4
819896,5 PM - before 9 PM,4
819896,9 PM or later,4
819897,11 AM - before 2 PM,4
819897,5 PM - before 9 PM,8
819914,5 PM - before 9 PM,2
819919,5 PM - before 9 PM,3
819927,2 PM - before 5 PM,2
819927,5 PM - before 9 PM,4
819927,9 AM - before 11 AM,4
819927,9 PM or later,2
819934,9 PM or later,9
819944,Before 9 AM,2
819953,Before 9 AM,5
819966,11 AM - before 2 PM,4
819966,2 PM - before 5 PM,4
819966,5 PM - before 9 PM,2
819966,9 PM or later,2
819984,5 PM - before 9 PM,4
819998,2 PM - before 5 PM,1
819998,5 PM - before 9 PM,2
819998,9 AM - before 11 AM,3
820014,11 AM - before 2 PM,6
820014,5 PM - before 9 PM,6
820016,5 PM - before 9 PM,2
820016,Before 9 AM,2
820028,9 PM or later,20
820028,Before 9 AM,30
820039,9 AM - before 11 AM,3
820040,11 AM - before 2 PM,1
820040,5 PM - before 9 PM,2
820045,2 PM - before 5 PM,2
820045,5 PM - before 9 PM,2
820047,5 PM - before 9 PM,2
820047,Before 9 AM,2
820066,Before 9 AM,8
820073,11 AM - before 2 PM,1
820073,5 PM - before 9 PM,1
820079,5 PM - before 9 PM,3
820081,5 PM - before 9 PM,4
820094,2 PM - before 5 PM,2
820094,5 PM - before 9 PM,2
820094,9 AM - before 11 AM,3
820104,Before 9 AM,4
820110,Before 9 AM,5
820118,2 PM - before 5 PM,8
820118,Before 9 AM,8
820123,Before 9 AM,30
820134,Before 9 AM,15
820142,11 AM - before 2 PM,10
820142,Before 9 AM,10
820146,Before 9 AM,30
820149,2 PM - before 5 PM,4
820149,Before 9 AM,6
820150,2 PM - before 5 PM,2
820152,5 PM - before 9 PM,2
820152,9 PM or later,6
820155,11 AM - before 2 PM,4
820155,5 PM - before 9 PM,6
820222,2 PM - before 5 PM,4
820222,5 PM - before 9 PM,4
820222,9 AM - before 11 AM,4
820227,11 AM - before 2 PM,3
820227,5 PM - before 9 PM,2
820255,11 AM - before 2 PM,1
820255,5 PM - before 9 PM,1
820257,5 PM - before 9 PM,4
820280,9 AM - before 11 AM,8
820298,11 AM - before 2 PM,30
820298,9 AM - before 11 AM,30
820338,5 PM - before 9 PM,30
820338,Before 9 AM,30
820345,11 AM - before 2 PM,8
820345,5 PM - before 9 PM,12
820349,2 PM - before 5 PM,4
820349,5 PM - before 9 PM,3
820349,9 AM - before 11 AM,2
820349,9 PM or later,1
820395,Before 9 AM,4
820399,9 AM - before 11 AM,15
820405,2 PM - before 5 PM,3
820405,5 PM - before 9 PM,4
820405,9 PM or later,1
820437,2 PM - before 5 PM,2
820437,9 AM - before 11 AM,2
820578,5 PM - before 9 PM,9
820578,Before 9 AM,19
820593,5 PM - before 9 PM,4
820600,Before 9 AM,3
820652,5 PM - before 9 PM,10
821042,5 PM - before 9 PM,5
821042,9 AM - before 11 AM,5
821087,Before 9 AM,12
821094,Before 9 AM,4
821225,5 PM - before 9 PM,6
821225,9 AM - before 11 AM,6
821393,5 PM - before 9 PM,16
821402,Before 9 AM,10
821409,11 AM - before 2 PM,6
821433,11 AM - before 2 PM,8
821433,5 PM - before 9 PM,8
821441,5 PM - before 9 PM,4
821607,5 PM - before 9 PM,10
821607,Before 9 AM,5
821645,5 PM - before 9 PM,4
821645,9 PM or later,4
821690,Before 9 AM,5
821716,9 AM - before 11 AM,2
821716,Before 9 AM,2
821717,2 PM - before 5 PM,10
821717,Before 9 AM,30
821745,2 PM - before 5 PM,1
821745,5 PM - before 9 PM,3
821747,2 PM - before 5 PM,4
821748,9 AM - before 11 AM,4
821795,2 PM - before 5 PM,5
821795,Before 9 AM,5
821808,5 PM - before 9 PM,2
821837,5 PM - before 9 PM,4
821837,Before 9 AM,4
821839,Before 9 AM,10
821882,5 PM - before 9 PM,5
821884,11 AM - before 2 PM,2
821884,Before 9 AM,6
821891,2 PM - before 5 PM,5
821891,9 AM - before 11 AM,3
821899,9 AM - before 11 AM,4
821925,5 PM - before 9 PM,3
821925,9 PM or later,3
822009,5 PM - before 9 PM,4
822078,2 PM - before 5 PM,4
822078,5 PM - before 9 PM,2
822078,9 AM - before 11 AM,4
822155,5 PM - before 9 PM,3
822155,Before 9 AM,2
822200,Before 9 AM,3
822366,2 PM - before 5 PM,4
822367,9 AM - before 11 AM,2
822368,5 PM - before 9 PM,3
822520,11 AM - before 2 PM,4
822520,5 PM - before 9 PM,4
822520,Before 9 AM,4
822603,11 AM - before 2 PM,1
822603,5 PM - before 9 PM,2
822683,9 PM or later,4
822950,5 PM - before 9 PM,6
822980,11 AM - before 2 PM,8
822988,5 PM - before 9 PM,3
822988,Before 9 AM,4
823071,9 AM - before 11 AM,4
823097,Before 9 AM,30
823105,5 PM - before 9 PM,4
823105,Before 9 AM,4
823129,Before 9 AM,10
823161,5 PM - before 9 PM,4
823161,9 PM or later,4
823161,Before 9 AM,2
823168,5 PM - before 9 PM,4
823168,9 PM or later,4
823200,2 PM - before 5 PM,10
823200,Before 9 AM,10
823213,11 AM - before 2 PM,5
823213,2 PM - before 5 PM,5
823213,Before 9 AM,20
823231,11 AM - before 2 PM,1
823231,2 PM - before 5 PM,2
823248,5 PM - before 9 PM,5
823248,Before 9 AM,3
823327,Before 9 AM,4
823332,Before 9 AM,15
823341,2 PM - before 5 PM,5
823374,11 AM - before 2 PM,4
823374,2 PM - before 5 PM,2
823374,Before 9 AM,4
823418,Before 9 AM,3
823420,5 PM - before 9 PM,12
823425,2 PM - before 5 PM,2
823425,5 PM - before 9 PM,4
823425,9 AM - before 11 AM,2
823434,Before 9 AM,30
823517,5 PM - before 9 PM,5
823517,Before 9 AM,10
823525,2 PM - before 5 PM,4
823525,5 PM - before 9 PM,3
823525,9 AM - before 11 AM,3
823525,9 PM or later,2
823540,9 AM - before 11 AM,30
823650,5 PM - before 9 PM,4
823663,2 PM - before 5 PM,1
823663,5 PM - before 9 PM,3
823665,11 AM - before 2 PM,2
823665,5 PM - before 9 PM,2
823684,Before 9 AM,10
823700,Before 9 AM,8
823711,5 PM - before 9 PM,8
823713,5 PM - before 9 PM,4
823716,Before 9 AM,30
823783,Before 9 AM,15
823827,5 PM - before 9 PM,2
823879,11 AM - before 2 PM,2
823879,2 PM - before 5 PM,2
823879,Before 9 AM,1
823896,11 AM - before 2 PM,5
823896,Before 9 AM,15
823899,2 PM - before 5 PM,4
823913,9 AM - before 11 AM,15
823913,9 PM or later,10
823958,2 PM - before 5 PM,2
823958,5 PM - before 9 PM,2
823964,5 PM - before 9 PM,3
823964,9 PM or later,2
823993,5 PM - before 9 PM,4
824024,5 PM - before 9 PM,4
824024,9 AM - before 11 AM,4
824024,9 PM or later,2
824031,Before 9 AM,4
824049,9 AM - before 11 AM,4
824050,5 PM - before 9 PM,5
824050,Before 9 AM,5
824101,11 AM - before 2 PM,1
824101,5 PM - before 9 PM,2
824101,Before 9 AM,2
824105,2 PM - before 5 PM,6
824165,Before 9 AM,4
824171,11 AM - before 2 PM,5
824171,9 AM - before 11 AM,5
824203,11 AM - before 2 PM,4
824203,5 PM - before 9 PM,4
824205,2 PM - before 5 PM,3
824205,5 PM - before 9 PM,4
824205,9 AM - before 11 AM,3
824207,Before 9 AM,30
824229,2 PM - before 5 PM,4
824229,5 PM - before 9 PM,4
824257,5 PM - before 9 PM,5
824278,5 PM - before 9 PM,4
824278,9 PM or later,4
824283,11 AM - before 2 PM,2
824283,5 PM - before 9 PM,3
824297,2 PM - before 5 PM,2
824297,5 PM - before 9 PM,2
824305,11 AM - before 2 PM,4
824305,2 PM - before 5 PM,4
824307,Before 9 AM,30
824525,Before 9 AM,8
824529,Before 9 AM,8
824554,9 AM - before 11 AM,4
824556,2 PM - before 5 PM,2
824556,9 AM - before 11 AM,3
824556,Before 9 AM,2
824557,2 PM - before 5 PM,3
824557,5 PM - before 9 PM,2
824575,Before 9 AM,30
824576,11 AM - before 2 PM,4
824578,9 AM - before 11 AM,6
824591,5 PM - before 9 PM,4
824591,Before 9 AM,8
824598,5 PM - before 9 PM,3
824631,2 PM - before 5 PM,10
824676,5 PM - before 9 PM,3
824676,Before 9 AM,5
824703,5 PM - before 9 PM,6
824703,9 AM - before 11 AM,9
824703,Before 9 AM,10
824714,2 PM - before 5 PM,2
824714,Before 9 AM,2
824734,5 PM - before 9 PM,6
824734,9 AM - before 11 AM,6
824737,5 PM - before 9 PM,5
824749,11 AM - before 2 PM,2
824749,2 PM - before 5 PM,3
824749,5 PM - before 9 PM,3
824763,Before 9 AM,8
824770,Before 9 AM,30
824772,11 AM - before 2 PM,10
824772,Before 9 AM,20
824800,2 PM - before 5 PM,2
824800,5 PM - before 9 PM,2
824802,Before 9 AM,30
824831,2 PM - before 5 PM,2
824843,5 PM - before 9 PM,5
824843,Before 9 AM,25
824846,9 AM - before 11 AM,2
824912,11 AM - before 2 PM,10
824912,Before 9 AM,10
824937,2 PM - before 5 PM,1
824937,9 AM - before 11 AM,1
824941,5 PM - before 9 PM,4
824941,Before 9 AM,6
824946,9 AM - before 11 AM,1
824946,Before 9 AM,1
824948,Before 9 AM,30
824951,Before 9 AM,30
824953,11 AM - before 2 PM,3
824953,2 PM - before 5 PM,2
824953,Before 9 AM,3
824963,Before 9 AM,4
824975,Before 9 AM,2
825020,2 PM - before 5 PM,6
825025,5 PM - before 9 PM,7
825054,Before 9 AM,30
825060,11 AM - before 2 PM,3
825060,2 PM - before 5 PM,4
825060,5 PM - before 9 PM,4
825073,Before 9 AM,30
825074,2 PM - before 5 PM,3
825074,5 PM - before 9 PM,3
825074,9 AM - before 11 AM,4
825099,5 PM - before 9 PM,4
825099,9 PM or later,2
825105,Before 9 AM,10
825108,Before 9 AM,8
825113,2 PM - before 5 PM,5
825113,Before 9 AM,7
825121,Before 9 AM,30
825130,2 PM - before 5 PM,2
825130,5 PM - before 9 PM,2
825141,Before 9 AM,8
825143,9 AM - before 11 AM,4
825144,Before 9 AM,4
825159,Before 9 AM,25
825180,2 PM - before 5 PM,5
825188,11 AM - before 2 PM,1
825188,5 PM - before 9 PM,2
825200,5 PM - before 9 PM,5
825219,2 PM - before 5 PM,5
825219,9 AM - before 11 AM,5
825226,Before 9 AM,30
825227,Before 9 AM,4
825228,2 PM - before 5 PM,4
825244,11 AM - before 2 PM,3
825244,5 PM - before 9 PM,7
825254,Before 9 AM,12
825267,9 AM - before 11 AM,2
825287,5 PM - before 9 PM,7
825292,2 PM - before 5 PM,2
825293,5 PM - before 9 PM,8
825293,Before 9 AM,4
825294,9 AM - before 11 AM,2
825313,2 PM - before 5 PM,4
825313,5 PM - before 9 PM,3
825313,9 AM - before 11 AM,2
825313,9 PM or later,1
825315,Before 9 AM,30
825334,Before 9 AM,8
825342,Before 9 AM,2
825370,Before 9 AM,30
825383,5 PM - before 9 PM,10
825383,Before 9 AM,6
825448,Before 9 AM,4
825454,5 PM - before 9 PM,10
825469,5 PM - before 9 PM,6
825470,Before 9 AM,4
825500,5 PM - before 9 PM,6
825500,Before 9 AM,4
825512,5 PM - before 9 PM,4
825512,9 AM - before 11 AM,8
825517,2 PM - before 5 PM,2
825517,9 AM - before 11 AM,3
825517,Before 9 AM,3
825541,2 PM - before 5 PM,2
825561,2 PM - before 5 PM,2
825561,Before 9 AM,6
825588,11 AM - before 2 PM,3
825588,5 PM - before 9 PM,3
825589,11 AM - before 2 PM,3
825589,5 PM - before 9 PM,3
825649,5 PM - before 9 PM,2
825649,Before 9 AM,3
825654,2 PM - before 5 PM,3
825654,5 PM - before 9 PM,1
825665,2 PM - before 5 PM,3
825665,9 AM - before 11 AM,6
825704,5 PM - before 9 PM,4
825704,9 PM or later,2
825706,Before 9 AM,10
825713,Before 9 AM,8
825717,Before 9 AM,8
825746,2 PM - before 5 PM,10
825747,5 PM - before 9 PM,8
826066,Before 9 AM,8
826092,Before 9 AM,6
826128,9 AM - before 11 AM,3
826128,Before 9 AM,2
826132,11 AM - before 2 PM,8
826132,5 PM - before 9 PM,10
826132,Before 9 AM,12
826154,5 PM - before 9 PM,4
826173,2 PM - before 5 PM,2
826173,9 AM - before 11 AM,3
826175,11 AM - before 2 PM,4
826180,Before 9 AM,20
826181,11 AM - before 2 PM,4
826181,2 PM - before 5 PM,4
826181,5 PM - before 9 PM,4
826193,11 AM - before 2 PM,5
826209,5 PM - before 9 PM,4
826209,9 PM or later,3
826209,Before 9 AM,3
826239,Before 9 AM,10
826262,2 PM - before 5 PM,2
826262,Before 9 AM,2
826274,9 AM - before 11 AM,5
826276,5 PM - before 9 PM,4
826276,Before 9 AM,6
826278,2 PM - before 5 PM,30
826278,Before 9 AM,30
826282,5 PM - before 9 PM,8
826290,5 PM - before 9 PM,4
826290,9 AM - before 11 AM,2
826290,Before 9 AM,2
826293,Before 9 AM,20
826302,2 PM - before 5 PM,3
826302,5 PM - before 9 PM,2
826302,9 AM - before 11 AM,3
826306,Before 9 AM,30
826317,11 AM - before 2 PM,2
826317,2 PM - before 5 PM,2
826317,5 PM - before 9 PM,4
826317,9 AM - before 11 AM,2
826324,9 AM - before 11 AM,10
826326,5 PM - before 9 PM,4
826337,5 PM - before 9 PM,2
826350,Before 9 AM,8
826361,Before 9 AM,10
826368,11 AM - before 2 PM,3
826368,5 PM - before 9 PM,5
826369,11 AM - before 2 PM,10
826370,2 PM - before 5 PM,2
826370,5 PM - before 9 PM,2
826386,2 PM - before 5 PM,4
826386,5 PM - before 9 PM,4
826397,5 PM - before 9 PM,10
826414,5 PM - before 9 PM,2
826415,Before 9 AM,15
826418,Before 9 AM,30
826421,5 PM - before 9 PM,4
826437,11 AM - before 2 PM,1
826437,5 PM - before 9 PM,3
826445,5 PM - before 9 PM,1
826445,9 PM or later,2
826449,2 PM - before 5 PM,6
826449,5 PM - before 9 PM,6
826449,Before 9 AM,8
826458,5 PM - before 9 PM,2
826458,9 AM - before 11 AM,2
826468,5 PM - before 9 PM,3
826481,9 AM - before 11 AM,6
826486,9 PM or later,2
826486,Before 9 AM,4
826487,9 AM - before 11 AM,30
826490,Before 9 AM,12
826495,11 AM - before 2 PM,5
826495,5 PM - before 9 PM,6
826495,Before 9 AM,5
826500,9 AM - before 11 AM,2
826500,Before 9 AM,2
826501,2 PM - before 5 PM,2
826501,Before 9 AM,28
826510,Before 9 AM,8
826535,11 AM - before 2 PM,1
826535,2 PM - before 5 PM,1
826535,5 PM - before 9 PM,3
826535,9 AM - before 11 AM,1
826535,Before 9 AM,7
826553,2 PM - before 5 PM,4
826553,Before 9 AM,4
826584,Before 9 AM,4
826591,5 PM - before 9 PM,4
826593,Before 9 AM,5
826600,2 PM - before 5 PM,3
826601,9 AM - before 11 AM,6
826606,Before 9 AM,4
826607,Before 9 AM,12
826610,Before 9 AM,12
826614,5 PM - before 9 PM,4
826615,5 PM - before 9 PM,4
826615,Before 9 AM,10
826617,9 AM - before 11 AM,4
826619,2 PM - before 5 PM,5
826623,5 PM - before 9 PM,2
826623,9 PM or later,2
826628,9 AM - before 11 AM,10
826630,Before 9 AM,5
826670,11 AM - before 2 PM,3
826670,5 PM - before 9 PM,2
826670,Before 9 AM,5
826688,Before 9 AM,3
826689,11 AM - before 2 PM,15
826689,5 PM - before 9 PM,5
826689,9 AM - before 11 AM,10
826690,2 PM - before 5 PM,8
826690,5 PM - before 9 PM,10
826698,9 PM or later,6
826702,2 PM - before 5 PM,4
826702,5 PM - before 9 PM,1
826703,11 AM - before 2 PM,2
826703,5 PM - before 9 PM,2
826703,9 AM - before 11 AM,3
826705,11 AM - before 2 PM,5
826705,5 PM - before 9 PM,2
826705,Before 9 AM,8
826709,5 PM - before 9 PM,13
826709,9 AM - before 11 AM,10
826709,Before 9 AM,7
826710,11 AM - before 2 PM,6
826710,5 PM - before 9 PM,6
826710,Before 9 AM,8
826711,5 PM - before 9 PM,6
826715,11 AM - before 2 PM,2
826715,5 PM - before 9 PM,4
826738,5 PM - before 9 PM,3
826747,9 PM or later,1
826747,Before 9 AM,3
826750,11 AM - before 2 PM,3
826750,2 PM - before 5 PM,7
826750,5 PM - before 9 PM,3
826750,Before 9 AM,7
826942,Before 9 AM,30
826969,Before 9 AM,4
826974,Before 9 AM,12
826991,5 PM - before 9 PM,3
826991,9 AM - before 11 AM,1
827008,11 AM - before 2 PM,10
827058,5 PM - before 9 PM,2
827058,9 PM or later,2
827061,5 PM - before 9 PM,6
827061,Before 9 AM,6
827077,Before 9 AM,4
827086,2 PM - before 5 PM,3
827086,5 PM - before 9 PM,5
827088,9 PM or later,3
827088,Before 9 AM,5
827153,11 AM - before 2 PM,8
827201,9 AM - before 11 AM,5
827228,9 PM or later,3
827228,Before 9 AM,2
827245,11 AM - before 2 PM,8
827262,9 AM - before 11 AM,4
827304,9 AM - before 11 AM,4
827323,5 PM - before 9 PM,3
827338,Before 9 AM,4
827410,Before 9 AM,4
827428,2 PM - before 5 PM,4
827428,5 PM - before 9 PM,3
827430,11 AM - before 2 PM,10
827436,9 PM or later,10
827468,5 PM - before 9 PM,2
827491,2 PM - before 5 PM,4
827495,Before 9 AM,3
827516,Before 9 AM,6
827562,Before 9 AM,20
827579,5 PM - before 9 PM,3
827586,5 PM - before 9 PM,2
827586,9 AM - before 11 AM,1
827587,11 AM - before 2 PM,3
827617,2 PM - before 5 PM,2
827617,5 PM - before 9 PM,5
827640,5 PM - before 9 PM,5
827640,9 AM - before 11 AM,2
827641,5 PM - before 9 PM,2
827641,9 AM - before 11 AM,2
827641,Before 9 AM,4
827650,11 AM - before 2 PM,4
827663,Before 9 AM,5
827711,5 PM - before 9 PM,4
827711,Before 9 AM,2
827732,2 PM - before 5 PM,3
827732,5 PM - before 9 PM,4
827732,9 AM - before 11 AM,2
827732,9 PM or later,1
827739,9 AM - before 11 AM,2
827757,11 AM - before 2 PM,2
827757,2 PM - before 5 PM,2
827763,11 AM - before 2 PM,30
827763,Before 9 AM,10
827777,11 AM - before 2 PM,3
827777,5 PM - before 9 PM,2
827785,5 PM - before 9 PM,4
827808,9 AM - before 11 AM,4
827813,2 PM - before 5 PM,5
827813,Before 9 AM,5
827845,2 PM - before 5 PM,5
827845,5 PM - before 9 PM,5
827845,9 AM - before 11 AM,10
827846,2 PM - before 5 PM,15
827846,9 AM - before 11 AM,15
827863,9 PM or later,8
827863,Before 9 AM,22
827894,11 AM - before 2 PM,20
827894,9 PM or later,10
827894,Before 9 AM,25
827895,11 AM - before 2 PM,30
827895,5 PM - before 9 PM,25
827895,Before 9 AM,20
827896,11 AM - before 2 PM,10
827896,Before 9 AM,5
827900,9 AM - before 11 AM,7
827900,9 PM or later,8
827901,5 PM - before 9 PM,8
827902,5 PM - before 9 PM,15
827902,Before 9 AM,15
827906,2 PM - before 5 PM,3
827906,5 PM - before 9 PM,3
827906,9 AM - before 11 AM,6
827918,11 AM - before 2 PM,1
827918,5 PM - before 9 PM,1
827918,9 AM - before 11 AM,2
827918,Before 9 AM,3
827924,5 PM - before 9 PM,10
827936,5 PM - before 9 PM,4
827963,11 AM - before 2 PM,3
827963,5 PM - before 9 PM,5
827969,9 PM or later,5
827969,Before 9 AM,25
828007,Before 9 AM,25
828029,5 PM - before 9 PM,7
828029,9 AM - before 11 AM,5
828032,5 PM - before 9 PM,7
828035,2 PM - before 5 PM,5
828035,Before 9 AM,25
828036,Before 9 AM,10
828058,9 PM or later,2
828058,Before 9 AM,3
828241,2 PM - before 5 PM,3
828241,5 PM - before 9 PM,3
828243,2 PM - before 5 PM,2
828243,5 PM - before 9 PM,2
828245,5 PM - before 9 PM,4
828245,9 AM - before 11 AM,4
828258,2 PM - before 5 PM,1
828258,5 PM - before 9 PM,2
828262,5 PM - before 9 PM,2
828264,11 AM - before 2 PM,1
828264,5 PM - before 9 PM,2
828268,2 PM - before 5 PM,1
828268,5 PM - before 9 PM,2
828284,2 PM - before 5 PM,3
828284,5 PM - before 9 PM,3
828284,Before 9 AM,2
828291,2 PM - before 5 PM,2
828291,9 AM - before 11 AM,2
828321,Before 9 AM,3
828322,11 AM - before 2 PM,2
828322,5 PM - before 9 PM,4
828322,Before 9 AM,2
828324,5 PM - before 9 PM,5
828324,9 AM - before 11 AM,10
828347,5 PM - before 9 PM,8
828353,5 PM - before 9 PM,4
828353,9 PM or later,1
828355,2 PM - before 5 PM,3
828355,5 PM - before 9 PM,3
828365,2 PM - before 5 PM,2
828365,9 AM - before 11 AM,2
828394,11 AM - before 2 PM,4
828394,5 PM - before 9 PM,5
828409,11 AM - before 2 PM,20
828416,2 PM - before 5 PM,3
828416,Before 9 AM,2
828475,5 PM - before 9 PM,4
828475,Before 9 AM,2
828479,2 PM - before 5 PM,1
828479,Before 9 AM,3
828489,5 PM - before 9 PM,2
828495,5 PM - before 9 PM,2
828495,9 PM or later,2
828497,2 PM - before 5 PM,2
828497,5 PM - before 9 PM,6
828499,5 PM - before 9 PM,4
828499,9 AM - before 11 AM,4
828500,2 PM - before 5 PM,4
828500,5 PM - before 9 PM,4
828506,5 PM - before 9 PM,15
828507,11 AM - before 2 PM,15
828507,5 PM - before 9 PM,20
828507,Before 9 AM,20
828511,Before 9 AM,30
828516,9 PM or later,6
828516,Before 9 AM,7
828520,5 PM - before 9 PM,20
828520,Before 9 AM,20
828531,11 AM - before 2 PM,1
828531,5 PM - before 9 PM,2
828534,5 PM - before 9 PM,4
828544,9 AM - before 11 AM,2
828544,Before 9 AM,5
828549,5 PM - before 9 PM,3
828562,Before 9 AM,15
828573,5 PM - before 9 PM,1
828573,9 PM or later,2
828578,Before 9 AM,12
828582,5 PM - before 9 PM,20
828582,Before 9 AM,15
828584,5 PM - before 9 PM,3
828584,9 AM - before 11 AM,1
828586,2 PM - before 5 PM,3
828586,5 PM - before 9 PM,3
828586,Before 9 AM,2
828592,Before 9 AM,4
828594,11 AM - before 2 PM,1
828594,5 PM - before 9 PM,2
828604,11 AM - before 2 PM,10
828605,11 AM - before 2 PM,10
828616,Before 9 AM,15
828638,Before 9 AM,20
828645,Before 9 AM,4
828647,Before 9 AM,2
828649,11 AM - before 2 PM,1
828649,2 PM - before 5 PM,1
828657,2 PM - before 5 PM,5
828670,11 AM - before 2 PM,1
828670,5 PM - before 9 PM,2
828670,9 PM or later,1
828677,11 AM - before 2 PM,30
828677,5 PM - before 9 PM,4
828686,Before 9 AM,10
828687,Before 9 AM,12
828713,5 PM - before 9 PM,4
828713,9 PM or later,2
828717,5 PM - before 9 PM,4
828721,5 PM - before 9 PM,5
828721,Before 9 AM,10
828730,11 AM - before 2 PM,4
828730,2 PM - before 5 PM,4
828730,5 PM - before 9 PM,4
828730,9 AM - before 11 AM,4
828730,Before 9 AM,4
828797,5 PM - before 9 PM,8
828836,Before 9 AM,3
828862,5 PM - before 9 PM,10
828866,5 PM - before 9 PM,4
828866,9 AM - before 11 AM,4
828867,11 AM - before 2 PM,1
828867,5 PM - before 9 PM,1
828867,Before 9 AM,1
828868,5 PM - before 9 PM,4
828868,9 PM or later,1
828878,Before 9 AM,5
828892,2 PM - before 5 PM,5
828892,9 AM - before 11 AM,8
828902,5 PM - before 9 PM,4
828910,2 PM - before 5 PM,7
828910,Before 9 AM,8
828924,Before 9 AM,30
828940,11 AM - before 2 PM,4
828967,9 PM or later,6
828969,5 PM - before 9 PM,4
829041,11 AM - before 2 PM,2
829041,5 PM - before 9 PM,3
829090,11 AM - before 2 PM,2
829090,9 PM or later,1
829090,Before 9 AM,1
829094,2 PM - before 5 PM,1
829094,5 PM - before 9 PM,2
829094,9 AM - before 11 AM,2
829110,5 PM - before 9 PM,2
829110,9 PM or later,2
829136,5 PM - before 9 PM,7
829136,Before 9 AM,5
829159,5 PM - before 9 PM,3
829163,Before 9 AM,20
829171,5 PM - before 9 PM,5
829177,2 PM - before 5 PM,2
829177,5 PM - before 9 PM,1
829179,11 AM - before 2 PM,3
829179,2 PM - before 5 PM,2
829208,5 PM - before 9 PM,3
829208,9 AM - before 11 AM,3
829209,5 PM - before 9 PM,6
829209,9 PM or later,2
829239,5 PM - before 9 PM,2
829239,Before 9 AM,3
829250,9 AM - before 11 AM,8
829260,9 PM or later,6
829260,Before 9 AM,8
829288,2 PM - before 5 PM,2
829288,5 PM - before 9 PM,3
829293,9 AM - before 11 AM,4
829315,5 PM - before 9 PM,8
829315,Before 9 AM,8
829324,5 PM - before 9 PM,4
829330,9 AM - before 11 AM,3
829562,5 PM - before 9 PM,4
829591,5 PM - before 9 PM,6
829596,5 PM - before 9 PM,4
829606,Before 9 AM,30
829612,5 PM - before 9 PM,4
829630,Before 9 AM,30
829633,11 AM - before 2 PM,4
829633,9 AM - before 11 AM,4
829706,11 AM - before 2 PM,15
829707,11 AM - before 2 PM,10
829717,11 AM - before 2 PM,2
829717,5 PM - before 9 PM,4
829717,Before 9 AM,2
829804,2 PM - before 5 PM,2
829804,Before 9 AM,4
829822,5 PM - before 9 PM,10
829822,Before 9 AM,15
829843,2 PM - before 5 PM,2
829843,5 PM - before 9 PM,4
829843,9 PM or later,2
829870,5 PM - before 9 PM,1
829870,9 AM - before 11 AM,2
829870,Before 9 AM,2
829872,11 AM - before 2 PM,8
829874,11 AM - before 2 PM,20
829955,Before 9 AM,4
829974,2 PM - before 5 PM,2
829974,5 PM - before 9 PM,4
829974,9 PM or later,2
829975,11 AM - before 2 PM,2
829975,Before 9 AM,2
829976,5 PM - before 9 PM,3
829976,Before 9 AM,3
829983,2 PM - before 5 PM,4
829990,11 AM - before 2 PM,4
829990,2 PM - before 5 PM,4
830008,Before 9 AM,20
830035,5 PM - before 9 PM,5
830035,9 PM or later,6
830043,Before 9 AM,30
830044,11 AM - before 2 PM,6
830044,Before 9 AM,6
830051,11 AM - before 2 PM,30
830064,11 AM - before 2 PM,10
830114,5 PM - before 9 PM,3
830114,Before 9 AM,4
830134,Before 9 AM,10
830139,11 AM - before 2 PM,3
830139,5 PM - before 9 PM,3
830139,Before 9 AM,6
830160,Before 9 AM,30
830171,5 PM - before 9 PM,5
830171,Before 9 AM,5
830174,5 PM - before 9 PM,8
830193,5 PM - before 9 PM,4
830193,9 PM or later,2
830229,11 AM - before 2 PM,1
830229,9 PM or later,3
830229,Before 9 AM,1
830232,5 PM - before 9 PM,2
830232,9 AM - before 11 AM,2
830232,Before 9 AM,5
830247,5 PM - before 9 PM,5
830247,9 AM - before 11 AM,5
830247,Before 9 AM,10
830270,5 PM - before 9 PM,6
830270,Before 9 AM,6
830273,5 PM - before 9 PM,3
830273,Before 9 AM,2
830276,5 PM - before 9 PM,3
830276,9 AM - before 11 AM,2
830276,Before 9 AM,4
830288,5 PM - before 9 PM,4
830288,9 PM or later,2
830290,5 PM - before 9 PM,2
830290,9 PM or later,2
830291,5 PM - before 9 PM,3
830291,9 AM - before 11 AM,3
830301,2 PM - before 5 PM,4
830301,5 PM - before 9 PM,4
830301,9 AM - before 11 AM,4
830304,5 PM - before 9 PM,5
830304,9 PM or later,4
830304,Before 9 AM,4
830305,11 AM - before 2 PM,2
830305,9 PM or later,2
830329,5 PM - before 9 PM,8
830357,2 PM - before 5 PM,3
830357,5 PM - before 9 PM,2
830357,9 AM - before 11 AM,2
830359,Before 9 AM,30
830369,5 PM - before 9 PM,3
830369,9 AM - before 11 AM,3
830370,5 PM - before 9 PM,4
830372,5 PM - before 9 PM,10
830372,Before 9 AM,20
830373,5 PM - before 9 PM,4
830373,9 PM or later,2
830378,11 AM - before 2 PM,2
830378,5 PM - before 9 PM,2
830380,2 PM - before 5 PM,5
830380,Before 9 AM,25
830383,Before 9 AM,20
830390,5 PM - before 9 PM,2
830390,Before 9 AM,2
830404,5 PM - before 9 PM,5
830404,9 AM - before 11 AM,3
830441,Before 9 AM,2
830496,5 PM - before 9 PM,4
830498,5 PM - before 9 PM,4
830501,5 PM - before 9 PM,6
830501,9 PM or later,2
830522,2 PM - before 5 PM,3
830522,5 PM - before 9 PM,2
830531,9 AM - before 11 AM,3
830595,5 PM - before 9 PM,4
830601,2 PM - before 5 PM,2
830601,5 PM - before 9 PM,2
830611,5 PM - before 9 PM,4
830611,9 PM or later,2
830679,2 PM - before 5 PM,1
830679,9 AM - before 11 AM,2
830680,5 PM - before 9 PM,4
830680,9 AM - before 11 AM,2
830681,5 PM - before 9 PM,2
830771,11 AM - before 2 PM,30
830803,5 PM - before 9 PM,2
830803,9 AM - before 11 AM,1
830816,5 PM - before 9 PM,10
830816,Before 9 AM,10
830876,2 PM - before 5 PM,4
830876,5 PM - before 9 PM,3
830876,Before 9 AM,3
830887,Before 9 AM,15
830921,Before 9 AM,30
830927,Before 9 AM,30
830971,5 PM - before 9 PM,4
830994,Before 9 AM,10
830995,2 PM - before 5 PM,3
830995,5 PM - before 9 PM,3
830995,Before 9 AM,4
831002,11 AM - before 2 PM,1
831002,2 PM - before 5 PM,2
831002,5 PM - before 9 PM,2
831002,9 AM - before 11 AM,1
831007,5 PM - before 9 PM,6
831007,9 AM - before 11 AM,4
831022,Before 9 AM,30
831354,2 PM - before 5 PM,8
831354,5 PM - before 9 PM,8
831354,9 AM - before 11 AM,9
831365,5 PM - before 9 PM,4
831368,5 PM - before 9 PM,5
831372,5 PM - before 9 PM,4
831372,9 AM - before 11 AM,4
831374,5 PM - before 9 PM,8
831375,Before 9 AM,8
831421,5 PM - before 9 PM,2
831421,9 AM - before 11 AM,2
831421,Before 9 AM,4
831550,2 PM - before 5 PM,2
831556,9 AM - before 11 AM,3
831563,5 PM - before 9 PM,3
831587,2 PM - before 5 PM,2
831587,5 PM - before 9 PM,3
831587,Before 9 AM,4
831616,5 PM - before 9 PM,3
831619,Before 9 AM,7
831668,5 PM - before 9 PM,5
831668,Before 9 AM,5
831669,11 AM - before 2 PM,2
831669,2 PM - before 5 PM,2
831686,5 PM - before 9 PM,4
831691,5 PM - before 9 PM,4
831707,5 PM - before 9 PM,4
831707,9 AM - before 11 AM,4
831750,5 PM - before 9 PM,2
831752,11 AM - before 2 PM,6
831752,5 PM - before 9 PM,6
831761,Before 9 AM,30
831763,Before 9 AM,6
831771,Before 9 AM,15
831775,5 PM - before 9 PM,3
831775,9 AM - before 11 AM,3
831781,5 PM - before 9 PM,4
831784,2 PM - before 5 PM,2
831784,Before 9 AM,2
831785,5 PM - before 9 PM,5
831832,9 AM - before 11 AM,4
831840,11 AM - before 2 PM,4
831840,5 PM - before 9 PM,4
831841,5 PM - before 9 PM,4
831844,5 PM - before 9 PM,4
831851,5 PM - before 9 PM,8
831851,Before 9 AM,22
831864,11 AM - before 2 PM,2
831864,2 PM - before 5 PM,3
831864,5 PM - before 9 PM,3
831875,2 PM - before 5 PM,2
831875,5 PM - before 9 PM,3
831898,5 PM - before 9 PM,3
831907,Before 9 AM,10
831910,5 PM - before 9 PM,2
831910,Before 9 AM,3
831912,5 PM - before 9 PM,4
831912,9 PM or later,4
831913,Before 9 AM,30
831922,11 AM - before 2 PM,3
831922,5 PM - before 9 PM,2
831922,Before 9 AM,5
831941,Before 9 AM,30
831947,9 AM - before 11 AM,5
831947,Before 9 AM,25
831960,5 PM - before 9 PM,4
831960,Before 9 AM,6
831963,11 AM - before 2 PM,3
831963,2 PM - before 5 PM,2
832004,5 PM - before 9 PM,2
832004,Before 9 AM,3
832031,5 PM - before 9 PM,20
832031,Before 9 AM,10
832048,Before 9 AM,12
832053,5 PM - before 9 PM,12
832053,9 PM or later,8
832113,5 PM - before 9 PM,3
832198,2 PM - before 5 PM,11
832198,5 PM - before 9 PM,11
832198,Before 9 AM,8
832228,11 AM - before 2 PM,4
832228,5 PM - before 9 PM,4
832228,Before 9 AM,2
832244,5 PM - before 9 PM,2
832244,9 AM - before 11 AM,2
832244,Before 9 AM,2
832349,5 PM - before 9 PM,10
832349,Before 9 AM,15
832355,2 PM - before 5 PM,2
832355,5 PM - before 9 PM,2
832380,Before 9 AM,30
832423,11 AM - before 2 PM,20
832423,Before 9 AM,10
832789,5 PM - before 9 PM,4
832795,11 AM - before 2 PM,20
832795,Before 9 AM,10
832796,5 PM - before 9 PM,5
832802,5 PM - before 9 PM,3
832802,9 PM or later,2
832854,5 PM - before 9 PM,4
832856,5 PM - before 9 PM,4
832864,2 PM - before 5 PM,2
832864,9 AM - before 11 AM,4
832871,2 PM - before 5 PM,2
832871,5 PM - before 9 PM,1
832929,5 PM - before 9 PM,4
832947,2 PM - before 5 PM,3
832947,5 PM - before 9 PM,3
832947,9 AM - before 11 AM,2
832949,11 AM - before 2 PM,3
832949,5 PM - before 9 PM,3
833025,Before 9 AM,10
833028,9 AM - before 11 AM,4
833056,Before 9 AM,5
833064,11 AM - before 2 PM,5
833064,5 PM - before 9 PM,5
833064,Before 9 AM,10
833157,2 PM - before 5 PM,9
833157,5 PM - before 9 PM,12
833157,Before 9 AM,9
833162,5 PM - before 9 PM,7
833162,Before 9 AM,5
833174,Before 9 AM,30
833223,2 PM - before 5 PM,3
833223,5 PM - before 9 PM,3
833228,5 PM - before 9 PM,3
833228,9 AM - before 11 AM,2
833234,2 PM - before 5 PM,4
833234,5 PM - before 9 PM,4
833266,Before 9 AM,2
833274,2 PM - before 5 PM,2
833315,5 PM - before 9 PM,4
833319,5 PM - before 9 PM,4
833319,9 PM or later,2
833321,5 PM - before 9 PM,4
833324,5 PM - before 9 PM,4
833324,9 AM - before 11 AM,4
833328,2 PM - before 5 PM,4
833332,11 AM - before 2 PM,10
833332,5 PM - before 9 PM,10
833332,Before 9 AM,10
833354,11 AM - before 2 PM,5
833354,5 PM - before 9 PM,5
833354,Before 9 AM,2
833355,5 PM - before 9 PM,4
833355,Before 9 AM,1
833371,2 PM - before 5 PM,2
833371,9 AM - before 11 AM,2
833401,Before 9 AM,4
833403,Before 9 AM,4
833418,Before 9 AM,2
833419,11 AM - before 2 PM,1
833419,5 PM - before 9 PM,4
833429,11 AM - before 2 PM,3
833429,5 PM - before 9 PM,2
833429,9 AM - before 11 AM,3
833439,5 PM - before 9 PM,5
833439,Before 9 AM,5
833440,5 PM - before 9 PM,5
833454,5 PM - before 9 PM,2
833454,Before 9 AM,8
833455,5 PM - before 9 PM,2
833455,Before 9 AM,8
833463,Before 9 AM,20
833469,Before 9 AM,3
833473,5 PM - before 9 PM,3
833473,9 AM - before 11 AM,3
833476,Before 9 AM,30
833521,5 PM - before 9 PM,2
833521,Before 9 AM,2
833571,9 AM - before 11 AM,4
833581,Before 9 AM,6
833597,Before 9 AM,25
833622,Before 9 AM,5
833631,2 PM - before 5 PM,5
833631,5 PM - before 9 PM,5
833705,Before 9 AM,4
833714,5 PM - before 9 PM,6
833714,Before 9 AM,6
833859,5 PM - before 9 PM,10
833859,Before 9 AM,20
833862,11 AM - before 2 PM,15
833862,Before 9 AM,10
833869,Before 9 AM,4
833873,11 AM - before 2 PM,3
833873,2 PM - before 5 PM,4
833873,Before 9 AM,3
833906,11 AM - before 2 PM,30
833906,Before 9 AM,30
834043,Before 9 AM,4
834106,5 PM - before 9 PM,4
834106,Before 9 AM,30
834317,2 PM - before 5 PM,6
834317,Before 9 AM,6
834366,2 PM - before 5 PM,5
834366,5 PM - before 9 PM,5
834430,11 AM - before 2 PM,5
834430,5 PM - before 9 PM,5
834432,Before 9 AM,10
834478,5 PM - before 9 PM,4
834478,Before 9 AM,2
834545,11 AM - before 2 PM,2
834545,9 PM or later,2
834545,Before 9 AM,2
834563,5 PM - before 9 PM,4
834569,9 AM - before 11 AM,2
834569,Before 9 AM,4
834581,5 PM - before 9 PM,3
834581,Before 9 AM,3
834618,5 PM - before 9 PM,10
834618,9 PM or later,5
834618,Before 9 AM,5
834620,5 PM - before 9 PM,15
834620,9 PM or later,10
834625,11 AM - before 2 PM,13
834625,5 PM - before 9 PM,7
834625,Before 9 AM,10
834628,5 PM - before 9 PM,2
834669,Before 9 AM,10
834672,5 PM - before 9 PM,4
834697,5 PM - before 9 PM,3
834705,9 AM - before 11 AM,12
834722,Before 9 AM,6
834735,11 AM - before 2 PM,2
834735,9 PM or later,3
834742,11 AM - before 2 PM,10
834742,5 PM - before 9 PM,10
834742,Before 9 AM,10
834765,9 AM - before 11 AM,16
834781,11 AM - before 2 PM,2
834781,9 AM - before 11 AM,3
834791,11 AM - before 2 PM,2
834791,5 PM - before 9 PM,2
834791,9 AM - before 11 AM,2
834791,Before 9 AM,2
834809,11 AM - before 2 PM,2
834809,2 PM - before 5 PM,2
834824,5 PM - before 9 PM,3
834824,9 PM or later,1
834833,11 AM - before 2 PM,6
834833,5 PM - before 9 PM,6
834875,11 AM - before 2 PM,4
834875,9 AM - before 11 AM,2
834875,Before 9 AM,4
834879,5 PM - before 9 PM,1
834879,Before 9 AM,4
834883,5 PM - before 9 PM,4
834886,Before 9 AM,30
834888,Before 9 AM,12
834889,5 PM - before 9 PM,10
834889,Before 9 AM,20
834890,11 AM - before 2 PM,5
834890,5 PM - before 9 PM,5
834890,Before 9 AM,10
834900,2 PM - before 5 PM,2
834900,9 AM - before 11 AM,2
834929,11 AM - before 2 PM,2
834929,5 PM - before 9 PM,6
834947,Before 9 AM,10
835005,11 AM - before 2 PM,4
835005,5 PM - before 9 PM,3
835010,11 AM - before 2 PM,15
835010,Before 9 AM,15
835013,2 PM - before 5 PM,2
835013,5 PM - before 9 PM,2
835047,5 PM - before 9 PM,6
835047,9 PM or later,6
835059,5 PM - before 9 PM,4
835059,Before 9 AM,1
835060,2 PM - before 5 PM,3
835060,5 PM - before 9 PM,2
835098,11 AM - before 2 PM,2
835098,5 PM - before 9 PM,1
835106,Before 9 AM,5
835124,11 AM - before 2 PM,2
835124,2 PM - before 5 PM,2
835124,5 PM - before 9 PM,2
835152,5 PM - before 9 PM,4
835176,11 AM - before 2 PM,1
835176,9 PM or later,3
835202,5 PM - before 9 PM,4
835226,2 PM - before 5 PM,2
835226,5 PM - before 9 PM,2
835255,2 PM - before 5 PM,10
835255,5 PM - before 9 PM,15
835255,Before 9 AM,5
835305,5 PM - before 9 PM,4
835305,Before 9 AM,4
835311,Before 9 AM,25
835334,Before 9 AM,6
835427,2 PM - before 5 PM,1
835427,Before 9 AM,3
835722,5 PM - before 9 PM,4
835722,9 AM - before 11 AM,4
835855,5 PM - before 9 PM,9
835855,Before 9 AM,25
835884,5 PM - before 9 PM,4
835884,Before 9 AM,2
835886,5 PM - before 9 PM,1
835886,Before 9 AM,5
835914,Before 9 AM,25
835932,Before 9 AM,8
835954,5 PM - before 9 PM,5
835954,9 PM or later,5
835954,Before 9 AM,5
835955,Before 9 AM,30
836024,5 PM - before 9 PM,4
836026,2 PM - before 5 PM,6
836026,Before 9 AM,14
836039,5 PM - before 9 PM,30
836039,Before 9 AM,30
836048,2 PM - before 5 PM,2
836059,2 PM - before 5 PM,4
836059,5 PM - before 9 PM,4
836068,5 PM - before 9 PM,3
836068,9 AM - before 11 AM,5
836069,5 PM - before 9 PM,5
836069,Before 9 AM,10
836080,5 PM - before 9 PM,5
836093,9 AM - before 11 AM,4
836098,Before 9 AM,10
836101,11 AM - before 2 PM,15
836101,5 PM - before 9 PM,15
836102,11 AM - before 2 PM,15
836102,5 PM - before 9 PM,10
836104,Before 9 AM,5
836129,Before 9 AM,12
836131,11 AM - before 2 PM,5
836131,5 PM - before 9 PM,5
836136,5 PM - before 9 PM,3
836136,9 AM - before 11 AM,5
836139,11 AM - before 2 PM,2
836139,2 PM - before 5 PM,4
836139,5 PM - before 9 PM,4
836142,5 PM - before 9 PM,2
836142,9 AM - before 11 AM,6
836148,9 AM - before 11 AM,15
836148,Before 9 AM,15
836152,Before 9 AM,30
836158,Before 9 AM,4
836195,2 PM - before 5 PM,6
836195,5 PM - before 9 PM,6
836195,9 AM - before 11 AM,8
836201,Before 9 AM,16
836202,11 AM - before 2 PM,10
836202,2 PM - before 5 PM,10
836202,Before 9 AM,10
836215,Before 9 AM,30
836223,2 PM - before 5 PM,5
836223,5 PM - before 9 PM,10
836280,Before 9 AM,10
836281,Before 9 AM,10
836288,Before 9 AM,10
836296,Before 9 AM,4
836332,5 PM - before 9 PM,10
836332,Before 9 AM,10
836347,5 PM - before 9 PM,5
836347,Before 9 AM,25
836365,5 PM - before 9 PM,15
836365,Before 9 AM,10
836372,9 PM or later,10
836412,9 PM or later,4
836412,Before 9 AM,4
836424,9 AM - before 11 AM,16
836435,11 AM - before 2 PM,1
836435,2 PM - before 5 PM,1
836455,2 PM - before 5 PM,10
836455,9 AM - before 11 AM,20
836457,11 AM - before 2 PM,4
836457,2 PM - before 5 PM,1
836459,5 PM - before 9 PM,3
836496,11 AM - before 2 PM,6
836496,Before 9 AM,6
836549,2 PM - before 5 PM,5
836549,5 PM - before 9 PM,5
836554,2 PM - before 5 PM,8
836554,Before 9 AM,8
836572,2 PM - before 5 PM,2
836572,5 PM - before 9 PM,3
836583,2 PM - before 5 PM,1
836583,9 AM - before 11 AM,3
836583,Before 9 AM,2
836615,5 PM - before 9 PM,4
836626,11 AM - before 2 PM,2
836626,2 PM - before 5 PM,2
836626,5 PM - before 9 PM,2
836626,9 AM - before 11 AM,2
836626,Before 9 AM,2
836639,5 PM - before 9 PM,4
836716,9 AM - before 11 AM,10
836718,Before 9 AM,10
836720,11 AM - before 2 PM,14
836736,5 PM - before 9 PM,10
836736,9 AM - before 11 AM,10
836738,Before 9 AM,4
837080,Before 9 AM,18
837140,Before 9 AM,10
837144,Before 9 AM,10
837154,2 PM - before 5 PM,3
837154,9 AM - before 11 AM,2
837171,5 PM - before 9 PM,20
837171,Before 9 AM,10
837211,5 PM - before 9 PM,7
837211,Before 9 AM,3
837224,11 AM - before 2 PM,2
837224,2 PM - before 5 PM,4
837224,5 PM - before 9 PM,3
837224,9 AM - before 11 AM,3
837232,5 PM - before 9 PM,3
837232,9 AM - before 11 AM,3
837236,9 AM - before 11 AM,4
837278,11 AM - before 2 PM,4
837278,Before 9 AM,4
837323,2 PM - before 5 PM,4
837323,Before 9 AM,8
837341,5 PM - before 9 PM,4
837341,9 PM or later,4
837344,Before 9 AM,10
837346,Before 9 AM,7
837375,5 PM - before 9 PM,2
837375,9 AM - before 11 AM,2
837390,5 PM - before 9 PM,3
837390,9 AM - before 11 AM,1
837417,Before 9 AM,4
837441,11 AM - before 2 PM,2
837441,2 PM - before 5 PM,2
837491,Before 9 AM,6
837506,5 PM - before 9 PM,10
837506,Before 9 AM,10
837515,5 PM - before 9 PM,4
837515,9 AM - before 11 AM,3
837553,11 AM - before 2 PM,2
837553,2 PM - before 5 PM,2
837565,Before 9 AM,15
837567,9 AM - before 11 AM,12
837569,11 AM - before 2 PM,2
837569,2 PM - before 5 PM,2
837569,5 PM - before 9 PM,2
837569,9 AM - before 11 AM,2
837596,2 PM - before 5 PM,2
837600,5 PM - before 9 PM,5
837600,9 AM - before 11 AM,5
837606,Before 9 AM,5
837620,2 PM - before 5 PM,2
837620,5 PM - before 9 PM,2
837644,2 PM - before 5 PM,2
837644,5 PM - before 9 PM,3
837644,9 AM - before 11 AM,5
837652,2 PM - before 5 PM,2
837652,Before 9 AM,8
837658,2 PM - before 5 PM,10
837658,Before 9 AM,20
837661,5 PM - before 9 PM,5
837715,11 AM - before 2 PM,4
837715,Before 9 AM,4
837730,Before 9 AM,30
837755,2 PM - before 5 PM,2
837755,Before 9 AM,4
837756,11 AM - before 2 PM,10
837756,5 PM - before 9 PM,10
837756,Before 9 AM,10
837764,2 PM - before 5 PM,2
837764,5 PM - before 9 PM,2
837766,Before 9 AM,15
837772,5 PM - before 9 PM,8
837772,Before 9 AM,2
837788,5 PM - before 9 PM,15
837788,Before 9 AM,15
837803,5 PM - before 9 PM,10
837831,11 AM - before 2 PM,7
837831,5 PM - before 9 PM,8
837831,Before 9 AM,20
837854,5 PM - before 9 PM,4
837854,Before 9 AM,2
837884,2 PM - before 5 PM,8
837884,9 AM - before 11 AM,8
837898,11 AM - before 2 PM,10
837898,5 PM - before 9 PM,5
837898,Before 9 AM,5
837954,5 PM - before 9 PM,2
837954,9 AM - before 11 AM,2
838008,Before 9 AM,6
838054,5 PM - before 9 PM,5
838114,5 PM - before 9 PM,7
838114,Before 9 AM,23
838115,2 PM - before 5 PM,10
838115,9 AM - before 11 AM,6
838121,2 PM - before 5 PM,2
838121,5 PM - before 9 PM,2
838141,Before 9 AM,30
838170,11 AM - before 2 PM,4
838170,Before 9 AM,4
838196,2 PM - before 5 PM,22
838196,5 PM - before 9 PM,8
838196,Before 9 AM,30
838213,5 PM - before 9 PM,12
838219,5 PM - before 9 PM,5
838219,Before 9 AM,10
838254,Before 9 AM,30
838277,Before 9 AM,10
838300,5 PM - before 9 PM,10
838300,Before 9 AM,20
838345,5 PM - before 9 PM,10
838508,11 AM - before 2 PM,12
838508,Before 9 AM,12
838630,Before 9 AM,4
838658,Before 9 AM,4
838671,Before 9 AM,5
838703,5 PM - before 9 PM,4
838703,9 AM - before 11 AM,4
838742,9 AM - before 11 AM,8
838788,5 PM - before 9 PM,2
838788,9 AM - before 11 AM,2
838803,11 AM - before 2 PM,5
838803,5 PM - before 9 PM,5
838803,Before 9 AM,5
838856,11 AM - before 2 PM,2
838856,5 PM - before 9 PM,3
838856,9 AM - before 11 AM,2
838901,2 PM - before 5 PM,5
838901,9 PM or later,4
838901,Before 9 AM,4
838945,Before 9 AM,12
838958,Before 9 AM,8
838961,11 AM - before 2 PM,3
838961,2 PM - before 5 PM,2
838961,5 PM - before 9 PM,3
838961,9 AM - before 11 AM,4
838961,Before 9 AM,2
838962,11 AM - before 2 PM,5
838962,5 PM - before 9 PM,10
838962,Before 9 AM,5
838964,11 AM - before 2 PM,6
838964,5 PM - before 9 PM,6
839012,9 AM - before 11 AM,8
839024,Before 9 AM,9
839086,Before 9 AM,8
839189,Before 9 AM,30
839340,5 PM - before 9 PM,4
839343,5 PM - before 9 PM,2
839343,9 AM - before 11 AM,1
839458,11 AM - before 2 PM,3
839458,2 PM - before 5 PM,1
839458,5 PM - before 9 PM,2
839458,9 AM - before 11 AM,2
839458,Before 9 AM,2
839676,5 PM - before 9 PM,8
839676,Before 9 AM,10
839680,9 AM - before 11 AM,4
839680,Before 9 AM,4
839724,5 PM - before 9 PM,3
839735,5 PM - before 9 PM,5
839735,Before 9 AM,25
839795,Before 9 AM,4
839822,5 PM - before 9 PM,2
839822,Before 9 AM,4
839899,2 PM - before 5 PM,5
839899,5 PM - before 9 PM,5
839899,Before 9 AM,20
839918,5 PM - before 9 PM,20
839918,Before 9 AM,10
839992,2 PM - before 5 PM,4
839992,Before 9 AM,6
840009,Before 9 AM,30
840032,Before 9 AM,5
840036,5 PM - before 9 PM,1
840036,Before 9 AM,4
840038,11 AM - before 2 PM,3
840038,Before 9 AM,2
840045,11 AM - before 2 PM,3
840045,9 PM or later,5
840057,5 PM - before 9 PM,5
840057,Before 9 AM,10
840174,2 PM - before 5 PM,3
840174,5 PM - before 9 PM,3
840174,Before 9 AM,4
840178,Before 9 AM,10
840188,11 AM - before 2 PM,3
840188,2 PM - before 5 PM,4
840188,5 PM - before 9 PM,3
840190,5 PM - before 9 PM,4
840190,9 AM - before 11 AM,8
840198,2 PM - before 5 PM,4
840198,9 AM - before 11 AM,2
840199,5 PM - before 9 PM,3
840199,Before 9 AM,2
840242,11 AM - before 2 PM,4
840242,2 PM - before 5 PM,3
840243,11 AM - before 2 PM,3
840243,Before 9 AM,4
840294,2 PM - before 5 PM,3
840294,5 PM - before 9 PM,7
840294,Before 9 AM,5
840378,5 PM - before 9 PM,4
840378,Before 9 AM,6
840384,11 AM - before 2 PM,2
840384,9 AM - before 11 AM,3
840384,Before 9 AM,5
840436,9 AM - before 11 AM,4
840436,Before 9 AM,4
840487,2 PM - before 5 PM,2
840487,Before 9 AM,3
840506,Before 9 AM,4
840507,Before 9 AM,4
840534,Before 9 AM,4
840662,5 PM - before 9 PM,10
840662,Before 9 AM,20
840681,Before 9 AM,30
840768,5 PM - before 9 PM,20
840768,Before 9 AM,10
840953,5 PM - before 9 PM,30
840965,2 PM - before 5 PM,2
840965,5 PM - before 9 PM,3
840965,Before 9 AM,2
841135,5 PM - before 9 PM,5
841135,9 AM - before 11 AM,15
841157,2 PM - before 5 PM,1
841157,5 PM - before 9 PM,2
841231,11 AM - before 2 PM,5
841231,5 PM - before 9 PM,4
841277,2 PM - before 5 PM,2
841292,Before 9 AM,10
841310,2 PM - before 5 PM,7
841310,5 PM - before 9 PM,8
841310,Before 9 AM,15
841333,11 AM - before 2 PM,2
841333,5 PM - before 9 PM,2
841350,5 PM - before 9 PM,1
841350,Before 9 AM,4
841366,Before 9 AM,10
841369,Before 9 AM,12
841379,2 PM - before 5 PM,7
841379,5 PM - before 9 PM,6
841379,Before 9 AM,7
841410,5 PM - before 9 PM,3
841410,9 AM - before 11 AM,4
841410,Before 9 AM,3
841422,2 PM - before 5 PM,2
841422,9 PM or later,3
841425,11 AM - before 2 PM,2
841425,5 PM - before 9 PM,4
841427,Before 9 AM,30
841431,2 PM - before 5 PM,10
841431,Before 9 AM,10
841468,5 PM - before 9 PM,2
841468,9 PM or later,4
841508,Before 9 AM,2
841528,11 AM - before 2 PM,2
841528,5 PM - before 9 PM,3
841528,Before 9 AM,15
841544,Before 9 AM,12
841567,5 PM - before 9 PM,3
841567,Before 9 AM,2
841591,11 AM - before 2 PM,2
841591,2 PM - before 5 PM,2
841591,5 PM - before 9 PM,3
841591,9 PM or later,3
841602,Before 9 AM,4
841612,5 PM - before 9 PM,5
841650,Before 9 AM,5
841661,5 PM - before 9 PM,3
841661,Before 9 AM,2
841669,Before 9 AM,10
841674,2 PM - before 5 PM,2
841674,5 PM - before 9 PM,4
841674,9 AM - before 11 AM,1
841674,9 PM or later,3
841675,9 AM - before 11 AM,2
841675,Before 9 AM,2
841680,5 PM - before 9 PM,7
841682,11 AM - before 2 PM,30
841682,Before 9 AM,30
841702,9 AM - before 11 AM,2
841702,Before 9 AM,5
841721,5 PM - before 9 PM,8
841721,Before 9 AM,2
841727,Before 9 AM,30
841738,2 PM - before 5 PM,2
841820,5 PM - before 9 PM,2
841856,11 AM - before 2 PM,30
841856,Before 9 AM,30
842068,2 PM - before 5 PM,4
842068,Before 9 AM,3
842138,5 PM - before 9 PM,4
842154,5 PM - before 9 PM,2
842154,Before 9 AM,4
842192,2 PM - before 5 PM,3
842192,9 AM - before 11 AM,6
842192,Before 9 AM,7
842244,9 PM or later,15
842244,Before 9 AM,5
842262,9 AM - before 11 AM,10
842262,Before 9 AM,20
842309,11 AM - before 2 PM,5
842309,5 PM - before 9 PM,10
842309,9 PM or later,5
842309,Before 9 AM,10
842327,11 AM - before 2 PM,15
842327,Before 9 AM,15
842332,5 PM - before 9 PM,4
842332,9 PM or later,4
842384,9 AM - before 11 AM,13
842384,Before 9 AM,17
842395,5 PM - before 9 PM,10
842395,Before 9 AM,5
842396,5 PM - before 9 PM,3
842396,9 PM or later,4
842434,5 PM - before 9 PM,10
842434,Before 9 AM,5
842453,Before 9 AM,15
842464,5 PM - before 9 PM,3
842469,2 PM - before 5 PM,5
842540,5 PM - before 9 PM,30
842573,5 PM - before 9 PM,3
842632,11 AM - before 2 PM,4
842632,5 PM - before 9 PM,4
842632,Before 9 AM,12
842752,5 PM - before 9 PM,12
843068,11 AM - before 2 PM,10
843068,Before 9 AM,10
843111,11 AM - before 2 PM,5
843111,5 PM - before 9 PM,5
843111,9 PM or later,10
843111,Before 9 AM,10
843130,11 AM - before 2 PM,2
843130,5 PM - before 9 PM,1
843130,Before 9 AM,1
843136,5 PM - before 9 PM,5
843167,Before 9 AM,20
843188,Before 9 AM,10
843191,11 AM - before 2 PM,10
843191,5 PM - before 9 PM,5
843191,Before 9 AM,5
843196,5 PM - before 9 PM,5
843196,Before 9 AM,7
843223,Before 9 AM,30
843236,5 PM - before 9 PM,2
843236,Before 9 AM,28
843322,11 AM - before 2 PM,5
843322,5 PM - before 9 PM,5
843322,9 PM or later,10
843322,Before 9 AM,10
843373,5 PM - before 9 PM,8
843374,5 PM - before 9 PM,20
843391,11 AM - before 2 PM,10
843391,9 PM or later,10
843451,5 PM - before 9 PM,4
843451,Before 9 AM,4
843510,11 AM - before 2 PM,30
843510,2 PM - before 5 PM,30
843510,Before 9 AM,30
843564,2 PM - before 5 PM,10
843564,Before 9 AM,20
843671,Before 9 AM,4
843673,2 PM - before 5 PM,1
843673,Before 9 AM,4
843713,Before 9 AM,8
843729,9 AM - before 11 AM,3
843729,Before 9 AM,4
843779,9 PM or later,5
843811,2 PM - before 5 PM,5
843811,5 PM - before 9 PM,5
843811,Before 9 AM,10
844413,11 AM - before 2 PM,30
844413,5 PM - before 9 PM,30
844413,Before 9 AM,30
844441,11 AM - before 2 PM,4
844441,Before 9 AM,3
844457,9 AM - before 11 AM,3
844457,Before 9 AM,7
844462,Before 9 AM,5
844514,11 AM - before 2 PM,2
844514,2 PM - before 5 PM,4
844514,5 PM - before 9 PM,4
844519,5 PM - before 9 PM,3
844519,9 AM - before 11 AM,3
844519,Before 9 AM,4
844571,11 AM - before 2 PM,3
844571,2 PM - before 5 PM,3
844571,Before 9 AM,4
844585,5 PM - before 9 PM,5
844585,Before 9 AM,5
844588,2 PM - before 5 PM,2
844588,5 PM - before 9 PM,2
844617,Before 9 AM,4
844629,11 AM - before 2 PM,2
844629,Before 9 AM,4
844644,11 AM - before 2 PM,4
844644,2 PM - before 5 PM,4
844644,9 AM - before 11 AM,2
844659,Before 9 AM,30
844661,5 PM - before 9 PM,5
844661,Before 9 AM,5
844669,11 AM - before 2 PM,30
844669,Before 9 AM,30
844723,5 PM - before 9 PM,30
844723,Before 9 AM,30
844773,5 PM - before 9 PM,3
844773,9 AM - before 11 AM,3
844773,Before 9 AM,4
844796,5 PM - before 9 PM,7
844796,Before 9 AM,3
844831,5 PM - before 9 PM,30
844831,Before 9 AM,30
844981,Before 9 AM,8
845142,2 PM - before 5 PM,4
845166,11 AM - before 2 PM,2
845166,5 PM - before 9 PM,2
845166,Before 9 AM,4
845427,Before 9 AM,4
845497,2 PM - before 5 PM,8
845497,Before 9 AM,2
845572,Before 9 AM,8
845581,Before 9 AM,8
845842,5 PM - before 9 PM,10
845847,9 AM - before 11 AM,8
845854,11 AM - before 2 PM,4
845854,5 PM - before 9 PM,2
845854,Before 9 AM,4
845858,11 AM - before 2 PM,6
845858,9 AM - before 11 AM,7
845858,Before 9 AM,7
845871,9 PM or later,8
845881,9 AM - before 11 AM,8
845916,2 PM - before 5 PM,4
845924,2 PM - before 5 PM,30
845967,2 PM - before 5 PM,3
845967,Before 9 AM,1
846055,11 AM - before 2 PM,2
846055,5 PM - before 9 PM,2
846057,2 PM - before 5 PM,4
846057,5 PM - before 9 PM,2
846088,9 AM - before 11 AM,8
846103,Before 9 AM,4
846330,5 PM - before 9 PM,5
846330,Before 9 AM,10
846332,5 PM - before 9 PM,5
846332,Before 9 AM,10
846666,5 PM - before 9 PM,5
846666,Before 9 AM,25
846838,9 AM - before 11 AM,4
846865,2 PM - before 5 PM,4
846865,5 PM - before 9 PM,3
846865,9 AM - before 11 AM,3
846873,11 AM - before 2 PM,6
846873,2 PM - before 5 PM,7
846873,5 PM - before 9 PM,7
846912,11 AM - before 2 PM,3
846912,5 PM - before 9 PM,3
846912,Before 9 AM,4
846916,11 AM - before 2 PM,4
846916,2 PM - before 5 PM,4
846916,9 AM - before 11 AM,2
846954,5 PM - before 9 PM,2
846954,Before 9 AM,2
846967,2 PM - before 5 PM,2
846967,9 AM - before 11 AM,3
846991,Before 9 AM,8
846998,5 PM - before 9 PM,12
847016,2 PM - before 5 PM,2
847016,5 PM - before 9 PM,3
847035,2 PM - before 5 PM,1
847035,9 AM - before 11 AM,4
847063,2 PM - before 5 PM,5
847063,Before 9 AM,5
847066,2 PM - before 5 PM,4
847066,5 PM - before 9 PM,4
847066,9 AM - before 11 AM,3
847130,Before 9 AM,4
847375,5 PM - before 9 PM,4
847375,Before 9 AM,10
847524,11 AM - before 2 PM,10
847524,Before 9 AM,10
847526,5 PM - before 9 PM,5
847526,Before 9 AM,15
848708,5 PM - before 9 PM,5
848708,Before 9 AM,25
848905,Before 9 AM,10
849042,5 PM - before 9 PM,1
849042,9 AM - before 11 AM,4
849054,Before 9 AM,6
849146,Before 9 AM,6
849342,11 AM - before 2 PM,2
849342,9 AM - before 11 AM,4
849342,Before 9 AM,4
849343,2 PM - before 5 PM,7
849343,5 PM - before 9 PM,6
849343,Before 9 AM,7
849390,5 PM - before 9 PM,1
849390,9 AM - before 11 AM,4
849399,2 PM - before 5 PM,3
849399,5 PM - before 9 PM,3
849399,Before 9 AM,4
849413,Before 9 AM,4
849438,Before 9 AM,30
849461,Before 9 AM,4
849544,Before 9 AM,30
849556,5 PM - before 9 PM,2
849556,Before 9 AM,28
849570,9 AM - before 11 AM,2
849570,Before 9 AM,3
849600,5 PM - before 9 PM,10
849600,9 PM or later,5
849635,5 PM - before 9 PM,30
849635,Before 9 AM,30
849638,Before 9 AM,30
849673,9 AM - before 11 AM,8
849955,2 PM - before 5 PM,1
849955,Before 9 AM,6
850167,9 PM or later,5
850174,5 PM - before 9 PM,4
850174,Before 9 AM,2
850201,Before 9 AM,8
850241,5 PM - before 9 PM,4
850241,9 AM - before 11 AM,6
850297,5 PM - before 9 PM,3
850297,Before 9 AM,4
850312,Before 9 AM,8
850320,Before 9 AM,4
850345,9 AM - before 11 AM,3
850345,Before 9 AM,2
850396,9 AM - before 11 AM,3
850481,5 PM - before 9 PM,4
850875,5 PM - before 9 PM,4
850875,Before 9 AM,16
850935,5 PM - before 9 PM,14
850935,Before 9 AM,16
851056,Before 9 AM,15
851084,Before 9 AM,5
851269,2 PM - before 5 PM,2
851269,Before 9 AM,2
851362,Before 9 AM,30
851546,5 PM - before 9 PM,15
851546,Before 9 AM,15
851718,9 PM or later,5
851779,2 PM - before 5 PM,5
851779,9 AM - before 11 AM,3
851829,Before 9 AM,30
851906,2 PM - before 5 PM,3
851906,9 AM - before 11 AM,2
851906,Before 9 AM,5
851936,Before 9 AM,30
852000,Before 9 AM,8
852035,Before 9 AM,10
852150,2 PM - before 5 PM,2
852150,5 PM - before 9 PM,5
852150,9 AM - before 11 AM,5
852219,5 PM - before 9 PM,6
852219,9 AM - before 11 AM,4
852287,Before 9 AM,5
852327,Before 9 AM,15
852373,Before 9 AM,6
852460,5 PM - before 9 PM,15
852477,2 PM - before 5 PM,1
852477,5 PM - before 9 PM,1
852477,Before 9 AM,2
852572,9 AM - before 11 AM,5
852599,5 PM - before 9 PM,8
852599,Before 9 AM,12
852623,Before 9 AM,15
852627,11 AM - before 2 PM,5
852627,5 PM - before 9 PM,15
852627,Before 9 AM,10
852636,Before 9 AM,6
852651,11 AM - before 2 PM,20
852651,Before 9 AM,20
852693,2 PM - before 5 PM,3
852693,Before 9 AM,5
852694,Before 9 AM,15
852696,Before 9 AM,6
852780,5 PM - before 9 PM,4
852780,9 AM - before 11 AM,4
852780,Before 9 AM,3
852806,11 AM - before 2 PM,6
852806,2 PM - before 5 PM,1
852806,5 PM - before 9 PM,3
852907,11 AM - before 2 PM,6
852907,5 PM - before 9 PM,4
852908,Before 9 AM,10
853002,Before 9 AM,4
853017,Before 9 AM,30
853481,11 AM - before 2 PM,5
853481,5 PM - before 9 PM,15
853481,Before 9 AM,5
853555,5 PM - before 9 PM,6
853555,Before 9 AM,2
853722,Before 9 AM,4
853765,5 PM - before 9 PM,4
853766,5 PM - before 9 PM,3
853766,9 AM - before 11 AM,2
853808,2 PM - before 5 PM,3
853808,5 PM - before 9 PM,3
853810,5 PM - before 9 PM,4
853862,5 PM - before 9 PM,4
853864,5 PM - before 9 PM,6
854077,5 PM - before 9 PM,4
854077,9 PM or later,1
854128,2 PM - before 5 PM,2
854128,9 AM - before 11 AM,2
854158,5 PM - before 9 PM,3
854158,9 AM - before 11 AM,3
854383,Before 9 AM,10
854586,5 PM - before 9 PM,4
854666,11 AM - before 2 PM,12
854666,5 PM - before 9 PM,10
854666,Before 9 AM,10
854731,Before 9 AM,12
854834,11 AM - before 2 PM,10
854834,Before 9 AM,30
854855,5 PM - before 9 PM,3
854855,9 AM - before 11 AM,1
854860,Before 9 AM,6
854861,11 AM - before 2 PM,2
854861,5 PM - before 9 PM,4
854861,9 PM or later,2
854872,11 AM - before 2 PM,3
854872,5 PM - before 9 PM,1
854872,Before 9 AM,2
854882,Before 9 AM,30
854954,Before 9 AM,5
854955,9 AM - before 11 AM,2
854955,Before 9 AM,6
855074,Before 9 AM,25
855187,5 PM - before 9 PM,6
855187,Before 9 AM,6
855203,Before 9 AM,20
855212,2 PM - before 5 PM,2
855212,5 PM - before 9 PM,3
855259,Before 9 AM,30
856059,Before 9 AM,5
856130,Before 9 AM,8
856188,11 AM - before 2 PM,4
856188,Before 9 AM,4
856198,9 AM - before 11 AM,6
856198,Before 9 AM,10
856200,5 PM - before 9 PM,5
856200,9 AM - before 11 AM,5
856609,9 AM - before 11 AM,8
857053,Before 9 AM,6
857243,Before 9 AM,30
857383,9 AM - before 11 AM,3
857383,9 PM or later,5
857426,11 AM - before 2 PM,4
857426,Before 9 AM,6
857563,Before 9 AM,20
857939,5 PM - before 9 PM,2
857939,Before 9 AM,1
857940,2 PM - before 5 PM,2
857940,Before 9 AM,2
857951,9 AM - before 11 AM,3
857951,Before 9 AM,2
858028,Before 9 AM,30
859707,9 AM - before 11 AM,8
860675,5 PM - before 9 PM,4
860708,Before 9 AM,10
860742,Before 9 AM,3
861736,5 PM - before 9 PM,8
862137,Before 9 AM,30
862458,5 PM - before 9 PM,5
862458,Before 9 AM,5
863754,5 PM - before 9 PM,5
863754,Before 9 AM,10
